"PRINCIPIO ACTIVO","PRESENTACION","PRODUCTO","LABORATORIO","FAMILIA","FORMA"
"acenocumarol","4 mg comp.x 20","FORTONOL","Microsules Arg.","Anticoagulante","Comprimidos/Pastillas/Tabletas/Grageas"
"acenocumarol","4 mg comp.x 20","ACENOCOUMAROL ROSPAW","Rospaw","Anticoagulante","Comprimidos/Pastillas/Tabletas/Grageas"
"acenocumarol","4 mg comp.x 30","AZECAR","BagÂ¢","Anticoagulante","Comprimidos/Pastillas/Tabletas/Grageas"
"acenocumarol","1 mg comp.x 20","SINTROM","Siegfried","Anticoagulante","Comprimidos/Pastillas/Tabletas/Grageas"
"acenocumarol","4 mg comp.x 20","SINTROM","Siegfried","Anticoagulante","Comprimidos/Pastillas/Tabletas/Grageas"
"acetazolamida","250 mg comp.x 20","ACETA","Novoplos","Antiglaucomatoso","Comprimidos/Pastillas/Tabletas/Grageas"
"acetazolamida","250 mg comp.x 50","DIABO","Max Vision","Antiglaucomatoso","Comprimidos/Pastillas/Tabletas/Grageas"
"acetilcisteina","600 mg comp.dispers.x 10","DOSOMUK","Beta","Mucolitico","Comprimidos/Pastillas/Tabletas/Grageas"
"acetilcisteina","600 mg comp.disp.x 10","PULMONIX MUK 600","Biotenk","Mucolitico","Comprimidos/Pastillas/Tabletas/Grageas"
"acetilcisteina","600 mg sob.x 10","BISTRONFOR","ISA","Mucolitico","Granulados"
"acetilcisteina","600 mg sob.x 20","TEMPOTANE","Lazar","Mucolitico","Granulados"
"acetilcisteina","600 mg sob.x 20","TOFLUX","Casasco","Mucolitico","Jarabe/SuspensiÂ¢n oral/Polvo para uso oral"
"acetilcisteina","600 mg comp.eferv.x 24","BRONCOLIUM","Temis-LostalÂ¢","Mucolitico","Comprimidos/Pastillas/Tabletas/Grageas"
"acetilcisteina","600 mg sob.x 10","CISTEFORT","Fortbenton","Mucolitico","Jarabe/SuspensiÂ¢n oral/Polvo para uso oral"
"acetilcisteina","600 mg sob.x 10","TEMPOTANE","Lazar","Mucolitico","Granulados"
"acetilcisteina","600 mg comp.dispers.x 10","QURA MUK","Laboratorios Be","Mucolitico","Comprimidos/Pastillas/Tabletas/Grageas"
"acetilcisteina","600 mg sob.x 10","BALIMUC","Baliarda","Mucolitico","Granulados"
"acetilcisteina","600 mg sob.x 10","TOFLUX","Casasco","Mucolitico","Jarabe/SuspensiÂ¢n oral/Polvo para uso oral"
"acetilcisteina","600 mg tab.eferv.x 12","ACEMUK","Siegfried","Mucolitico","Comprimidos/Pastillas/Tabletas/Grageas"
"acetilcisteina","jbe.x 100 ml","ACEMUK JARABE","Siegfried","Mucolitico","Jarabe/SuspensiÂ¢n oral/Polvo para uso oral"
"acetilcisteina","200 mg tab.eferv.x 10","ACEMUK","Siegfried","Mucolitico","Comprimidos/Pastillas/Tabletas/Grageas"
"acetilcisteina","200 mg sob.x 20","TOFLUX","Casasco","Mucolitico","Jarabe/SuspensiÂ¢n oral/Polvo para uso oral"
"acetilcisteina","600 mg sob.x 10","DENVERMUC 600","Denver Farma","Mucolitico","Jarabe/SuspensiÂ¢n oral/Polvo para uso oral"
"acetilcisteina","600 mg tab.eferv.x 5","ACEMUK","Siegfried","Mucolitico","Comprimidos/Pastillas/Tabletas/Grageas"
"acetilcisteina","600 mg comp.eferv.x 10","BRONCOLIUM","Temis-LostalÂ¢","Mucolitico","Comprimidos/Pastillas/Tabletas/Grageas"
"acetilcisteina","600 mg comp.dispers.x 20","QURA MUK","Laboratorios Be","Mucolitico","Comprimidos/Pastillas/Tabletas/Grageas"
"acetilcisteina","600 mg tab.eferv.x 20","ACEMUK","Siegfried","Mucolitico","Comprimidos/Pastillas/Tabletas/Grageas"
"acetilcisteina","600 mg sob.x 20","CISTEFORT","Fortbenton","Mucolitico","Jarabe/SuspensiÂ¢n oral/Polvo para uso oral"
"acetilcisteina","jbe.x 100 ml","TEMPOTANE","Lazar","Mucolitico","Jarabe/SuspensiÂ¢n oral/Polvo para uso oral"
"acetilcisteina","600 mg comp.eferv.x 12","BRONCOLIUM","Temis-LostalÂ¢","Mucolitico","Comprimidos/Pastillas/Tabletas/Grageas"
"acetilcisteina","600 mg comp.eferv.x 10","ACETILCISTEINA TEVA","Teva Argentina","Mucolitico","Comprimidos/Pastillas/Tabletas/Grageas"
"acetilcisteina","600 mg comp.dispers.x 20","DOSOMUK","Beta","Mucolitico","Comprimidos/Pastillas/Tabletas/Grageas"
"acetilcisteina","jbe.x 100 ml","QURA MUK","Laboratorios Be","Mucolitico","Jarabe/SuspensiÂ¢n oral/Polvo para uso oral"
"acetilcisteina","600 mg tab.eferv.x 10","ACEMUK","Siegfried","Mucolitico","Comprimidos/Pastillas/Tabletas/Grageas"
"acetilcisteina","jbe.x 100 ml","TOFLUX JARABE","Casasco","Mucolitico","Jarabe/SuspensiÂ¢n oral/Polvo para uso oral"
"acetilsalicilico,ac.","100 mg blÂ¡st.x 25 x 30 u","ASPIRINA CARDIO VENT-3","Vent 3","Antiagregante plaquetario","Comprimidos/Pastillas/Tabletas/Grageas"
"acetilsalicilico,ac.","comp.cub.enterica x 20","ASPIRINA PREVENT","Bayer (PH)","Antiagregante plaquetario","Comprimidos/Pastillas/Tabletas/Grageas"
"acetilsalicilico,ac.","comp.cub.enterica x 50","ASPIRINA PREVENT","Bayer (PH)","Antiagregante plaquetario","Comprimidos/Pastillas/Tabletas/Grageas"
"acetilsalicilico,ac.","100 mg comp.x 50","NUEVAPINA CARDIO","Savant Generic","Antiagregante plaquetario","Comprimidos/Pastillas/Tabletas/Grageas"
"aciclovir","400 mg comp. x 40","XICLOVIR","Lazar","Antiviral","Comprimidos/Pastillas/Tabletas/Grageas"
"aciclovir","400 mg comp.x 40","POVIRAL","Roemmers","Antiviral","Comprimidos/Pastillas/Tabletas/Grageas"
"aciclovir","400 mg comp. x 20","XICLOVIR","Lazar","Antiviral","Comprimidos/Pastillas/Tabletas/Grageas"
"aciclovir","200 mg comp.rec.x 30","XICLOVIR","Lazar","Antiviral","Comprimidos/Pastillas/Tabletas/Grageas"
"aciclovir","comp.x 20","XICLOVIR 800","Lazar","Antiviral","Comprimidos/Pastillas/Tabletas/Grageas"
"aciclovir","800 mg comp.x 40","POVIRAL","Roemmers","Antiviral","Comprimidos/Pastillas/Tabletas/Grageas"
"aciclovir","400 mg comp.x 20","POVIRAL","Roemmers","Antiviral","Comprimidos/Pastillas/Tabletas/Grageas"
"aciclovir","comp.rec.x 20","LISOVYR 400","Elea","Antiviral","Comprimidos/Pastillas/Tabletas/Grageas"
"aciclovir","800 mg comp.x 40","LAFEVIR","Lafedar","Antiviral","Comprimidos/Pastillas/Tabletas/Grageas"
"aciclovir","comp.rec.x 40","LISOVYR 800","Elea","Antiviral","Comprimidos/Pastillas/Tabletas/Grageas"
"aciclovir","800 mg comp.x 20","POVIRAL","Roemmers","Antiviral","Comprimidos/Pastillas/Tabletas/Grageas"
"aciclovir","800 mg comp.x 20","LAFEVIR","Lafedar","Antiviral","Comprimidos/Pastillas/Tabletas/Grageas"
"aciclovir","cÂ ps.x 20","LISOVYR","Elea","Antiviral","CÂ psulas/Softgels"
"aciclovir","comp.rec.x 20","LISOVYR 800","Elea","Antiviral","Comprimidos/Pastillas/Tabletas/Grageas"
"aciclovir","8% susp.fco.x 120 ml","XICLOVIR","Lazar","Antiviral","Jarabe/SuspensiÂ¢n oral/Polvo para uso oral"
"aciclovir","fco.x 120 ml","LISOVYR SUSPENSION 8%","Elea","Antiviral","Jarabe/SuspensiÂ¢n oral/Polvo para uso oral"
"aciclovir","400 mg comp.x 20","ACERPES","Siegfried","Antiviral","Comprimidos/Pastillas/Tabletas/Grageas"
"aciclovir","comp.x 40","XICLOVIR 800","Lazar","Antiviral","Comprimidos/Pastillas/Tabletas/Grageas"
"aciclovir","susp.x 125 ml","POVIRAL","Roemmers","Antiviral","Jarabe/SuspensiÂ¢n oral/Polvo para uso oral"
"aciclovir","800 mg comp.x 20","ACERPES","Siegfried","Antiviral","Comprimidos/Pastillas/Tabletas/Grageas"
"acitretina","25 mg cÂ ps.x 30","NEOTIGASON","Teva Argentina","Antipsoriasico","CÂ psulas/Softgels"
"acitretina","10 mg cÂ ps.x 30","NEOTIGASON","Teva Argentina","Antipsoriasico","CÂ psulas/Softgels"
"alendronato","70 mg comp.x 4","FINDECLIN","Finadiet","Antiosteoporotico","Comprimidos/Pastillas/Tabletas/Grageas"
"alendronato","70 mg comp.x 4","SILIDRAL 70","Ariston","Antiosteoporotico","Comprimidos/Pastillas/Tabletas/Grageas"
"alendronato","70 mg comp.x 8","ACTIMAX","Siegfried","Antiosteoporotico","Comprimidos/Pastillas/Tabletas/Grageas"
"alendronato","comp.x 4","LENDRONAL","Lafedar","Antiosteoporotico","Comprimidos/Pastillas/Tabletas/Grageas"
"alendronato","70 mg comp.x 4","ACTIMAX","Siegfried","Antiosteoporotico","Comprimidos/Pastillas/Tabletas/Grageas"
"alendronato","70 mg comp.x 4","REGENESIS","Elea","Antiosteoporotico","Comprimidos/Pastillas/Tabletas/Grageas"
"alendronato","70 mg comp.x 8","ALENATO","Siegfried","Antiosteoporotico","Comprimidos/Pastillas/Tabletas/Grageas"
"alendronato","70 mg comp.x 4","ALENATO","Siegfried","Antiosteoporotico","Comprimidos/Pastillas/Tabletas/Grageas"
"alendronato","70 mg comp.x 4","BREK","Trb-Pharma","Antiosteoporotico","Comprimidos/Pastillas/Tabletas/Grageas"
"alendronato","70 mg comp.x 4","MARVIL","Ariston","Antiosteoporotico","Comprimidos/Pastillas/Tabletas/Grageas"
"alendronato","70 mg comp.x 4","ARENDAL","Teva Argentina","Antiosteoporotico","Comprimidos/Pastillas/Tabletas/Grageas"
"alendronato","70 mg comp.x 8","FINDECLIN","Finadiet","Antiosteoporotico","Comprimidos/Pastillas/Tabletas/Grageas"
"alendronato","70 mg comp.x 4","OSTEOFENE","Rontag","Antiosteoporotico","Comprimidos/Pastillas/Tabletas/Grageas"
"allopurinol","300 mg comp.lib.prol.x50","ALLOPURINOL CRAVERI RETARD","Roemmers","Antigotoso","CÂ ps./Comp. de LiberaciÂ¢n Controlada"
"allopurinol","300 mg comp.x 60","ALLOPURINOL 300 CRAVERI","Roemmers","Antigotoso","Comprimidos/Pastillas/Tabletas/Grageas"
"allopurinol","100 mg comp.x 60","ALLOPURINOL GADOR","Gador","Antigotoso","Comprimidos/Pastillas/Tabletas/Grageas"
"allopurinol","300 mg comp.x 20","PURITENK","Biotenk","Antigotoso","Comprimidos/Pastillas/Tabletas/Grageas"
"allopurinol","300 mg comp.x 40","ALLOPURINOL 300 CRAVERI","Roemmers","Antigotoso","Comprimidos/Pastillas/Tabletas/Grageas"
"allopurinol","cÂ ps.c/microgranulosx 50","COLPURIL A RETARD","Siegfried","Hipouricemiante","CÂ ps./Comp. de LiberaciÂ¢n Controlada"
"allopurinol","300 mg comp.lib.prol.x20","ALLOPURINOL CRAVERI RETARD","Roemmers","Antigotoso","CÂ ps./Comp. de LiberaciÂ¢n Controlada"
"allopurinol","300 mg comp.x 30","ALLOPURINOL 300 CRAVERI","Roemmers","Antigotoso","Comprimidos/Pastillas/Tabletas/Grageas"
"allopurinol","300 mg comp.x 30","ALLOPURINOL HOUDE","Ariston","Antigotoso","Comprimidos/Pastillas/Tabletas/Grageas"
"allopurinol","100 mg comp.x 30","ALLOPURINOL GADOR","Gador","Antigotoso","Comprimidos/Pastillas/Tabletas/Grageas"
"allopurinol","300 mg comp.x 20","ALLOPURINOL 300 CRAVERI","Roemmers","Antigotoso","Comprimidos/Pastillas/Tabletas/Grageas"
"allopurinol","100 mg comp.x 60","ALLOPURINOL 100 CRAVERI","Roemmers","Antigotoso","Comprimidos/Pastillas/Tabletas/Grageas"
"allopurinol","comp.x 30","ALLOPURINOL HEXAL 300","Siegfried","Antigotoso","Comprimidos/Pastillas/Tabletas/Grageas"
"allopurinol","100 mg comp.x 30","ALLOPURINOL 100 CRAVERI","Roemmers","Antigotoso","Comprimidos/Pastillas/Tabletas/Grageas"
"allopurinol","300 mg comp.x 30","ALFADIMAN","Lazar","Antigotoso","Comprimidos/Pastillas/Tabletas/Grageas"
"allopurinol","300 mg comp.x 60","ALLOPURINOL GADOR","Gador","Antigotoso","Comprimidos/Pastillas/Tabletas/Grageas"
"allopurinol","comp.x 20","ALLOPURINOL FABRA 300","Fabra","Antigotoso","Comprimidos/Pastillas/Tabletas/Grageas"
"allopurinol","300 mg comp.x 30","ALLOPURINOL GADOR","Gador","Antigotoso","Comprimidos/Pastillas/Tabletas/Grageas"
"allopurinol","comp.x 30","ALLOPURINOL FABRA 300","Fabra","Antigotoso","Comprimidos/Pastillas/Tabletas/Grageas"
"allopurinol+colchicina","cÂ ps.x 40","ARTREX RETARD","Ariston","Antigotoso","CÂ ps./Comp. de LiberaciÂ¢n Controlada"
"allopurinol+colchicina","cÂ ps.lib.prol.x 50","COLPURIL 300 RETARD","Siegfried","Antigotoso","CÂ ps./Comp. de LiberaciÂ¢n Controlada"
"allopurinol+colchicina","cÂ ps.lib.prol.x 20","COLPURIL 300 RETARD","Siegfried","Antigotoso","CÂ ps./Comp. de LiberaciÂ¢n Controlada"
"allopurinol+colchicina","100 mg comp.rec.x 20","COLPURIL","Siegfried","Antigotoso","Comprimidos/Pastillas/Tabletas/Grageas"
"allopurinol+colchicina","cÂ ps.x 20","ARTREX RETARD","Ariston","Antigotoso","CÂ ps./Comp. de LiberaciÂ¢n Controlada"
"alprazolam","0.5 mg comp.x 30","ALPRAZOL","Casasco","Ansiolitico","Comprimidos/Pastillas/Tabletas/Grageas"
"alprazolam","1 mg comp.rec.x 30","ALPRIM","Biotechno Pharm","Ansiolitico","Comprimidos/Pastillas/Tabletas/Grageas"
"alprazolam","0.50 mg comp.x 30","AMZIAX","Soubeiran Chobe","Ansiolitico","Comprimidos/Pastillas/Tabletas/Grageas"
"alprazolam","0.5 mg comp.x 20","BESTROL","Cetus","Ansiolitico","Comprimidos/Pastillas/Tabletas/Grageas"
"alprazolam","0.25 mg comp.x 30","NIVELAN-N","Lafedar","Ansiolitico","Comprimidos/Pastillas/Tabletas/Grageas"
"alprazolam","0.50 mg comp.x 30","ROSPAZ","Rospaw","Ansiolitico","Comprimidos/Pastillas/Tabletas/Grageas"
"alprazolam","0.25 mg comp.x 30","ALPLAX","Gador","Ansiolitico","Comprimidos/Pastillas/Tabletas/Grageas"
"alprazolam","1 mg comp.x 30","ALPLAX","Gador","Ansiolitico","Comprimidos/Pastillas/Tabletas/Grageas"
"alprazolam","0.5 mg comp.x 30","TRANQUINAL 0.5","BagÂ¢","Ansiolitico","Comprimidos/Pastillas/Tabletas/Grageas"
"alprazolam","1 mg comp.x 30","XANAX","Aspen Pharma","Ansiolitico","Comprimidos/Pastillas/Tabletas/Grageas"
"alprazolam","1 mg comp.x 30","EMERAL","Siegfried","Ansiolitico","Comprimidos/Pastillas/Tabletas/Grageas"
"alprazolam","0.50 mg comp.x 30","ALPLAX","Gador","Ansiolitico","Comprimidos/Pastillas/Tabletas/Grageas"
"alprazolam","0.5 mg comp.x 30","BECEDE 0.5","Vannier","Ansiolitico","Comprimidos/Pastillas/Tabletas/Grageas"
"alprazolam","0.25 mg comp.ran.x 30","TENSIUM","Baliarda","Ansiolitico","Comprimidos/Pastillas/Tabletas/Grageas"
"alprazolam","0.5 mg comp.x 30","EMERAL","Siegfried","Ansiolitico","Comprimidos/Pastillas/Tabletas/Grageas"
"alprazolam","0.50 mg comp.x 30","XANAX","Aspen Pharma","Ansiolitico","Comprimidos/Pastillas/Tabletas/Grageas"
"alprazolam","0.5 mg comp.x 30","PRINOX 0.5 MG","Eurofarma","Ansiolitico","Comprimidos/Pastillas/Tabletas/Grageas"
"alprazolam","1 mg comp.ran.x 30","NOVAZOLAM 1 MG","Monserrat","Ansiolitico","Comprimidos/Pastillas/Tabletas/Grageas"
"alprazolam","0.5 mg comp.subl.x 30","TRANQUINAL 0.5","BagÂ¢","Ansiolitico","Comprimidos/Pastillas/Tabletas/Grageas"
"alprazolam","1 mg comp.x 10","AMZIAX","Soubeiran Chobe","Ansiolitico","Comprimidos/Pastillas/Tabletas/Grageas"
"alprazolam","1 mg comp.x 30","ALPRAZOLAM MICROSULES","Microsules Arg.","Ansiolitico","Comprimidos/Pastillas/Tabletas/Grageas"
"alprazolam","1 mg comp.x 30","PRINOX 1 MG","Eurofarma","Ansiolitico","Comprimidos/Pastillas/Tabletas/Grageas"
"alprazolam","0.50 mg comp.ran.x 30","NOVAZOLAM 0.50 MG","Monserrat","Ansiolitico","Comprimidos/Pastillas/Tabletas/Grageas"
"alprazolam","1 mg comp.x 30","TRANQUINAL 1","BagÂ¢","Ansiolitico","Comprimidos/Pastillas/Tabletas/Grageas"
"alprazolam","1 mg comp.ran.x 30","TENSIUM","Baliarda","Ansiolitico","Comprimidos/Pastillas/Tabletas/Grageas"
"alprazolam","1 mg comp.x 30","NIVELAN-N","Lafedar","Ansiolitico","Comprimidos/Pastillas/Tabletas/Grageas"
"alprazolam","0.50 mg comp.x 10","AMZIAX","Soubeiran Chobe","Ansiolitico","Comprimidos/Pastillas/Tabletas/Grageas"
"alprazolam","0.50 mg comp.x 30","ALPRAZOLAM MICROSULES","Microsules Arg.","Ansiolitico","Comprimidos/Pastillas/Tabletas/Grageas"
"alprazolam","1 mg comp.x 30","ALPRAZOL","Casasco","Ansiolitico","Comprimidos/Pastillas/Tabletas/Grageas"
"alprazolam","0.5 mg comp.rec.x 30","ALPRIM","Biotechno Pharm","Ansiolitico","Comprimidos/Pastillas/Tabletas/Grageas"
"alprazolam","0.5 mg comp.ran.x 30","TENSIUM","Baliarda","Ansiolitico","Comprimidos/Pastillas/Tabletas/Grageas"
"alprazolam","1 mg comp.x 30","AMZIAX","Soubeiran Chobe","Ansiolitico","Comprimidos/Pastillas/Tabletas/Grageas"
"alprazolam","1 mg comp.x 20","BESTROL","Cetus","Ansiolitico","Comprimidos/Pastillas/Tabletas/Grageas"
"alprazolam","0.5 mg comp.x 30","NIVELAN-N","Lafedar","Ansiolitico","Comprimidos/Pastillas/Tabletas/Grageas"
"alprazolam","1 mg comp.x 30","ROSPAZ","Rospaw","Ansiolitico","Comprimidos/Pastillas/Tabletas/Grageas"
"alprazolam","1 mg comp.x 30","BECEDE 1","Vannier","Ansiolitico","Comprimidos/Pastillas/Tabletas/Grageas"
"aluminio,hidr.+magnesio,hidr.","lÂ¡q.x 160 ml","MYLANTA SIMPLE","Elea","Antiacido","Jarabe/SuspensiÂ¢n oral/Polvo para uso oral"
"amantadina","100 mg comp.x 30","VIROSOL","Elea","Antiparkinsoniano Antiviral","Comprimidos/Pastillas/Tabletas/Grageas"
"amantadina","100 mg comp.x 10","VIROSOL","Elea","Antiparkinsoniano Antiviral","Comprimidos/Pastillas/Tabletas/Grageas"
"amantadina","100 mg comp.x 60","AMPAKINE","Rontag","Antiparkinsoniano Antiviral","Comprimidos/Pastillas/Tabletas/Grageas"
"amantadina","100 mg comp.x 60","ACTISON","Eurofarma","Antiparkinsoniano Antiviral","Comprimidos/Pastillas/Tabletas/Grageas"
"amantadina","100 mg comp.x 30","AMPAKINE","Rontag","Antiparkinsoniano Antiviral","Comprimidos/Pastillas/Tabletas/Grageas"
"amantadina","100 mg comp.x 30","ACTISON","Eurofarma","Antiparkinsoniano Antiviral","Comprimidos/Pastillas/Tabletas/Grageas"
"ambroxol+paracetamol+asoc.","comp.x 10","LETONDAL","Finadiet","Analgesico Descongestivo","Comprimidos/Pastillas/Tabletas/Grageas"
"amiodarona","comp.x 50","ATLANSIL","Roemmers","Antiarritmico","Comprimidos/Pastillas/Tabletas/Grageas"
"amiodarona","200 mg comp.x 50","RITMONIL 200","Lepetit","Antiarritmico","Comprimidos/Pastillas/Tabletas/Grageas"
"amiodarona","comp.x 20","ATLANSIL","Roemmers","Antiarritmico","Comprimidos/Pastillas/Tabletas/Grageas"
"amiodarona","200 mg comp.x 40","MIODARONA","Lafedar","Antiarritmico","Comprimidos/Pastillas/Tabletas/Grageas"
"amiodarona","200 mg comp.x 20","MIODARONA","Lafedar","Antiarritmico","Comprimidos/Pastillas/Tabletas/Grageas"
"amiodarona","200 mg comp.x 20","RITMONIL 200","Lepetit","Antiarritmico","Comprimidos/Pastillas/Tabletas/Grageas"
"amlodipina","10 mg comp.x 30","BRANCILINA","Fecofar","Antianginoso Antihipertensivo","Comprimidos/Pastillas/Tabletas/Grageas"
"amlodipina","5 mg comp.x 30","TERVALON","Lazar","Antianginoso Antihipertensivo","Comprimidos/Pastillas/Tabletas/Grageas"
"amlodipina","5 mg comp.x 30","ANEXA","Microsules Arg.","Antihipertensivo","Comprimidos/Pastillas/Tabletas/Grageas"
"amlodipina","10 mg comp.x 30","INDALTEN","Montpellier","Antianginoso Antihipertensivo","Comprimidos/Pastillas/Tabletas/Grageas"
"amlodipina","10 mg comp.x 60","TERLOC","Siegfried","Antianginoso Antihipertensivo","Comprimidos/Pastillas/Tabletas/Grageas"
"amlodipina","10 mg comp.x 30","AMLOPAW","Rospaw","Antihipertensivo","Comprimidos/Pastillas/Tabletas/Grageas"
"amlodipina","10 mg comp.x 30","AMLOC ODT","Aspen Pharma","Antianginoso Antihipertensivo","Comprimidos/Pastillas/Tabletas/Grageas"
"amlodipina","10 mg comp.x 30","HIPERTENSAL","Finadiet","Antianginoso Antihipertensivo","Comprimidos/Pastillas/Tabletas/Grageas"
"amlodipina","5 mg comp.x 30","ARTERIOSAN","Laboratorios Be","Antianginoso Antihipertensivo","Comprimidos/Pastillas/Tabletas/Grageas"
"amlodipina","comp.ran.x 60","AMLODICORD 5","Gâminis Farmacâ","Antianginoso Antihipertensivo","Comprimidos/Pastillas/Tabletas/Grageas"
"amlodipina","5 mg tab.x 30","AMLOC","Aspen Pharma","Antianginoso Antihipertensivo","Comprimidos/Pastillas/Tabletas/Grageas"
"amlodipina","5 mg comp.x 30","INDALTEN","Montpellier","Antianginoso Antihipertensivo","Comprimidos/Pastillas/Tabletas/Grageas"
"amlodipina","5 mg comp.x 60","TERLOC","Siegfried","Antianginoso Antihipertensivo","Comprimidos/Pastillas/Tabletas/Grageas"
"amlodipina","10 mg comp.x 10","AMLOPAW","Rospaw","Antihipertensivo","Comprimidos/Pastillas/Tabletas/Grageas"
"amlodipina","5 mg comp.x 30","AMLOC ODT","Aspen Pharma","Antianginoso Antihipertensivo","Comprimidos/Pastillas/Tabletas/Grageas"
"amlodipina","10 mg tab.x 60","AMLOC","Aspen Pharma","Antianginoso Antihipertensivo","Comprimidos/Pastillas/Tabletas/Grageas"
"amlodipina","5 mg comp.x 30","HIPERTENSAL","Finadiet","Antianginoso Antihipertensivo","Comprimidos/Pastillas/Tabletas/Grageas"
"amlodipina","10 mg comp.x 30","ZUNDIC","Nolter","Antianginoso Antihipertensivo","Comprimidos/Pastillas/Tabletas/Grageas"
"amlodipina","10 mg comp.ran.x 30","CARDIVAS","Sidus","Antianginoso Antihipertensivo","Comprimidos/Pastillas/Tabletas/Grageas"
"amlodipina","comp.ran.x 30","AMLODICORD 5","Gâminis Farmacâ","Antianginoso Antihipertensivo","Comprimidos/Pastillas/Tabletas/Grageas"
"amlodipina","10 mg comp.rec.x 30","TENSIMED","Lepetit","Antianginoso Antihipertensivo","Comprimidos/Pastillas/Tabletas/Grageas"
"amlodipina","5 mg comp.x 60","AMLOPAW","Rospaw","Antihipertensivo","Comprimidos/Pastillas/Tabletas/Grageas"
"amlodipina","10 mg comp.ran.x 30","ILDUC","Baliarda","Antianginoso Antihipertensivo","Comprimidos/Pastillas/Tabletas/Grageas"
"amlodipina","10 mg comp.x 30","AMLODIPINA VANNIER","Vannier","Antihipertensivo","Comprimidos/Pastillas/Tabletas/Grageas"
"amlodipina","5 mg tab.x 60","AMLOC","Aspen Pharma","Antianginoso Antihipertensivo","Comprimidos/Pastillas/Tabletas/Grageas"
"amlodipina","5 mg comp.x 30","ZUNDIC","Nolter","Antianginoso Antihipertensivo","Comprimidos/Pastillas/Tabletas/Grageas"
"amlodipina","10 mg comp.x 28","AMZE","Richmond","Antianginoso Antihipertensivo","Comprimidos/Pastillas/Tabletas/Grageas"
"amlodipina","10 mg comp.x 60","CALPRES","Temis-LostalÂ¢","Antianginoso Antihipertensivo","Comprimidos/Pastillas/Tabletas/Grageas"
"amlodipina","5 mg comp.ran.x 30","CARDIVAS","Sidus","Antianginoso Antihipertensivo","Comprimidos/Pastillas/Tabletas/Grageas"
"amlodipina","10 mg comp.x 30","OTERAMINA","Savant Generic","Antianginoso Antihipertensivo","Comprimidos/Pastillas/Tabletas/Grageas"
"amlodipina","5 mg comp.rec.x 30","TENSIMED","Lepetit","Antianginoso Antihipertensivo","Comprimidos/Pastillas/Tabletas/Grageas"
"amlodipina","10 mg comp.x 30","PELMEC","Casasco","Antianginoso Antihipertensivo","Comprimidos/Pastillas/Tabletas/Grageas"
"amlodipina","10 mg comp.x 30","TERLOC","Siegfried","Antianginoso Antihipertensivo","Comprimidos/Pastillas/Tabletas/Grageas"
"amlodipina","5 mg comp.x 30","AMLOPAW","Rospaw","Antihipertensivo","Comprimidos/Pastillas/Tabletas/Grageas"
"amlodipina","5 mg comp.ran.x 30","ILDUC","Baliarda","Antianginoso Antihipertensivo","Comprimidos/Pastillas/Tabletas/Grageas"
"amlodipina","5 mg comp.x 30","AMLODIPINA VANNIER","Vannier","Antihipertensivo","Comprimidos/Pastillas/Tabletas/Grageas"
"amlodipina","10 mg comp.x 30","CARDIOREX 10","BagÂ¢","Antihipertensivo","Comprimidos/Pastillas/Tabletas/Grageas"
"amlodipina","10 mg comp.x 30","AMLOTENS","Klonal","Antianginoso Antihipertensivo","Comprimidos/Pastillas/Tabletas/Grageas"
"amlodipina","10 mg comp.ran.x 60","ILDUC","Baliarda","Antianginoso Antihipertensivo","Comprimidos/Pastillas/Tabletas/Grageas"
"amlodipina","5 mg comp.x 28","AMZE","Richmond","Antianginoso Antihipertensivo","Comprimidos/Pastillas/Tabletas/Grageas"
"amlodipina","10 mg comp.x 30","CALPRES","Temis-LostalÂ¢","Antianginoso Antihipertensivo","Comprimidos/Pastillas/Tabletas/Grageas"
"amlodipina","10 mg comp.x 30","COROVAL 10","Roemmers","Antihipertensivo","Comprimidos/Pastillas/Tabletas/Grageas"
"amlodipina","10 mg comp.x 30","MITOKOR","Biotenk","Antianginoso Antihipertensivo","Comprimidos/Pastillas/Tabletas/Grageas"
"amlodipina","5 mg comp.x 30","PELMEC","Casasco","Antianginoso Antihipertensivo","Comprimidos/Pastillas/Tabletas/Grageas"
"amlodipina","5 mg comp.x 30","TERLOC","Siegfried","Antianginoso Antihipertensivo","Comprimidos/Pastillas/Tabletas/Grageas"
"amlodipina","5 mg comp.x 10","AMLOPAW","Rospaw","Antihipertensivo","Comprimidos/Pastillas/Tabletas/Grageas"
"amlodipina","10 mg comp.x 30","VERODIPIN","Sant Gall","Antianginoso Antihipertensivo","Comprimidos/Pastillas/Tabletas/Grageas"
"amlodipina","5 mg comp.x 30","CARDIOREX 5","BagÂ¢","Antihipertensivo","Comprimidos/Pastillas/Tabletas/Grageas"
"amlodipina","10 mg comp.x 30","ABLOOM","Duncan","Antianginoso Antihipertensivo","Comprimidos/Pastillas/Tabletas/Grageas"
"amlodipina","10 mg comp.x 30","AMLODIPINA RICHET","Richet","Antianginoso Antihipertensivo","Comprimidos/Pastillas/Tabletas/Grageas"
"amlodipina","5 mg comp.x 30","AMLOTENS","Klonal","Antianginoso Antihipertensivo","Comprimidos/Pastillas/Tabletas/Grageas"
"amlodipina","5 mg comp.ran.x 60","ILDUC","Baliarda","Antianginoso Antihipertensivo","Comprimidos/Pastillas/Tabletas/Grageas"
"amlodipina","5 mg comp.x 60","CALPRES","Temis-LostalÂ¢","Antianginoso Antihipertensivo","Comprimidos/Pastillas/Tabletas/Grageas"
"amlodipina","5 mg comp.x 30","COROVAL 5","Roemmers","Antihipertensivo","Comprimidos/Pastillas/Tabletas/Grageas"
"amlodipina","5 mg tab.x 20","AMLOC","Aspen Pharma","Antianginoso Antihipertensivo","Comprimidos/Pastillas/Tabletas/Grageas"
"amlodipina","10 mg comp.x 30","AMLODISANE","Eczane","Antihipertensivo","Comprimidos/Pastillas/Tabletas/Grageas"
"amlodipina","10 mg comp.x 30","ANGIOFILINA","Fabra","Antihipertensivo","Comprimidos/Pastillas/Tabletas/Grageas"
"amlodipina","5 mg comp.x 30","MITOKOR","Biotenk","Antianginoso Antihipertensivo","Comprimidos/Pastillas/Tabletas/Grageas"
"amlodipina","10 mg comp.x 60","PELMEC","Casasco","Antianginoso Antihipertensivo","Comprimidos/Pastillas/Tabletas/Grageas"
"amlodipina","comp.ran.x 60","AMLODICORD 10","Gâminis Farmacâ","Antianginoso Antihipertensivo","Comprimidos/Pastillas/Tabletas/Grageas"
"amlodipina","5 mg comp.x 30","BRANCILINA","Fecofar","Antianginoso Antihipertensivo","Comprimidos/Pastillas/Tabletas/Grageas"
"amlodipina","5 mg comp.x 30","VERODIPIN","Sant Gall","Antianginoso Antihipertensivo","Comprimidos/Pastillas/Tabletas/Grageas"
"amlodipina","10 mg comp.x 30","TERVALON","Lazar","Antianginoso Antihipertensivo","Comprimidos/Pastillas/Tabletas/Grageas"
"amlodipina","10 mg comp.x 30","ANEXA","Microsules Arg.","Antihipertensivo","Comprimidos/Pastillas/Tabletas/Grageas"
"amlodipina","5 mg comp.x 30","AMLODIPINA RICHET","Richet","Antianginoso Antihipertensivo","Comprimidos/Pastillas/Tabletas/Grageas"
"amlodipina","10 mg comp.x 50","AMLOPAW","Rospaw","Antihipertensivo","Comprimidos/Pastillas/Tabletas/Grageas"
"amlodipina","5 mg comp.x 30","CALPRES","Temis-LostalÂ¢","Antianginoso Antihipertensivo","Comprimidos/Pastillas/Tabletas/Grageas"
"amlodipina","5 mg comp.x 30","AMLODISANE","Eczane","Antihipertensivo","Comprimidos/Pastillas/Tabletas/Grageas"
"amlodipina","5 mg comp.x 30","ANGIOFILINA","Fabra","Antihipertensivo","Comprimidos/Pastillas/Tabletas/Grageas"
"amlodipina","5 mg comp.x 60","PELMEC","Casasco","Antianginoso Antihipertensivo","Comprimidos/Pastillas/Tabletas/Grageas"
"amlodipina","10 mg comp.x 30","ARTERIOSAN","Laboratorios Be","Antianginoso Antihipertensivo","Comprimidos/Pastillas/Tabletas/Grageas"
"amlodipina","comp.ran.x 30","AMLODICORD 10","Gâminis Farmacâ","Antianginoso Antihipertensivo","Comprimidos/Pastillas/Tabletas/Grageas"
"amlodipina","10 mg tab.x 30","AMLOC","Aspen Pharma","Antianginoso Antihipertensivo","Comprimidos/Pastillas/Tabletas/Grageas"
"amlodipina+losartan+hidroclorot.","comp.x 60 (30+30)","PELMEC MAX D","Casasco","Antihipertensivo","Comprimidos/Pastillas/Tabletas/Grageas"
"amlodipina+losartan,potasico","5/100 mg comp.rec.x 30","LOSACOR A","Roemmers","Antihipertensivo","Comprimidos/Pastillas/Tabletas/Grageas"
"amlodipina+losartan,potasico","5/100 mg cÂ ps.x 30","ILDUSARTAN","Baliarda","Antihipertensivo","CÂ psulas/Softgels"
"amlodipina+losartan,potasico","5/50 mg comp.x 30","PRISONIL A","Lepetit","Antihipertensivo","Comprimidos/Pastillas/Tabletas/Grageas"
"amlodipina+losartan,potasico","5/50 mg comp.x 30","ARTERIOSAN COMPUESTO","Laboratorios Be","Antihipertensivo","Comprimidos/Pastillas/Tabletas/Grageas"
"amlodipina+losartan,potasico","5/50 mg comp.rec.x 30","LOSACOR A","Roemmers","Antihipertensivo","Comprimidos/Pastillas/Tabletas/Grageas"
"amlodipina+losartan,potasico","5/50 mg cÂ ps.x 30","ILDUSARTAN","Baliarda","Antihipertensivo","CÂ psulas/Softgels"
"amlodipina+losartan,potasico","100/5 mg comp.x 30","FENSARTAN UNIMAX","Elea","Antihipertensivo","Comprimidos/Pastillas/Tabletas/Grageas"
"amlodipina+losartan,potasico","5/100 mg comp.x 60","PELMEC AT","Casasco","Antihipertensivo","Comprimidos/Pastillas/Tabletas/Grageas"
"amlodipina+losartan,potasico","5/100 mg comp.x 30","PELMEC AT","Casasco","Antihipertensivo","Comprimidos/Pastillas/Tabletas/Grageas"
"amlodipina+losartan,potasico","5/100 mg comp.x 60","PELMEC MAX","Casasco","Antihipertensivo","Comprimidos/Pastillas/Tabletas/Grageas"
"amlodipina+losartan,potasico","50/5 mg comp.x 30","FENSARTAN UNIMAX","Elea","Antihipertensivo","Comprimidos/Pastillas/Tabletas/Grageas"
"amlodipina+losartan,potasico","5/50 mg comp.x 60","PELMEC AT","Casasco","Antihipertensivo","Comprimidos/Pastillas/Tabletas/Grageas"
"amlodipina+losartan,potasico","5/100 mg comp.x 30","NITEN MAX 5/100","Teva Argentina","Antihipertensivo","Comprimidos/Pastillas/Tabletas/Grageas"
"amlodipina+losartan,potasico","5/50 mg comp.x 30","PELMEC AT","Casasco","Antihipertensivo","Comprimidos/Pastillas/Tabletas/Grageas"
"amlodipina+losartan,potasico","5/50 mg comp.x 60","PELMEC MAX","Casasco","Antihipertensivo","Comprimidos/Pastillas/Tabletas/Grageas"
"amlodipina+losartan,potasico","5/50 mg comp.x 30","NITEN MAX 5/50","Teva Argentina","Antihipertensivo","Comprimidos/Pastillas/Tabletas/Grageas"
"amlodipina+losartan,potasico","5/100 mg comp.x 60","PRISONIL A","Lepetit","Antihipertensivo","Comprimidos/Pastillas/Tabletas/Grageas"
"amlodipina+losartan,potasico","5/50 mg comp.rec.x 60","LOSACOR A","Roemmers","Antihipertensivo","Comprimidos/Pastillas/Tabletas/Grageas"
"amlodipina+losartan,potasico","100/5 mg comp.rec.x 30","PRESIMAX A 100","BagÂ¢","Antihipertensivo","Comprimidos/Pastillas/Tabletas/Grageas"
"amlodipina+losartan,potasico","5/100 mg comp.rec.x 30","PRISONIL A","Lepetit","Antihipertensivo","Comprimidos/Pastillas/Tabletas/Grageas"
"amlodipina+losartan,potasico","5/100 mg comp.rec.x 60","LOSACOR A","Roemmers","Antihipertensivo","Comprimidos/Pastillas/Tabletas/Grageas"
"amlodipina+losartan,potasico","50/5 mg comp.rec.x 30","PRESIMAX A 50","BagÂ¢","Antihipertensivo","Comprimidos/Pastillas/Tabletas/Grageas"
"amlodipina+losartan,potasico","5/50 mg comp.x 60","PRISONIL A","Lepetit","Antihipertensivo","Comprimidos/Pastillas/Tabletas/Grageas"
"amlodipina+losartan,potasico","5/100 mg comp.x 30","ARTERIOSAN COMPUESTO","Laboratorios Be","Antihipertensivo","Comprimidos/Pastillas/Tabletas/Grageas"
"amoxicilina","500 mg comp.x 16","BIOLABSA 500","Labsa","Antibiotico","Comprimidos/Pastillas/Tabletas/Grageas"
"amoxicilina","875 mg comp.x 14","DARZITIL DUO","Fabra","Antibiotico","Comprimidos/Pastillas/Tabletas/Grageas"
"amoxicilina","500 mg comp.x 21","GRINSIL","Sidus","Antibiotico","Comprimidos/Pastillas/Tabletas/Grageas"
"amoxicilina","750 mg susp.x 120 ml","GRINSIL DUO","Sidus","Antibiotico","Jarabe/SuspensiÂ¢n oral/Polvo para uso oral"
"amoxicilina","250 mg susp.oral x 90 ml","AMOX-G","Klonal","Antibiotico","Jarabe/SuspensiÂ¢n oral/Polvo para uso oral"
"amoxicilina","500 mg susp.ext.x 105 ml","AMOXI 500 MAR","Mar","Antibiotico","Jarabe/SuspensiÂ¢n oral/Polvo para uso oral"
"amoxicilina","1000 mg comp.x 8","DARZITIL","Fabra","Antibiotico","Comprimidos/Pastillas/Tabletas/Grageas"
"amoxicilina","500 mg comp.x 16","AMOXICILINA FECOFAR","Fecofar","Antibiotico","Comprimidos/Pastillas/Tabletas/Grageas"
"amoxicilina","250 mg jbe.x 120 ml","TRIFAMOX 250","BagÂ¢","Antibiotico","Jarabe/SuspensiÂ¢n oral/Polvo para uso oral"
"amoxicilina","1000 mg comp.x 8","AMOXICILINA LAFEDAR","Lafedar","Antibiotico","Comprimidos/Pastillas/Tabletas/Grageas"
"amoxicilina","1 g comp.x 16","AMOXIDAL","Roemmers","Antibiotico","Comprimidos/Pastillas/Tabletas/Grageas"
"amoxicilina","500 mg jbe.x 60 ml","AMOXICILINA FECOFAR","Fecofar","Antibiotico","Jarabe/SuspensiÂ¢n oral/Polvo para uso oral"
"amoxicilina","500 mg comp.x 21","AMOX-G","Klonal","Antibiotico","Comprimidos/Pastillas/Tabletas/Grageas"
"amoxicilina","500 mg comp.x 16","GRINSIL","Sidus","Antibiotico","Comprimidos/Pastillas/Tabletas/Grageas"
"amoxicilina","500 mg comp.x 8","AMIXEN","Laboratorios Be","Antibiotico","Comprimidos/Pastillas/Tabletas/Grageas"
"amoxicilina","1 g comp.rec.x 8","NOBACTAM","Microsules Arg.","Antibiotico","Comprimidos/Pastillas/Tabletas/Grageas"
"amoxicilina","500 mg susp.ext.x 120 ml","AMOXICILINA LAFEDAR","Lafedar","Antibiotico","Jarabe/SuspensiÂ¢n oral/Polvo para uso oral"
"amoxicilina","500 mg comp.rec.x 16","AMOXIDAL","Roemmers","Antibiotico","Comprimidos/Pastillas/Tabletas/Grageas"
"amoxicilina","500 mg comp.x 8","GRINSIL","Sidus","Antibiotico","Comprimidos/Pastillas/Tabletas/Grageas"
"amoxicilina","500 mg jbe.x 90 ml","DARZITIL","Fabra","Antibiotico","Jarabe/SuspensiÂ¢n oral/Polvo para uso oral"
"amoxicilina","susp. x 100 ml","AMOXI DUO MAR","Mar","Antibiotico","Jarabe/SuspensiÂ¢n oral/Polvo para uso oral"
"amoxicilina","500 mg susp.x 90 ml","AMOXITRAL","Lepetit","Antibiotico","Jarabe/SuspensiÂ¢n oral/Polvo para uso oral"
"amoxicilina","comp.rec.x 14","AMIXEN DUO","Laboratorios Be","Antibiotico","Comprimidos/Pastillas/Tabletas/Grageas"
"amoxicilina","1000 mg comp.x 16","AMOX-G","Klonal","Antibiotico","Comprimidos/Pastillas/Tabletas/Grageas"
"amoxicilina","750 mg comp.x 16","AMIXEN","Laboratorios Be","Antibiotico","Comprimidos/Pastillas/Tabletas/Grageas"
"amoxicilina","pvo.p/susp.oral x 70 ml","AMOXOL DUO","CassarÂ","Antibiotico","Jarabe/SuspensiÂ¢n oral/Polvo para uso oral"
"amoxicilina","750 mg susp.x 70 ml","BIOLABSA DUO","Labsa","Antibiotico","Jarabe/SuspensiÂ¢n oral/Polvo para uso oral"
"amoxicilina","500 mg comp.x 8","AMOXICILINA FECOFAR","Fecofar","Antibiotico","Comprimidos/Pastillas/Tabletas/Grageas"
"amoxicilina","500 mg comp.ran.x 16","AMOXICILINA RICHET","Richet","Antibiotico","Comprimidos/Pastillas/Tabletas/Grageas"
"amoxicilina","comp.x 14","AMOXIDAL DUO","Roemmers","Antibiotico","Comprimidos/Pastillas/Tabletas/Grageas"
"amoxicilina","susp.x 70 ml","AMOXIDAL DUO","Roemmers","Antibiotico","Jarabe/SuspensiÂ¢n oral/Polvo para uso oral"
"amoxicilina","250 mg pvo.p/susp.x 90ml","AMOXICILINA RICHET","Richet","Antibiotico","Jarabe/SuspensiÂ¢n oral/Polvo para uso oral"
"amoxicilina","1000 mg comp.x 16","AMOXICILINA LAFEDAR","Lafedar","Antibiotico","Comprimidos/Pastillas/Tabletas/Grageas"
"amoxicilina","500 mg jbe.x 120 ml","DARZITIL","Fabra","Antibiotico","Jarabe/SuspensiÂ¢n oral/Polvo para uso oral"
"amoxicilina","250 mg jbe.x 90 ml","AMOXICILINA FECOFAR","Fecofar","Antibiotico","Jarabe/SuspensiÂ¢n oral/Polvo para uso oral"
"amoxicilina","500 mg comp.rec.x 16","ELGYMOX","Sidus","Antibiotico","Comprimidos/Pastillas/Tabletas/Grageas"
"amoxicilina","1000 mg comp.x 10","AMOXOL 1000","Medisol","Antibiotico","Comprimidos/Pastillas/Tabletas/Grageas"
"amoxicilina","500 mg comp.rec.x 16","NOBACTAM","Microsules Arg.","Antibiotico","Comprimidos/Pastillas/Tabletas/Grageas"
"amoxicilina","500 mg susp.ext.x 60 ml","AMOXICILINA LAFEDAR","Lafedar","Antibiotico","Jarabe/SuspensiÂ¢n oral/Polvo para uso oral"
"amoxicilina","500 mg jbe.x 60 ml","DARZITIL","Fabra","Antibiotico","Jarabe/SuspensiÂ¢n oral/Polvo para uso oral"
"amoxicilina","susp. x 70 ml","AMOXI DUO MAR","Mar","Antibiotico","Jarabe/SuspensiÂ¢n oral/Polvo para uso oral"
"amoxicilina","250 mg susp.ext.x 90 ml","AMOXICILINA SANT GALL FRIBURG","Sant Gall","Antibiotico","Jarabe/SuspensiÂ¢n oral/Polvo para uso oral"
"amoxicilina","500 mg comp.x 8","DARZITIL","Fabra","Antibiotico","Comprimidos/Pastillas/Tabletas/Grageas"
"amoxicilina","875 mg comp.x 10","AMOXOL DUO","CassarÂ","Antibiotico","Comprimidos/Pastillas/Tabletas/Grageas"
"amoxicilina","750 mg/5 ml susp.x 70 ml","BIOXILINA DUO","Biosintex Retai","Antibiotico","Jarabe/SuspensiÂ¢n oral/Polvo para uso oral"
"amoxicilina","500 mg comp.rec.x 21","AMOXIDAL","Roemmers","Antibiotico","Comprimidos/Pastillas/Tabletas/Grageas"
"amoxicilina","1000 mg comp.x 16","CLIACIL 1000","Ronnet","Antibiotico","Comprimidos/Pastillas/Tabletas/Grageas"
"amoxicilina","875 mg comp.x 14","BIOLABSA DUO","Labsa","Antibiotico","Comprimidos/Pastillas/Tabletas/Grageas"
"amoxicilina","500mg/5ml susp.x 90 ml","BIOXILINA","Biosintex Retai","Antibiotico","Jarabe/SuspensiÂ¢n oral/Polvo para uso oral"
"amoxicilina","500 mg comp.x 21","TRIFAMOX 500","BagÂ¢","Antibiotico","Comprimidos/Pastillas/Tabletas/Grageas"
"amoxicilina","500 mg susp.x 120 ml","GRINSIL","Sidus","Antibiotico","Jarabe/SuspensiÂ¢n oral/Polvo para uso oral"
"amoxicilina","875 mg comp.x 14","AMOXICILINA FECOFAR DUO","Fecofar","Antibiotico","Comprimidos/Pastillas/Tabletas/Grageas"
"amoxicilina","comp.x 21","AMOXICLER 500","Monserrat","Antibiotico","Comprimidos/Pastillas/Tabletas/Grageas"
"amoxicilina","500 mg comp.x 10","AMOXOL 500","Medisol","Antibiotico","Comprimidos/Pastillas/Tabletas/Grageas"
"amoxicilina","500 mg comp.rec.x 8","NOBACTAM","Microsules Arg.","Antibiotico","Comprimidos/Pastillas/Tabletas/Grageas"
"amoxicilina","500 mg comp.x 8","AMOXICILINA LAFEDAR","Lafedar","Antibiotico","Comprimidos/Pastillas/Tabletas/Grageas"
"amoxicilina","500 mg comp.x 16","AMOXITENK","Biotenk","Antibiotico","Comprimidos/Pastillas/Tabletas/Grageas"
"amoxicilina","500 mg pvo.p/susp.x120ml","AMOXICILINA RICHET","Richet","Antibiotico","Jarabe/SuspensiÂ¢n oral/Polvo para uso oral"
"amoxicilina","500 mg susp.oral x 90 ml","AMOX-G","Klonal","Antibiotico","Jarabe/SuspensiÂ¢n oral/Polvo para uso oral"
"amoxicilina","250 mg jbe.x 90 ml","DARZITIL","Fabra","Antibiotico","Jarabe/SuspensiÂ¢n oral/Polvo para uso oral"
"amoxicilina","875 mg comp. x 14","AMOXI DUO MAR","Mar","Antibiotico","Comprimidos/Pastillas/Tabletas/Grageas"
"amoxicilina","875 mg comp.x 14","AMOXOL DUO","CassarÂ","Antibiotico","Comprimidos/Pastillas/Tabletas/Grageas"
"amoxicilina","875 mg comp.rec.x 14","BIOXILINA DUO","Biosintex Retai","Antibiotico","Comprimidos/Pastillas/Tabletas/Grageas"
"amoxicilina","1000 mg comp.x 8","CLIACIL 1000","Ronnet","Antibiotico","Comprimidos/Pastillas/Tabletas/Grageas"
"amoxicilina","500 mg/5 ml susp.x 90 ml","FABAMOX","Savant Generic","Antibiotico","Jarabe/SuspensiÂ¢n oral/Polvo para uso oral"
"amoxicilina","500 mg susp.x 90 ml","BIOLABSA 500","Labsa","Antibiotico","Jarabe/SuspensiÂ¢n oral/Polvo para uso oral"
"amoxicilina","500 mg susp.ext.x 90 ml","AMOXICILINA LAFEDAR","Lafedar","Antibiotico","Jarabe/SuspensiÂ¢n oral/Polvo para uso oral"
"amoxicilina","pvo.p/susp.oral x 120 ml","AMOXOL 500","CassarÂ","Antibiotico","Jarabe/SuspensiÂ¢n oral/Polvo para uso oral"
"amoxicilina","750 mg jbe.x 70 ml","AMOXICILINA FECOFAR DUO","Fecofar","Antibiotico","Jarabe/SuspensiÂ¢n oral/Polvo para uso oral"
"amoxicilina","875 mg comp.x 14","GRINSIL DUO","Sidus","Antibiotico","Comprimidos/Pastillas/Tabletas/Grageas"
"amoxicilina","875 mg comp.x 14 (TRZB)","AMOXICILINA RICHET DUO","Richet","Antibiotico","Comprimidos/Pastillas/Tabletas/Grageas"
"amoxicilina","1000 mg comp.x 16","TRIFAMOX 1000","BagÂ¢","Antibiotico","Comprimidos/Pastillas/Tabletas/Grageas"
"amoxicilina","500 mg susp.ext.x 150 ml","AMOXI 500 MAR","Mar","Antibiotico","Jarabe/SuspensiÂ¢n oral/Polvo para uso oral"
"amoxicilina","500 mg comp.x 21","AMOXICILINA LAFEDAR","Lafedar","Antibiotico","Comprimidos/Pastillas/Tabletas/Grageas"
"amoxicilina","500 mg comp.x 8","AMOXITENK","Biotenk","Antibiotico","Comprimidos/Pastillas/Tabletas/Grageas"
"amoxicilina","500 mg comp.x 16","BIOXILINA","Biosintex Retai","Antibiotico","Comprimidos/Pastillas/Tabletas/Grageas"
"amoxicilina","500 mg pvo.p/susp.x 90ml","AMOXICILINA RICHET","Richet","Antibiotico","Jarabe/SuspensiÂ¢n oral/Polvo para uso oral"
"amoxicilina","1 g iny.x 1 dosis","AMOXIDAL","Roemmers","Antibiotico","Ampollas/Frascos-Ampolla/Liofilizados/Soluc.Parent"
"amoxicilina","250 mg susp.ext.x 105 ml","AMOXI 250 MAR","Mar","Antibiotico","Jarabe/SuspensiÂ¢n oral/Polvo para uso oral"
"amoxicilina","875 mg comp.rec.x 14","NOBACTAM DUO","Microsules Arg.","Antibiotico","Comprimidos/Pastillas/Tabletas/Grageas"
"amoxicilina","500 mg comp.x 16","CLIACIL","Ronnet","Antibiotico","Comprimidos/Pastillas/Tabletas/Grageas"
"amoxicilina","250 mg susp.x 90 ml","BIOLABSA 250","Labsa","Antibiotico","Jarabe/SuspensiÂ¢n oral/Polvo para uso oral"
"amoxicilina","750 mg/5 ml x 70 ml","AMOX-G DUO","Klonal","Antibiotico","Jarabe/SuspensiÂ¢n oral/Polvo para uso oral"
"amoxicilina","875 mg comp.x 14","TRIFAMOX DUO 875","BagÂ¢","Antibiotico","Comprimidos/Pastillas/Tabletas/Grageas"
"amoxicilina","ped.susp.x 90 ml","AMOXICLER 500","Monserrat","Antibiotico","Jarabe/SuspensiÂ¢n oral/Polvo para uso oral"
"amoxicilina","ped.500 mg susp.x 120 ml","AMOXIDAL","Roemmers","Antibiotico","Jarabe/SuspensiÂ¢n oral/Polvo para uso oral"
"amoxicilina","750 mg susp.x 70 ml","GRINSIL DUO","Sidus","Antibiotico","Jarabe/SuspensiÂ¢n oral/Polvo para uso oral"
"amoxicilina","1 g comp.x 16","AMOXICILINA RICHET","Richet","Antibiotico","Comprimidos/Pastillas/Tabletas/Grageas"
"amoxicilina","750 mg pvo.p/susp.x 70ml","AMOXICILINA RICHET DUO","Richet","Antibiotico","Jarabe/SuspensiÂ¢n oral/Polvo para uso oral"
"amoxicilina","500 mg susp.ped.x 90 ml","NOBACTAM","Microsules Arg.","Antibiotico","Jarabe/SuspensiÂ¢n oral/Polvo para uso oral"
"amoxicilina","500 mg jbe.x 120 ml","TRIFAMOX 250/500 JBE","BagÂ¢","Antibiotico","Jarabe/SuspensiÂ¢n oral/Polvo para uso oral"
"amoxicilina","comp.x 16","AMOXICLER 500","Monserrat","Antibiotico","Comprimidos/Pastillas/Tabletas/Grageas"
"amoxicilina","500 mg comp.x 16","AMOXICILINA LAFEDAR","Lafedar","Antibiotico","Comprimidos/Pastillas/Tabletas/Grageas"
"amoxicilina","500 mg pvo.p/susp.x 60ml","AMOXICILINA RICHET","Richet","Antibiotico","Jarabe/SuspensiÂ¢n oral/Polvo para uso oral"
"amoxicilina","ped.500 mg susp.x 90 ml","AMOXIDAL","Roemmers","Antibiotico","Jarabe/SuspensiÂ¢n oral/Polvo para uso oral"
"amoxicilina","500 mg comp.x 21","AMOXI 500 MAR","Mar","Antibiotico","Comprimidos/Pastillas/Tabletas/Grageas"
"amoxicilina","susp.x 120 ml","AMOXIDAL DUO","Roemmers","Antibiotico","Jarabe/SuspensiÂ¢n oral/Polvo para uso oral"
"amoxicilina","500 mg susp.ext.x 90 ml","AMOXICILINA SANT GALL FRIBURG","Sant Gall","Antibiotico","Jarabe/SuspensiÂ¢n oral/Polvo para uso oral"
"amoxicilina","500 mg comp.x 21","AMIXEN","Laboratorios Be","Antibiotico","Comprimidos/Pastillas/Tabletas/Grageas"
"amoxicilina","500 mg comp.x 8","CLIACIL","Ronnet","Antibiotico","Comprimidos/Pastillas/Tabletas/Grageas"
"amoxicilina","1000 mg comp.x 16","BIOLABSA 1000","Labsa","Antibiotico","Comprimidos/Pastillas/Tabletas/Grageas"
"amoxicilina","750 mg susp.x 70 ml","DARZITIL DUO","Fabra","Antibiotico","Jarabe/SuspensiÂ¢n oral/Polvo para uso oral"
"amoxicilina","susp.x 90 ml","TRIFAMOX DUO SUSP","BagÂ¢","Antibiotico","Jarabe/SuspensiÂ¢n oral/Polvo para uso oral"
"amoxicilina","250 mg pvo.p/susp.x120ml","AMOXICILINA RICHET","Richet","Antibiotico","Jarabe/SuspensiÂ¢n oral/Polvo para uso oral"
"amoxicilina","875 mg comp.x 16","AMOX-G DUO","Klonal","Antibiotico","Comprimidos/Pastillas/Tabletas/Grageas"
"amoxicilina","pvo.p/susp.oral x 90 ml","AMOXOL 500","CassarÂ","Antibiotico","Jarabe/SuspensiÂ¢n oral/Polvo para uso oral"
"amoxicilina","1000 mg comp.x 16","DARZITIL","Fabra","Antibiotico","Comprimidos/Pastillas/Tabletas/Grageas"
"amoxicilina","1 g comp.x 8","AMOXICILINA RICHET","Richet","Antibiotico","Comprimidos/Pastillas/Tabletas/Grageas"
"amoxicilina","875 mg comp.rec.x 14","FABAMOX PLUS","Savant Generic","Antibiotico","Comprimidos/Pastillas/Tabletas/Grageas"
"amoxicilina","500 mg comp.x 16","DARZITIL","Fabra","Antibiotico","Comprimidos/Pastillas/Tabletas/Grageas"
"amoxicilina","500 mg comp.x 16","TRIFAMOX 500","BagÂ¢","Antibiotico","Comprimidos/Pastillas/Tabletas/Grageas"
"amoxicilina","250 mg susp.ext.x 90 ml","AMOXICILINA LAFEDAR","Lafedar","Antibiotico","Jarabe/SuspensiÂ¢n oral/Polvo para uso oral"
"amoxicilina","ped.250 mg susp.x 90 ml","AMOXIDAL","Roemmers","Antibiotico","Jarabe/SuspensiÂ¢n oral/Polvo para uso oral"
"amoxicilina","500 mg jbe.x 90 ml","AMOXICILINA FECOFAR","Fecofar","Antibiotico","Jarabe/SuspensiÂ¢n oral/Polvo para uso oral"
"amoxicilina","500 mg jbe.x 120 ml","AMOXICILINA FECOFAR","Fecofar","Antibiotico","Jarabe/SuspensiÂ¢n oral/Polvo para uso oral"
"amoxicilina","500 mg comp.x 21","DARZITIL","Fabra","Antibiotico","Comprimidos/Pastillas/Tabletas/Grageas"
"amoxicilina","875 mg comp.rec.x 16","ELGYMOX DUO","Sidus","Antibiotico","Comprimidos/Pastillas/Tabletas/Grageas"
"amoxicilina","500 mg comp.x 16","AMOXICILINA SANT GALL FRIBURG","Sant Gall","Antibiotico","Comprimidos/Pastillas/Tabletas/Grageas"
"amoxicilina","500 mg susp.x 90 ml","GRINSIL","Sidus","Antibiotico","Jarabe/SuspensiÂ¢n oral/Polvo para uso oral"
"amoxicilina","500 mg comp.x 16","AMIXEN","Laboratorios Be","Antibiotico","Comprimidos/Pastillas/Tabletas/Grageas"
"amoxicilina","1 g comp.rec.x 16","NOBACTAM","Microsules Arg.","Antibiotico","Comprimidos/Pastillas/Tabletas/Grageas"
"amoxicilina+clavulanico,ac.","875/125 mg comp.x 14","AMOXI PLUS MAR","Mar","Antibiotico","Comprimidos/Pastillas/Tabletas/Grageas"
"amoxicilina+clavulanico,ac.","comp.rec.x 14","NOBACTAM CLAVULANICO 2","Microsules Arg.","Antibiotico","Comprimidos/Pastillas/Tabletas/Grageas"
"amoxicilina+clavulanico,ac.","comp.x 7","DARZITIL PLUS 1000 MG","Fabra","Antibiotico","Comprimidos/Pastillas/Tabletas/Grageas"
"amoxicilina+clavulanico,ac.","875 mg comp.x 14","GRINSIL CLAV DUO 875","Sidus","Antibiotico","Comprimidos/Pastillas/Tabletas/Grageas"
"amoxicilina+clavulanico,ac.","susp.x 140 ml","CLAMOXOL DUO","CassarÂ","Antibiotico","Jarabe/SuspensiÂ¢n oral/Polvo para uso oral"
"amoxicilina+clavulanico,ac.","susp.x 70 ml","OPTAMOX DUO","Roemmers","Antibiotico","Jarabe/SuspensiÂ¢n oral/Polvo para uso oral"
"amoxicilina+clavulanico,ac.","1 g comp.rec.x 14","ELGYMOX CLAV","Sidus","Antibiotico","Comprimidos/Pastillas/Tabletas/Grageas"
"amoxicilina+clavulanico,ac.","500/125 mg comp.x 16","OMNIGAL S","Sant Gall","Antibiotico","Comprimidos/Pastillas/Tabletas/Grageas"
"amoxicilina+clavulanico,ac.","1 g comp.x 14","CLAVULOX","Elea","Antibiotico","Comprimidos/Pastillas/Tabletas/Grageas"
"amoxicilina+clavulanico,ac.","ped.250 mg susp.x 90 ml","OPTAMOX","Roemmers","Antibiotico","Jarabe/SuspensiÂ¢n oral/Polvo para uso oral"
"amoxicilina+clavulanico,ac.","500 mg susp.x 90 ml","GRINSIL CLAV","Sidus","Antibiotico","Jarabe/SuspensiÂ¢n oral/Polvo para uso oral"
"amoxicilina+clavulanico,ac.","comp.x 14","PLENOBIOTIC DUO","Fecofar","Antibiotico","Comprimidos/Pastillas/Tabletas/Grageas"
"amoxicilina+clavulanico,ac.","susp.x 140 ml","GRINSIL CLAV DUO","Sidus","Antibiotico","Jarabe/SuspensiÂ¢n oral/Polvo para uso oral"
"amoxicilina+clavulanico,ac.","susp.ped.x 140 ml","OPTAMOX DUO 14:1","Roemmers","Antibiotico","Jarabe/SuspensiÂ¢n oral/Polvo para uso oral"
"amoxicilina+clavulanico,ac.","500 mg comp.rec.x 16","BIOXILINA PLUS","Biosintex Retai","Antibiotico","Comprimidos/Pastillas/Tabletas/Grageas"
"amoxicilina+clavulanico,ac.","comp.rec.x 14","CLAMOXOL DUO","CassarÂ","Antibiotico","Comprimidos/Pastillas/Tabletas/Grageas"
"amoxicilina+clavulanico,ac.","1 g comp.rec.x 14","BIOXILINA PLUS DUO","Biosintex Retai","Antibiotico","Comprimidos/Pastillas/Tabletas/Grageas"
"amoxicilina+clavulanico,ac.","250 mg pvo.p/susp.x 60ml","AMOXICILINA CLAVULANICO RICHET","Richet","Antibiotico","Jarabe/SuspensiÂ¢n oral/Polvo para uso oral"
"amoxicilina+clavulanico,ac.","500/125 mg comp.x 8","OMNIGAL S","Sant Gall","Antibiotico","Comprimidos/Pastillas/Tabletas/Grageas"
"amoxicilina+clavulanico,ac.","susp.x 140 ml","AMOCLAV SE","Casasco","Antibiotico","Jarabe/SuspensiÂ¢n oral/Polvo para uso oral"
"amoxicilina+clavulanico,ac.","500 mg comp.x 16","GRINSIL CLAV","Sidus","Antibiotico","Comprimidos/Pastillas/Tabletas/Grageas"
"amoxicilina+clavulanico,ac.","comp.rec.x 10","CLAMOXOL DUO","Medisol","Antibiotico","Comprimidos/Pastillas/Tabletas/Grageas"
"amoxicilina+clavulanico,ac.","comp.rec.x 16","BIOCLAVID 500/125","Biosidus S.A.U.","Antibiotico","Comprimidos/Pastillas/Tabletas/Grageas"
"amoxicilina+clavulanico,ac.","400 mg susp.x 70 ml","BIOXILINA PLUS DUO","Biosintex Retai","Antibiotico","Jarabe/SuspensiÂ¢n oral/Polvo para uso oral"
"amoxicilina+clavulanico,ac.","ped.250 mg susp.x 90 ml","KLONALMOX","Klonal","Antibiotico","Jarabe/SuspensiÂ¢n oral/Polvo para uso oral"
"amoxicilina+clavulanico,ac.","400/57 mg susp.x 70 ml","OMNIGAL","Sant Gall","Antibiotico","Jarabe/SuspensiÂ¢n oral/Polvo para uso oral"
"amoxicilina+clavulanico,ac.","susp.x 90 ml","DARZITIL PLUS","Fabra","Antibiotico","Jarabe/SuspensiÂ¢n oral/Polvo para uso oral"
"amoxicilina+clavulanico,ac.","comp.x 16","DARZITIL PLUS","Fabra","Antibiotico","Comprimidos/Pastillas/Tabletas/Grageas"
"amoxicilina+clavulanico,ac.","1000/125mg comp.x 16","AMOXICILINA CLAVULANICO RICHET","Richet","Antibiotico","Comprimidos/Pastillas/Tabletas/Grageas"
"amoxicilina+clavulanico,ac.","500 mg comp.x 8","OPTAMOX","Roemmers","Antibiotico","Comprimidos/Pastillas/Tabletas/Grageas"
"amoxicilina+clavulanico,ac.","500/125 mg susp.x 90 ml","AMOXICILINA CLAVULANICO FORTE RICHET","Richet","Antibiotico","Jarabe/SuspensiÂ¢n oral/Polvo para uso oral"
"amoxicilina+clavulanico,ac.","susp.ext.x 70 ml","NOBACTAM CLAVULANICO 2","Microsules Arg.","Antibiotico","Jarabe/SuspensiÂ¢n oral/Polvo para uso oral"
"amoxicilina+clavulanico,ac.","susp.x 140 ml","AMOCLAV DUO","Casasco","Antibiotico","Jarabe/SuspensiÂ¢n oral/Polvo para uso oral"
"amoxicilina+clavulanico,ac.","susp.x 70 ml","CLAMOXOL DUO","CassarÂ","Antibiotico","Jarabe/SuspensiÂ¢n oral/Polvo para uso oral"
"amoxicilina+clavulanico,ac.","comp.x 14","ULTRABIOTIC DUO","Montpellier","Antibiotico","Comprimidos/Pastillas/Tabletas/Grageas"
"amoxicilina+clavulanico,ac.","875/125 mg comp.x 14","OMNIGAL","Sant Gall","Antibiotico","Comprimidos/Pastillas/Tabletas/Grageas"
"amoxicilina+clavulanico,ac.","susp.x 60 ml","DARZITIL PLUS","Fabra","Antibiotico","Jarabe/SuspensiÂ¢n oral/Polvo para uso oral"
"amoxicilina+clavulanico,ac.","1000 mg comp.x 8","AMOXICILINA CLAVULANICO RICHET","Richet","Antibiotico","Comprimidos/Pastillas/Tabletas/Grageas"
"amoxicilina+clavulanico,ac.","400/57.5 mg susp.x 70 ml","AMOXICILINA CLAVULANICO 7:1 RICHET","Richet","Antibiotico","Jarabe/SuspensiÂ¢n oral/Polvo para uso oral"
"amoxicilina+clavulanico,ac.","250 mg pvo.p/susp.x 90ml","AMOXICILINA CLAVULANICO RICHET","Richet","Antibiotico","Jarabe/SuspensiÂ¢n oral/Polvo para uso oral"
"amoxicilina+clavulanico,ac.","875/125 mg comp.rec.x 14","FABAMOX DUO 1 GR","Savant Generic","Antibiotico","Comprimidos/Pastillas/Tabletas/Grageas"
"amoxicilina+clavulanico,ac.","susp.x 140 ml","AMOXI PLUS MAR","Mar","Antibiotico","Jarabe/SuspensiÂ¢n oral/Polvo para uso oral"
"amoxicilina+clavulanico,ac.","1 g comp.rec.x 14","AMIXEN CLAVULANICO 1 G","Laboratorios Be","Antibiotico","Comprimidos/Pastillas/Tabletas/Grageas"
"amoxicilina+clavulanico,ac.","jbe.x 70 ml","DARZITIL PLUS DUO","Fabra","Antibiotico","Jarabe/SuspensiÂ¢n oral/Polvo para uso oral"
"amoxicilina+clavulanico,ac.","1 g comp.x 14","OPTAMOX DUO","Roemmers","Antibiotico","Comprimidos/Pastillas/Tabletas/Grageas"
"amoxicilina+clavulanico,ac.","comp.x 8","DARZITIL PLUS","Fabra","Antibiotico","Comprimidos/Pastillas/Tabletas/Grageas"
"amoxicilina+clavulanico,ac.","500 mg comp.x 16","AMOXICILINA CLAVULANICO RICHET","Richet","Antibiotico","Comprimidos/Pastillas/Tabletas/Grageas"
"amoxicilina+clavulanico,ac.","875/125 mg comp.x 20","AMOXI PLUS MAR","Mar","Antibiotico","Comprimidos/Pastillas/Tabletas/Grageas"
"amoxicilina+clavulanico,ac.","875/125 mg comp.x 14","AMOXICILINA CLAVULANICO 7:1 RICHET","Richet","Antibiotico","Comprimidos/Pastillas/Tabletas/Grageas"
"amoxicilina+clavulanico,ac.","500/125 mg comp.rec.x 16","FABAMOX DUO","Savant Generic","Antibiotico","Comprimidos/Pastillas/Tabletas/Grageas"
"amoxicilina+clavulanico,ac.","500 mg comp.rec.x 16","AMIXEN CLAVULANICO","Laboratorios Be","Antibiotico","Comprimidos/Pastillas/Tabletas/Grageas"
"amoxicilina+clavulanico,ac.","Ped.250 mg susp.x 60 ml","OPTAMOX","Roemmers","Antibiotico","Jarabe/SuspensiÂ¢n oral/Polvo para uso oral"
"amoxicilina+clavulanico,ac.","1 g comp.rec.x 14","AMOCLAV DUO","Casasco","Antibiotico","Comprimidos/Pastillas/Tabletas/Grageas"
"amoxicilina+clavulanico,ac.","susp.x 70 ml","GRINSIL CLAV DUO","Sidus","Antibiotico","Jarabe/SuspensiÂ¢n oral/Polvo para uso oral"
"amoxicilina+clavulanico,ac.","400 mg/5 ml susp.x 70 ml","CLAVULOX DUO","Elea","Antibiotico","Jarabe/SuspensiÂ¢n oral/Polvo para uso oral"
"amoxicilina+clavulanico,ac.","susp.x 70 ml","AMOXI PLUS MAR","Mar","Antibiotico","Jarabe/SuspensiÂ¢n oral/Polvo para uso oral"
"amoxicilina+clavulanico,ac.","comp.x 14","DARZITIL PLUS 1000 MG","Fabra","Antibiotico","Comprimidos/Pastillas/Tabletas/Grageas"
"amoxicilina+clavulanico,ac.","500 mg comp.x 8","AMOXICILINA CLAVULANICO RICHET","Richet","Antibiotico","Comprimidos/Pastillas/Tabletas/Grageas"
"amoxicilina+clavulanico,ac.","susp.x 140 ml","OPTAMOX DUO","Roemmers","Antibiotico","Jarabe/SuspensiÂ¢n oral/Polvo para uso oral"
"amoxicilina+clavulanico,ac.","400/57 mg susp.x 70 ml","FABAMOX DUO SUSPENSION","Savant Generic","Antibiotico","Jarabe/SuspensiÂ¢n oral/Polvo para uso oral"
"amoxicilina+clavulanico,ac.","comp.rec.x 14","BIOCLAVID 875/125","Biosidus S.A.U.","Antibiotico","Comprimidos/Pastillas/Tabletas/Grageas"
"amoxicilina+clavulanico,ac.","500 mg comp.rec.x 8","AMIXEN CLAVULANICO","Laboratorios Be","Antibiotico","Comprimidos/Pastillas/Tabletas/Grageas"
"amoxicilina+clavulanico,ac.","500 mg comp.x 16","OPTAMOX","Roemmers","Antibiotico","Comprimidos/Pastillas/Tabletas/Grageas"
"amoxicilina+clavulanico,ac.","susp.x 70 ml","AMOCLAV DUO","Casasco","Antibiotico","Jarabe/SuspensiÂ¢n oral/Polvo para uso oral"
"amoxicilina+clavulanico,ac.","250/62.5 mg susp.x 90 ml","OMNIGAL S","Sant Gall","Antibiotico","Jarabe/SuspensiÂ¢n oral/Polvo para uso oral"
"amoxicilina+sulbactam","500 mg comp.x 16","TRIFAMOX IBL 500","BagÂ¢","Antibiotico","Comprimidos/Pastillas/Tabletas/Grageas"
"amoxicilina+sulbactam","875 mg comp.x 14","TRIFAMOX IBL DUO 875/125","BagÂ¢","Antibiotico","Comprimidos/Pastillas/Tabletas/Grageas"
"amoxicilina+sulbactam","1.5 g iny.f.a.x 1+solv.","AMOXICILINA SULBACTAM RICHET","Richet","Antibiotico","Ampollas/Frascos-Ampolla/Liofilizados/Soluc.Parent"
"amoxicilina+sulbactam","1500 mg iny.x 1","TRIFAMOX IBL 1500","BagÂ¢","Antibiotico","Ampollas/Frascos-Ampolla/Liofilizados/Soluc.Parent"
"amoxicilina+sulbactam","750 mg iny.x 1","TRIFAMOX IBL 750","BagÂ¢","Antibiotico","Ampollas/Frascos-Ampolla/Liofilizados/Soluc.Parent"
"amoxicilina+sulbactam","20 g susp.x 60 ml","TRIFAMOX IBL DUO 200/50","BagÂ¢","Antibiotico","Jarabe/SuspensiÂ¢n oral/Polvo para uso oral"
"ampicilina","500 mg comp.x 16","AMPICILINA RICHET","Richet","Antibiotico","Comprimidos/Pastillas/Tabletas/Grageas"
"ampicilina","1 g comp.x 8","AMPICILINA RICHET","Richet","Antibiotico","Comprimidos/Pastillas/Tabletas/Grageas"
"ampicilina","500 mg comp.x 16","GALCICLINA  SANT GALL","Sant Gall","Antibiotico","Comprimidos/Pastillas/Tabletas/Grageas"
"ampicilina","500 mg comp.x 16","AMPIGEN","Fabra","Antibiotico","Comprimidos/Pastillas/Tabletas/Grageas"
"ampicilina","500 mg comp.x 16","TRIFACILINA 500","BagÂ¢","Antibiotico","Comprimidos/Pastillas/Tabletas/Grageas"
"ampicilina","1 g comp.x 16","AMPICILINA RICHET","Richet","Antibiotico","Comprimidos/Pastillas/Tabletas/Grageas"
"ampicilina","1000 mg comp.x 16","TRIFACILINA 1000","BagÂ¢","Antibiotico","Comprimidos/Pastillas/Tabletas/Grageas"
"ampicilina","1000 mg comp.x 8","TRIFACILINA 1000","BagÂ¢","Antibiotico","Comprimidos/Pastillas/Tabletas/Grageas"
"ampicilina","500 mg comp.x 8","AMPIGEN","Fabra","Antibiotico","Comprimidos/Pastillas/Tabletas/Grageas"
"ampicilina","1000 mg comp.x 8","AMPIGEN","Fabra","Antibiotico","Comprimidos/Pastillas/Tabletas/Grageas"
"ampicilina+sulbactam","1.5 g iny.f.a.x 1","SULTAMICILINA RICHET","Richet","Antibiotico","Ampollas/Frascos-Ampolla/Liofilizados/Soluc.Parent"
"ampicilina+sulbactam","1.5 g iny.x 1","AMPIGEN SB","Fabra","Antibiotico","Ampollas/Frascos-Ampolla/Liofilizados/Soluc.Parent"
"antigeno hepatitis a","iny.f.a.x 1 x 1 ml","VAQTA 50","MSD Argentina S","Vacuna contra hepatitis A","Ampollas/Frascos-Ampolla/Liofilizados/Soluc.Parent"
"antigeno hepatitis a","jga.prell.x 0.5 ml","AVAXIM","Sanofi Health A","Vacuna contra hepatitis A","Jeringa prellenada"
"antigeno hepatitis a","iny.f.a.x 1 x 0.5 ml","VAQTA 25","MSD Argentina S","Vacuna contra hepatitis A","Ampollas/Frascos-Ampolla/Liofilizados/Soluc.Parent"
"antigeno hepatitis a","jga.prell.x 1","HAVRIX 720 EL.U. MONO DOSIS","GlaxoSmithKline","Vacuna contra hepatitis A","Jeringa prellenada"
"antigeno hepatitis a","jga.prell.x 0.5 ml","AVAXIM 80 U PEDIATRICO","Sanofi Health A","Vacuna contra hepatitis A","Jeringa prellenada"
"antigeno hepatitis a y b","ad.jga.prell.x 1","TWINRIX","GlaxoSmithKline","Vacuna contra hepatitis A y B","Jeringa prellenada"
"antigeno hepatitis b","20 mcg f.a.x 1 ml","BIOVAC HB","Elea","Vacuna contra hepatitis B","Ampollas/Frascos-Ampolla/Liofilizados/Soluc.Parent"
"antigeno hepatitis b","jga.prell.x 1 ml","ENGERIX-B","GlaxoSmithKline","Vacuna contra hepatitis B","Ampollas/Frascos-Ampolla/Liofilizados/Soluc.Parent"
"antigeno hepatitis b","10 mcg f.a.x 0.5 ml","BIOVAC HB","Elea","Vacuna contra hepatitis B","Ampollas/Frascos-Ampolla/Liofilizados/Soluc.Parent"
"antigeno hepatitis b","10 mcg susp.iny.x1x0.5ml","AG-B 10","CassarÂ","Vacuna contra hepatitis B","Jeringa prellenada"
"antigeno hepatitis b","susp.iny.f.a.x 1 x 1 ml","AG-B 20","CassarÂ","Vacuna contra hepatitis B","Jeringa prellenada"
"antigenos virus influenza","iny.jga.prell.x 0.5 ml","FLUAD","Seqirus","Vacuna antigripal","Jeringa prellenada"
"antigenos virus influenza","jga.prell.x 1 x 0.5 ml","INFLUVAC","Abbott EPD","Ag.inmun.Vac.c/influenza","Jeringa prellenada"
"antigenos virus influenza","jga.prell. x 1","GC FLU","Tuteur","vacuna antigripal tetravalente","Jeringa prellenada"
"antigenos virus influenza","jga.prell. x 1 x 0.5 ml","INFLUVAC TETRA","Abbott EPD","vacuna antigripal tetravalente","Jeringa prellenada"
"antigenos virus influenza","jga.prell.x 0.5 ml","FLUARIX TETRA","GlaxoSmithKline","vacuna antigripal tetravalente","Jeringa prellenada"
"antigenos virus influenza","jga.prell.x 0.5 ml","FLUCELVAX QUAD","Seqirus","vacuna antigripal tetravalente","Jeringa prellenada"
"antigenos virus influenza","jga.prell.x 1 x 0.25 ml","AGRIPPAL S1 JR","Seqirus","Vacuna antigripal","Jeringa prellenada"
"antigenos virus influenza","jga.prell.x 1","AGRIPPAL S1","Seqirus","Vacuna antigripal","Jeringa prellenada"
"antigenos virus influenza","jga.prell.x 1 x 0.5 ml","ISTIVAC 4","Sanofi Health A","vacuna antigripal tetravalente","Jeringa prellenada"
"antigenos virus influenza","jga.prell.x 1 x 0.5 ml","AFLURIA QUAD","Seqirus","vacuna antigripal tetravalente","Jeringa prellenada"
"antigenos virus influenza","jga.prell.x 1 x 0.25 ml","AFLURIA QUAD JUNIOR","Seqirus","vacuna antigripal tetravalente","Jeringa prellenada"
"apixaban","2.5 mg comp.x 60","PRAXANT","Elea","Antitrombotico","Comprimidos/Pastillas/Tabletas/Grageas"
"apixaban","2.5 mg comp.x 60","PIXABAN","Siegfried","Antitrombotico","Comprimidos/Pastillas/Tabletas/Grageas"
"apixaban","2.5 mg comp.x 60","CIARAN","Montpellier","Antitrombotico","Comprimidos/Pastillas/Tabletas/Grageas"
"apixaban","2.5 mg comp.x 60","PIXAR","Eurofarma","Antitrombotico","Comprimidos/Pastillas/Tabletas/Grageas"
"apixaban","5 mg comp.x 60","GRIXAN","Casasco","Antitrombotico","Comprimidos/Pastillas/Tabletas/Grageas"
"apixaban","5 mg comp.x 60","IXIPEN","Roemmers","Antitrombotico","Comprimidos/Pastillas/Tabletas/Grageas"
"apixaban","5 mg comp.x 60","PRAXANT","Elea","Antitrombotico","Comprimidos/Pastillas/Tabletas/Grageas"
"apixaban","2.5 mg comp.x 60","IXIPEN","Roemmers","Anticoagulante","Comprimidos/Pastillas/Tabletas/Grageas"
"apixaban","5 mg comp.x 60","MANTIXA","Megalabs Argent","Antitrombotico","Comprimidos/Pastillas/Tabletas/Grageas"
"apixaban","5 mg comp.x 30","MANTIXA","Megalabs Argent","Antitrombotico","Comprimidos/Pastillas/Tabletas/Grageas"
"apixaban","2.5 mg comp.x 60","MANTIXA","Megalabs Argent","Antitrombotico","Comprimidos/Pastillas/Tabletas/Grageas"
"apixaban","5 mg comp.x 60","PIXATEMIS 5","Temis-LostalÂ¢","Antitrombotico","Comprimidos/Pastillas/Tabletas/Grageas"
"apixaban","5 mg comp.x 60","APITENA","Nolter","Antitrombotico","Comprimidos/Pastillas/Tabletas/Grageas"
"apixaban","2.5 mg comp.x 30","MANTIXA","Megalabs Argent","Antitrombotico","Comprimidos/Pastillas/Tabletas/Grageas"
"apixaban","2.5 mg comp.x 60","PIXATEMIS 2.5","Temis-LostalÂ¢","Antitrombotico","Comprimidos/Pastillas/Tabletas/Grageas"
"apixaban","5 mg comp.x 60","PIXABAN","Siegfried","Antitrombotico","Comprimidos/Pastillas/Tabletas/Grageas"
"apixaban","5mg comp.x 60","CIARAN","Montpellier","Antitrombotico","Comprimidos/Pastillas/Tabletas/Grageas"
"apixaban","5 mg comp.x 60","PIXAR","Eurofarma","Antitrombotico","Comprimidos/Pastillas/Tabletas/Grageas"
"apixaban","2.5 mg comp.x 60","GRIXAN","Casasco","Antitrombotico","Comprimidos/Pastillas/Tabletas/Grageas"
"apixaban","2.5 mg comp.x 60","APITENA","Nolter","Antitrombotico","Comprimidos/Pastillas/Tabletas/Grageas"
"atenolol","25 mg comp.x 28","VERICORDIN","Lazar","Antihipertensivo","Comprimidos/Pastillas/Tabletas/Grageas"
"atenolol","100 mg comp.x 30","ATENOLOL GADOR","Gador","Antihipertensivo","Comprimidos/Pastillas/Tabletas/Grageas"
"atenolol","50 mg comp.x 30","ATENOLOL MICROSULES","Microsules Arg.","Antihipertensivo","Comprimidos/Pastillas/Tabletas/Grageas"
"atenolol","50 mg comp.x 30","VERICORDIN","Lazar","Antihipertensivo","Comprimidos/Pastillas/Tabletas/Grageas"
"atenolol","50 mg comp.x 60","PLENACOR 50","BagÂ¢","Antihipertensivo","Comprimidos/Pastillas/Tabletas/Grageas"
"atenolol","50 mg comp.x 30","ATELSTA","Ronnet","Antihipertensivo","Comprimidos/Pastillas/Tabletas/Grageas"
"atenolol","50 mg comp.x 60","ATENOLOL GADOR","Gador","Antihipertensivo","Comprimidos/Pastillas/Tabletas/Grageas"
"atenolol","50 mg comp.x 30","PLENACOR 50","BagÂ¢","Antihipertensivo","Comprimidos/Pastillas/Tabletas/Grageas"
"atenolol","50 mg comp.x 30","ATENOLOL GADOR","Gador","Antihipertensivo","Comprimidos/Pastillas/Tabletas/Grageas"
"atenolol","100 mg comp.x 60","ATELSTA","Ronnet","Antihipertensivo","Comprimidos/Pastillas/Tabletas/Grageas"
"atenolol","25 mg comp.x 60","PLENACOR 25","BagÂ¢","Antihipertensivo","Comprimidos/Pastillas/Tabletas/Grageas"
"atenolol","50 mg comp.x 30","ATENOBLOCK","Klonal","Antihipertensivo","Comprimidos/Pastillas/Tabletas/Grageas"
"atenolol","100 mg comp.x 28","ATENOLOL ECZANE","Eczane","Antihipertensivo","Comprimidos/Pastillas/Tabletas/Grageas"
"atenolol","25 mg comp.x 60","ATENOLOL GADOR","Gador","Antihipertensivo","Comprimidos/Pastillas/Tabletas/Grageas"
"atenolol","100 mg comp.x 30","ATELSTA","Ronnet","Antihipertensivo","Comprimidos/Pastillas/Tabletas/Grageas"
"atenolol","50 mg comp.x 28","ATENOLOL VANNIER","Vannier","Antihipertensivo","Comprimidos/Pastillas/Tabletas/Grageas"
"atenolol","25 mg comp.x 30","PLENACOR 25","BagÂ¢","Antihipertensivo","Comprimidos/Pastillas/Tabletas/Grageas"
"atenolol","100 mg comp.x 60","VERICORDIN","Lazar","Antihipertensivo","Comprimidos/Pastillas/Tabletas/Grageas"
"atenolol","50 mg comp.x 28","ATENOLOL ECZANE","Eczane","Antihipertensivo","Comprimidos/Pastillas/Tabletas/Grageas"
"atenolol","50 mg comp.x 56","ATENOLOL MICROSULES","Microsules Arg.","Antihipertensivo","Comprimidos/Pastillas/Tabletas/Grageas"
"atenolol","25 mg comp.x 30","ATENOLOL GADOR","Gador","Antihipertensivo","Comprimidos/Pastillas/Tabletas/Grageas"
"atenolol","25 mg comp.x 60","ATELSTA","Ronnet","Antihipertensivo","Comprimidos/Pastillas/Tabletas/Grageas"
"atenolol","50 mg comp.x 60","ATELSTA","Ronnet","Antihipertensivo","Comprimidos/Pastillas/Tabletas/Grageas"
"atenolol","100 mg comp.x 30","VERICORDIN","Lazar","Antihipertensivo","Comprimidos/Pastillas/Tabletas/Grageas"
"atenolol","100 mg comp.x 60","PLENACOR 100","BagÂ¢","Antihipertensivo","Comprimidos/Pastillas/Tabletas/Grageas"
"atenolol","50 mg comp.x 28","ATENOLOL MICROSULES","Microsules Arg.","Antihipertensivo","Comprimidos/Pastillas/Tabletas/Grageas"
"atenolol","25 mg comp.x 30","ATELSTA","Ronnet","Antihipertensivo","Comprimidos/Pastillas/Tabletas/Grageas"
"atenolol","25 mg comp.x 56","VERICORDIN","Lazar","Antihipertensivo","Comprimidos/Pastillas/Tabletas/Grageas"
"atenolol","100 mg comp.x 60","ATENOLOL GADOR","Gador","Antihipertensivo","Comprimidos/Pastillas/Tabletas/Grageas"
"atenolol","50 mg comp.x 60","ATENOLOL MICROSULES","Microsules Arg.","Antihipertensivo","Comprimidos/Pastillas/Tabletas/Grageas"
"atenolol","50 mg comp.x 60","VERICORDIN","Lazar","Antihipertensivo","Comprimidos/Pastillas/Tabletas/Grageas"
"atenolol","50 mg comp.x 30","ATEL","Siegfried","Antihipertensivo","Comprimidos/Pastillas/Tabletas/Grageas"
"atenolol","100 mg comp.x 30","PLENACOR 100","BagÂ¢","Antihipertensivo","Comprimidos/Pastillas/Tabletas/Grageas"
"atenolol+asoc.","comp.x 30","PLENACOR D 50/25/2.5","BagÂ¢","Antihipertensivo Diuretico","Comprimidos/Pastillas/Tabletas/Grageas"
"atenolol+asoc.","comp.x 28","VERICORDIN COMPUESTO","Lazar","Antihipertensivo Diuretico","Comprimidos/Pastillas/Tabletas/Grageas"
"atorvastatin","comp.x 30","VANATOR 40","Vannier","Hipolipemiante","Comprimidos/Pastillas/Tabletas/Grageas"
"atorvastatin","10 mg comp.x 30","FINLIPOL","Microsules Arg.","Hipolipemiante","Comprimidos/Pastillas/Tabletas/Grageas"
"atorvastatin","40 mg comp.rec.x 30","KOSPIDEL 40","Schafer","Hipolipemiante","Comprimidos/Pastillas/Tabletas/Grageas"
"atorvastatin","20 mg comp.rec.x 30","NORMOLIPOL","Lepetit","Hipocolesterolemiante","Comprimidos/Pastillas/Tabletas/Grageas"
"atorvastatin","10 mg comp.rec.x 30","ATORVASTATIN RICHET","Richet","Hipolipemiante","Comprimidos/Pastillas/Tabletas/Grageas"
"atorvastatin","40 mg comp.x 30","ZARATOR","Elea","Hipolipemiante","Comprimidos/Pastillas/Tabletas/Grageas"
"atorvastatin","10 mg comp.rec.ran.x 60","TORIVAS","Baliarda","Hipolipemiante","Comprimidos/Pastillas/Tabletas/Grageas"
"atorvastatin","20 mg comp.x 60","ZARATOR","Elea","Hipolipemiante","Comprimidos/Pastillas/Tabletas/Grageas"
"atorvastatin","10 mg comp.rec.x 60","LIPAREX","Finadiet","Hipolipemiante","Comprimidos/Pastillas/Tabletas/Grageas"
"atorvastatin","comp.x 60","VANATOR 40","Vannier","Hipolipemiante","Comprimidos/Pastillas/Tabletas/Grageas"
"atorvastatin","40 mg comp.x 30","LIPOCAMBI","Laboratorios Be","Hipolipemiante","Comprimidos/Pastillas/Tabletas/Grageas"
"atorvastatin","10 mg comp.x 30","LIPOCAMBI","Laboratorios Be","Hipolipemiante","Comprimidos/Pastillas/Tabletas/Grageas"
"atorvastatin","20 mg comp.rec.x 30","ATORVASTAN","Biotenk","Hipolipemiante","Comprimidos/Pastillas/Tabletas/Grageas"
"atorvastatin","10 mg comp.x 30","LIPOKEMIA 10","Fecofar","Hipolipemiante","Comprimidos/Pastillas/Tabletas/Grageas"
"atorvastatin","20 mg comp.x 30","LIPOCAMBI","Laboratorios Be","Hipolipemiante","Comprimidos/Pastillas/Tabletas/Grageas"
"atorvastatin","20 mg comp.rec.x 30","ATARVA","Duncan","Hipocolesterolemiante","Comprimidos/Pastillas/Tabletas/Grageas"
"atorvastatin","10 mg comp.x 30","ATORVASTATINA FABRA","Fabra","Hipolipemiante","Comprimidos/Pastillas/Tabletas/Grageas"
"atorvastatin","10 mg comp.x 60","LIPITOR","Aspen Pharma","Hipolipemiante","Comprimidos/Pastillas/Tabletas/Grageas"
"atorvastatin","10 mg comp.rec.ran.x 30","TORIVAS","Baliarda","Hipolipemiante","Comprimidos/Pastillas/Tabletas/Grageas"
"atorvastatin","comp.rec.x 60","ATORMAX 10","Gâminis Farmacâ","Hipolipemiante","Comprimidos/Pastillas/Tabletas/Grageas"
"atorvastatin","40 mg comp.rec.x 30","ATEROCLAR","Beta","Hipocolesterolemiante","Comprimidos/Pastillas/Tabletas/Grageas"
"atorvastatin","20 mg comp.rec.x 30","KOSPIDEL 20","Schafer","Hipolipemiante","Comprimidos/Pastillas/Tabletas/Grageas"
"atorvastatin","10 mg comp.x 60","ZARATOR","Elea","Hipolipemiante","Comprimidos/Pastillas/Tabletas/Grageas"
"atorvastatin","40 mg comp.x 30","LIPITOR","Aspen Pharma","Hipolipemiante","Comprimidos/Pastillas/Tabletas/Grageas"
"atorvastatin","40 mg comp.x 30","LIPIFEN","Adium","Hipolipemiante","Comprimidos/Pastillas/Tabletas/Grageas"
"atorvastatin","20 mg comp.x 30","LIPITOR","Aspen Pharma","Hipolipemiante","Comprimidos/Pastillas/Tabletas/Grageas"
"atorvastatin","40 mg comp.rec.x 30","LIPONORM","Lazar","Hipolipemiante","Comprimidos/Pastillas/Tabletas/Grageas"
"atorvastatin","20 mg comp.rec.x 30","LIPAREX","Finadiet","Hipolipemiante","Comprimidos/Pastillas/Tabletas/Grageas"
"atorvastatin","10 mg comp.rec.x 30","ATORVASTAN","Biotenk","Hipolipemiante","Comprimidos/Pastillas/Tabletas/Grageas"
"atorvastatin","20 mg comp.x 30","ZARATOR","Elea","Hipolipemiante","Comprimidos/Pastillas/Tabletas/Grageas"
"atorvastatin","comp.rec.x 30","ATORMAX 10","Gâminis Farmacâ","Hipolipemiante","Comprimidos/Pastillas/Tabletas/Grageas"
"atorvastatin","20 mg comp.rec.x 30","NORMALIP","Eurofarma","Hipolipemiante","Comprimidos/Pastillas/Tabletas/Grageas"
"atorvastatin","80 mg comp.rec.x 30","TORIVAS","Baliarda","Hipolipemiante","Comprimidos/Pastillas/Tabletas/Grageas"
"atorvastatin","10 mg comp.rec.x 30","KOSPIDEL 10","Schafer","Hipolipemiante","Comprimidos/Pastillas/Tabletas/Grageas"
"atorvastatin","comp.x 30","VANATOR 20","Vannier","Hipolipemiante","Comprimidos/Pastillas/Tabletas/Grageas"
"atorvastatin","10 mg comp.rec.x 30","NORMALIP","Eurofarma","Hipolipemiante","Comprimidos/Pastillas/Tabletas/Grageas"
"atorvastatin","10 mg comp.x 30","LIPITOR","Aspen Pharma","Hipolipemiante","Comprimidos/Pastillas/Tabletas/Grageas"
"atorvastatin","40 mg comp.rec.x 30","ATORVASTATIN RICHET","Richet","Hipolipemiante","Comprimidos/Pastillas/Tabletas/Grageas"
"atorvastatin","10 mg comp.rec.x 30","LIPAREX","Finadiet","Hipolipemiante","Comprimidos/Pastillas/Tabletas/Grageas"
"atorvastatin","40 mg comp.rec.x 30","LIPIBEC","Teva Argentina","Hipolipemiante","Comprimidos/Pastillas/Tabletas/Grageas"
"atorvastatin","20 mg comp.rec.x 30","ROSATORV","Rospaw","Hipocolesterolemiante","Comprimidos/Pastillas/Tabletas/Grageas"
"atorvastatin","40 mg comp.rec.x 30","LIPAREX","Finadiet","Hipolipemiante","Comprimidos/Pastillas/Tabletas/Grageas"
"atorvastatin","10 mg comp.x 30","ZARATOR","Elea","Hipolipemiante","Comprimidos/Pastillas/Tabletas/Grageas"
"atorvastatin","40 mg comp.x 30","FINLIPOL","Microsules Arg.","Hipolipemiante","Comprimidos/Pastillas/Tabletas/Grageas"
"atorvastatin","80 mg comp.rec. x 30","LIPONORM","Lazar","Hipolipemiante","Comprimidos/Pastillas/Tabletas/Grageas"
"atorvastatin","10 mg comp.x 30","RONATOR","Ronnet","Hipocolesterolemiante","Comprimidos/Pastillas/Tabletas/Grageas"
"atorvastatin","80 mg comp.x 30","AMPLIAR","Casasco","Hipolipemiante","Comprimidos/Pastillas/Tabletas/Grageas"
"atorvastatin","comp.x 30","VANATOR 10","Vannier","Hipolipemiante","Comprimidos/Pastillas/Tabletas/Grageas"
"atorvastatin","80 mg comp.x 30","LIPITOR","Aspen Pharma","Hipolipemiante","Comprimidos/Pastillas/Tabletas/Grageas"
"atorvastatin","20 mg comp.x 60","FINLIPOL","Microsules Arg.","Hipolipemiante","Comprimidos/Pastillas/Tabletas/Grageas"
"atorvastatin","20 mg comp.x 30","LIPODREN","Lafedar","Hipolipemiante","Comprimidos/Pastillas/Tabletas/Grageas"
"atorvastatin","20 mg comp.rec.x 60","LIPIBEC","Teva Argentina","Hipolipemiante","Comprimidos/Pastillas/Tabletas/Grageas"
"atorvastatin","20 mg comp.rec.x 60","ATORVASTATIN RICHET","Richet","Hipolipemiante","Comprimidos/Pastillas/Tabletas/Grageas"
"atorvastatin","10 mg comp.rec.x 30","NORMOLIPOL","Lepetit","Hipocolesterolemiante","Comprimidos/Pastillas/Tabletas/Grageas"
"atorvastatin","20 mg comp.rec.x 30","LIPIBEC","Teva Argentina","Hipolipemiante","Comprimidos/Pastillas/Tabletas/Grageas"
"atorvastatin","10 mg comp.rec.x 30","ROSATORV","Rospaw","Hipocolesterolemiante","Comprimidos/Pastillas/Tabletas/Grageas"
"atorvastatin","40 mg comp.rec.x 30","TORIVAS","Baliarda","Hipolipemiante","Comprimidos/Pastillas/Tabletas/Grageas"
"atorvastatin","20 mg comp.x 30","LIPOVASTATIN KLONAL","Klonal","Hipolipemiante","Comprimidos/Pastillas/Tabletas/Grageas"
"atorvastatin","20 mg comp.x 30","AMPLIAR","Casasco","Hipolipemiante","Comprimidos/Pastillas/Tabletas/Grageas"
"atorvastatin","10 mg comp.x 60","RONATOR","Ronnet","Hipocolesterolemiante","Comprimidos/Pastillas/Tabletas/Grageas"
"atorvastatin","20 mg comp.rec.x 30","LIPONORM","Lazar","Hipolipemiante","Comprimidos/Pastillas/Tabletas/Grageas"
"atorvastatin","40 mg comp.rec.x 60","NORMOLIPOL","Lepetit","Hipocolesterolemiante","Comprimidos/Pastillas/Tabletas/Grageas"
"atorvastatin","20 mg comp.x 30","PLAN","Craveri","Hipocolesterolemiante","Comprimidos/Pastillas/Tabletas/Grageas"
"atorvastatin","20 mg comp.x 30","LIPIFEN","Adium","Hipolipemiante","Comprimidos/Pastillas/Tabletas/Grageas"
"atorvastatin","20 mg comp.x 30","FINLIPOL","Microsules Arg.","Hipolipemiante","Comprimidos/Pastillas/Tabletas/Grageas"
"atorvastatin","10 mg comp.x 30","LIPODREN","Lafedar","Hipolipemiante","Comprimidos/Pastillas/Tabletas/Grageas"
"atorvastatin","10 mg comp.rec.x 60","LIPIBEC","Teva Argentina","Hipolipemiante","Comprimidos/Pastillas/Tabletas/Grageas"
"atorvastatin","20 mg comp.rec.x 30","ATORVASTATIN RICHET","Richet","Hipolipemiante","Comprimidos/Pastillas/Tabletas/Grageas"
"atorvastatin","comp.x 60","VANATOR 20","Vannier","Hipolipemiante","Comprimidos/Pastillas/Tabletas/Grageas"
"atorvastatin","20 mg comp.rec.x 60","LIPONORM","Lazar","Hipolipemiante","Comprimidos/Pastillas/Tabletas/Grageas"
"atorvastatin","10 mg comp.rec.x 30","LIPIBEC","Teva Argentina","Hipolipemiante","Comprimidos/Pastillas/Tabletas/Grageas"
"atorvastatin","20 mg comp.rec.x 30","ATEROCLAR","Beta","Hipocolesterolemiante","Comprimidos/Pastillas/Tabletas/Grageas"
"atorvastatin","10 mg comp.x 30","LIPOVASTATIN KLONAL","Klonal","Hipolipemiante","Comprimidos/Pastillas/Tabletas/Grageas"
"atorvastatin","10 mg comp.x 30","AMPLIAR","Casasco","Hipolipemiante","Comprimidos/Pastillas/Tabletas/Grageas"
"atorvastatin","20 mg comp.x 30","RONATOR","Ronnet","Hipocolesterolemiante","Comprimidos/Pastillas/Tabletas/Grageas"
"atorvastatin","20 mg comp.x 30","VASTINA","Richmond","Hipolipemiante","Comprimidos/Pastillas/Tabletas/Grageas"
"atorvastatin","comp.rec.x 30","ATORMAX 40","Gâminis Farmacâ","Hipolipemiante","Comprimidos/Pastillas/Tabletas/Grageas"
"atorvastatin","20 mg comp.x 60","AMPLIAR","Casasco","Hipolipemiante","Comprimidos/Pastillas/Tabletas/Grageas"
"atorvastatin","10 mg comp.rec.x 30","LIPONORM","Lazar","Hipolipemiante","Comprimidos/Pastillas/Tabletas/Grageas"
"atorvastatin","20 mg comp.x 30","LIPOSTOP","Denver Farma","Hipolipemiante","Comprimidos/Pastillas/Tabletas/Grageas"
"atorvastatin","20 mg comp.rec.x 60","NORMOLIPOL","Lepetit","Hipocolesterolemiante","Comprimidos/Pastillas/Tabletas/Grageas"
"atorvastatin","10 mg comp.x 30","PLAN","Craveri","Hipocolesterolemiante","Comprimidos/Pastillas/Tabletas/Grageas"
"atorvastatin","comp.rec.x 60","ATORMAX 20","Gâminis Farmacâ","Hipolipemiante","Comprimidos/Pastillas/Tabletas/Grageas"
"atorvastatin","10 mg comp.x 30","LIPIFEN","Adium","Hipolipemiante","Comprimidos/Pastillas/Tabletas/Grageas"
"atorvastatin","10 mg comp.x 60","FINLIPOL","Microsules Arg.","Hipolipemiante","Comprimidos/Pastillas/Tabletas/Grageas"
"atorvastatin","10 mg comp.rec.x 60","ATORVASTATIN RICHET","Richet","Hipolipemiante","Comprimidos/Pastillas/Tabletas/Grageas"
"atorvastatin","40 mg comp.x 30","AMPLIAR","Casasco","Hipolipemiante","Comprimidos/Pastillas/Tabletas/Grageas"
"atorvastatin","20 mg comp.rec.ran.x 60","TORIVAS","Baliarda","Hipolipemiante","Comprimidos/Pastillas/Tabletas/Grageas"
"atorvastatin","comp.x 60","VANATOR 10","Vannier","Hipolipemiante","Comprimidos/Pastillas/Tabletas/Grageas"
"atorvastatin","10 mg comp.rec.x 60","LIPONORM","Lazar","Hipolipemiante","Comprimidos/Pastillas/Tabletas/Grageas"
"atorvastatin","40 mg comp.rec.x 30","NORMOLIPOL","Lepetit","Hipocolesterolemiante","Comprimidos/Pastillas/Tabletas/Grageas"
"atorvastatin","10 mg comp.rec.x 30","ATEROCLAR","Beta","Hipocolesterolemiante","Comprimidos/Pastillas/Tabletas/Grageas"
"atorvastatin","20 mg comp.rec.x 60","LIPAREX","Finadiet","Hipolipemiante","Comprimidos/Pastillas/Tabletas/Grageas"
"atorvastatin","10 mg comp.rec.x 30","ATARVA","Duncan","Hipocolesterolemiante","Comprimidos/Pastillas/Tabletas/Grageas"
"atorvastatin","20 mg comp.x 60","RONATOR","Ronnet","Hipocolesterolemiante","Comprimidos/Pastillas/Tabletas/Grageas"
"atorvastatin","10 mg comp.x 30","VASTINA","Richmond","Hipolipemiante","Comprimidos/Pastillas/Tabletas/Grageas"
"atorvastatin","20 mg comp.x 30","LIPOKEMIA 20","Fecofar","Hipolipemiante","Comprimidos/Pastillas/Tabletas/Grageas"
"atorvastatin","10 mg comp.x 60","AMPLIAR","Casasco","Hipolipemiante","Comprimidos/Pastillas/Tabletas/Grageas"
"atorvastatin","40 mg comp.x 30","VASTINA","Richmond","Hipolipemiante","Comprimidos/Pastillas/Tabletas/Grageas"
"atorvastatin","20 mg comp.x 30","ATORVASTATINA FABRA","Fabra","Hipolipemiante","Comprimidos/Pastillas/Tabletas/Grageas"
"atorvastatin","10 mg comp.x 30","LIPOSTOP","Denver Farma","Hipolipemiante","Comprimidos/Pastillas/Tabletas/Grageas"
"atorvastatin","20 mg comp.x 60","LIPITOR","Aspen Pharma","Hipolipemiante","Comprimidos/Pastillas/Tabletas/Grageas"
"atorvastatin","20 mg comp.rec.ran.x 30","TORIVAS","Baliarda","Hipolipemiante","Comprimidos/Pastillas/Tabletas/Grageas"
"atorvastatin","10 mg comp.rec.x 60","NORMOLIPOL","Lepetit","Hipocolesterolemiante","Comprimidos/Pastillas/Tabletas/Grageas"
"atorvastatin","comp.rec.x 30","ATORMAX 20","Gâminis Farmacâ","Hipolipemiante","Comprimidos/Pastillas/Tabletas/Grageas"
"atorvastatin+ezetimibe","10/10 mg comp.x 30","LIPOCAMBI PLUS","Laboratorios Be","Hipolipemiante","Comprimidos/Pastillas/Tabletas/Grageas"
"atorvastatin+ezetimibe","20/10 mg comp.rec.x 30","LIPAREX PLUS 20","Finadiet","Hipolipemiante","Comprimidos/Pastillas/Tabletas/Grageas"
"atorvastatin+ezetimibe","20/10mg comp.rec.x30","TORIMIBE","Baliarda","Hipolipemiante","Comprimidos/Pastillas/Tabletas/Grageas"
"atorvastatin+ezetimibe","20/10 mg comp.x 30","AMPLIAR PLUS","Casasco","Hipocolesterolemiante","Comprimidos/Pastillas/Tabletas/Grageas"
"atorvastatin+ezetimibe","10/10mg comp.x 60(30+30)","PLAN DUO","Craveri","Hipolipemiante","Comprimidos/Pastillas/Tabletas/Grageas"
"atorvastatin+ezetimibe","40/10 mg comp.x 30","LIPONORM PLUS","Lazar","Hipolipemiante","Comprimidos/Pastillas/Tabletas/Grageas"
"atorvastatin+ezetimibe","10/10 mg comp.rec.x 30","LIPAREX PLUS 10","Finadiet","Hipolipemiante","Comprimidos/Pastillas/Tabletas/Grageas"
"atorvastatin+ezetimibe","10/10mg comp.rec.x30","TORIMIBE","Baliarda","Hipolipemiante","Comprimidos/Pastillas/Tabletas/Grageas"
"atorvastatin+ezetimibe","40/10 mg comp.x 30","COLMIBE","Adium","Hipolipemiante","Comprimidos/Pastillas/Tabletas/Grageas"
"atorvastatin+ezetimibe","10/10 mg comp.x 30","AMPLIAR PLUS","Casasco","Hipocolesterolemiante","Comprimidos/Pastillas/Tabletas/Grageas"
"atorvastatin+ezetimibe","20/10 mg comp.x 30","LIPOKEMIA PLUS 20/10","Fecofar","Hipolipemiante","Comprimidos/Pastillas/Tabletas/Grageas"
"atorvastatin+ezetimibe","20/10 mg comp.x 60","AMPLIAR DUO","Casasco","Hipolipemiante","Comprimidos/Pastillas/Tabletas/Grageas"
"atorvastatin+ezetimibe","10/10 mg comp.x 30","LIPOKEMIA PLUS 10/10","Fecofar","Hipolipemiante","Comprimidos/Pastillas/Tabletas/Grageas"
"atorvastatin+ezetimibe","10/10 mg comp.x 60","AMPLIAR DUO","Casasco","Hipolipemiante","Comprimidos/Pastillas/Tabletas/Grageas"
"atorvastatin+ezetimibe","20/10mg comp.x30","ZARATOR PLUS","Elea","Hipolipemiante","Comprimidos/Pastillas/Tabletas/Grageas"
"atorvastatin+ezetimibe","20/10mg comp.x60 (30+30)","LIPAREX DUO","Finadiet","Hipolipemiante","Comprimidos/Pastillas/Tabletas/Grageas"
"atorvastatin+ezetimibe","20/10 mg comp.x 30","LIPIBEC PLUS","Teva Argentina","Hipolipemiante","Comprimidos/Pastillas/Tabletas/Grageas"
"atorvastatin+ezetimibe","10/10mg comp.x30","ZARATOR PLUS","Elea","Hipolipemiante","Comprimidos/Pastillas/Tabletas/Grageas"
"atorvastatin+ezetimibe","10/10mg comp.x60 (30+30)","LIPAREX DUO","Finadiet","Hipolipemiante","Comprimidos/Pastillas/Tabletas/Grageas"
"atorvastatin+ezetimibe","20/10 mg comp.x 30","LIPONORM PLUS","Lazar","Hipolipemiante","Comprimidos/Pastillas/Tabletas/Grageas"
"atorvastatin+ezetimibe","10/10 mg comp.x 30","LIPIBEC PLUS","Teva Argentina","Hipolipemiante","Comprimidos/Pastillas/Tabletas/Grageas"
"atorvastatin+ezetimibe","20/10 mg comp.x 30","COLMIBE","Adium","Hipolipemiante","Comprimidos/Pastillas/Tabletas/Grageas"
"atorvastatin+ezetimibe","20/10 mg comp.x 30","ATEROCLAR COMBI","Beta","Hipolipemiante","Comprimidos/Pastillas/Tabletas/Grageas"
"atorvastatin+ezetimibe","10/10 mg comp.x 30","LIPONORM PLUS","Lazar","Hipolipemiante","Comprimidos/Pastillas/Tabletas/Grageas"
"atorvastatin+ezetimibe","10/10 mg comp.x 30","COLMIBE","Adium","Hipolipemiante","Comprimidos/Pastillas/Tabletas/Grageas"
"atorvastatin+ezetimibe","20/10 mg comp.x 30","LIPOCAMBI PLUS","Laboratorios Be","Hipolipemiante","Comprimidos/Pastillas/Tabletas/Grageas"
"atorvastatin+ezetimibe","10/10 mg comp.x 30","ATEROCLAR COMBI","Beta","Hipolipemiante","Comprimidos/Pastillas/Tabletas/Grageas"
"atorvastatin+ezetimibe","10/20mg comp.x 60(30+30)","PLAN DUO","Craveri","Hipolipemiante","Comprimidos/Pastillas/Tabletas/Grageas"
"atorvastatin+fenofibrato","10/134mg compx30+cÂ psx30","HIPOSTEROL","Teva Argentina","Hipolipemiante","Comprimidos/Pastillas/Tabletas/Grageas"
"atorvastatin+fenofibrato","20/134mg compx30+cÂ psx30","HIPOSTEROL","Teva Argentina","Hipolipemiante","Comprimidos/Pastillas/Tabletas/Grageas"
"atropina,sulfato","1% sol.oft.x 5 ml","ALCON ATROPINA 1%","Alcon","Midriatico","Gotas oftÂ lmicas/Colirios"
"atropina,sulfato","sol.oft.x 5 ml","KLONATROPINA","Klonal","Midriatico","Gotas oftÂ lmicas/Colirios"
"azitromicina","500 mg comp.rec.x 3","TRIAMID","Beta","Antibiotico","Comprimidos/Pastillas/Tabletas/Grageas"
"azitromicina","200 mg/5 ml susp.x 30 ml","MACROMAX PEDIATRICO","Siegfried","Antibiotico","Jarabe/SuspensiÂ¢n oral/Polvo para uso oral"
"azitromicina","500 mg comp.rec.x 3","NOVOZITRON","Biosintex Retai","Antibiotico","Comprimidos/Pastillas/Tabletas/Grageas"
"azitromicina","500 mg comp.rec.x 6","TRIAMID","Beta","Antibiotico","Comprimidos/Pastillas/Tabletas/Grageas"
"azitromicina","2 g susp.x 74 ml","MACROMAX 2G","Siegfried","Antibiotico","Jarabe/SuspensiÂ¢n oral/Polvo para uso oral"
"azitromicina","susp.x 30 ml","CRONOPEN","Elea","Antibiotico","Jarabe/SuspensiÂ¢n oral/Polvo para uso oral"
"azitromicina","500 mg comp.x 3","CETAXIM","Trb-Pharma","Antibiotico","Comprimidos/Pastillas/Tabletas/Grageas"
"azitromicina","pvo.p/reconstituir x15ml","AZITROLABSA 200","Labsa","Antibiotico","Jarabe/SuspensiÂ¢n oral/Polvo para uso oral"
"azitromicina","500 mg comp.x 6","IZOTROP","Savant Generic","Antibiotico","Comprimidos/Pastillas/Tabletas/Grageas"
"azitromicina","200 mg/5 ml susp.x 30 ml","AZITROGAL","Sant Gall","Antibiotico","Jarabe/SuspensiÂ¢n oral/Polvo para uso oral"
"azitromicina","500 mg comp.rec.x 6","SITROX","Biotenk","Antibiotico","Comprimidos/Pastillas/Tabletas/Grageas"
"azitromicina","susp.x 15 ml","CRONOPEN","Elea","Antibiotico","Jarabe/SuspensiÂ¢n oral/Polvo para uso oral"
"azitromicina","500 mg comp.x 3","OROBIOTIC","Fortbenton","Antibiotico","Comprimidos/Pastillas/Tabletas/Grageas"
"azitromicina","500 mg comp.rec.x 6","CRONOPEN","Elea","Antibiotico","Comprimidos/Pastillas/Tabletas/Grageas"
"azitromicina","600 mg susp.oral x 15 ml","ZITROMAX","Pfizer","Antibiotico","Jarabe/SuspensiÂ¢n oral/Polvo para uso oral"
"azitromicina","500 mg comp.rec.x 6","TALCILINA","Ronnet","Antibiotico","Comprimidos/Pastillas/Tabletas/Grageas"
"azitromicina","200 mg/5ml jbe.x 15 ml","FABRAMICINA","Fabra","Antibiotico","Jarabe/SuspensiÂ¢n oral/Polvo para uso oral"
"azitromicina","500 mg comp.x 6","TANEZOX","Microsules Arg.","Antibiotico","Comprimidos/Pastillas/Tabletas/Grageas"
"azitromicina","500 mg comp.x 3","TANEZOX","Microsules Arg.","Antibiotico","Comprimidos/Pastillas/Tabletas/Grageas"
"azitromicina","500 mg comp.rec.x 5","CRONOPEN","Elea","Antibiotico","Comprimidos/Pastillas/Tabletas/Grageas"
"azitromicina","500 mg comp.x 3","AZITROMICINA 500","Vent 3","Antibiotico","Comprimidos/Pastillas/Tabletas/Grageas"
"azitromicina","500 mg comp.rec.x 3","NEBLIC","Lazar","Antibiotico","Comprimidos/Pastillas/Tabletas/Grageas"
"azitromicina","200 mg/5 ml susp.x 15 ml","AZITRONA KLONAL","Klonal","Antibiotico","Jarabe/SuspensiÂ¢n oral/Polvo para uso oral"
"azitromicina","500 mg comp.x 6","AZITROMICINA RICHET","Richet","Antibiotico","Comprimidos/Pastillas/Tabletas/Grageas"
"azitromicina","500 mg comp.rec.x 6","NEBLIC","Lazar","Antibiotico","Comprimidos/Pastillas/Tabletas/Grageas"
"azitromicina","500 mg comp.x 5","DOYLE","Adium","Antibiotico","Comprimidos/Pastillas/Tabletas/Grageas"
"azitromicina","500 mg comp.x 3","IZOTROP","Savant Generic","Antibiotico","Comprimidos/Pastillas/Tabletas/Grageas"
"azitromicina","500 mg comp.x 3","FABRAMICINA","Fabra","Antibiotico","Comprimidos/Pastillas/Tabletas/Grageas"
"azitromicina","500 mg comp.x 6","OROBIOTIC","Fortbenton","Antibiotico","Comprimidos/Pastillas/Tabletas/Grageas"
"azitromicina","susp.oral x 15 ml","TREXBIOTIC","Casasco","Antibiotico","Jarabe/SuspensiÂ¢n oral/Polvo para uso oral"
"azitromicina","susp.oral x 30 ml","TRITAB","Roemmers","Antibiotico","Jarabe/SuspensiÂ¢n oral/Polvo para uso oral"
"azitromicina","500 mg comp.rec.x 3","TRITAB","Roemmers","Antibiotico","Comprimidos/Pastillas/Tabletas/Grageas"
"azitromicina","500 mg comp.rec.x 3","CRONOPEN","Elea","Antibiotico","Comprimidos/Pastillas/Tabletas/Grageas"
"azitromicina","pvo.p/susp.oral x 15 ml","AZITROMICINA RICHET","Richet","Antibiotico","Jarabe/SuspensiÂ¢n oral/Polvo para uso oral"
"azitromicina","susp.oral x 15 ml","TRITAB","Roemmers","Antibiotico","Jarabe/SuspensiÂ¢n oral/Polvo para uso oral"
"azitromicina","500 mg comp.x 3","AZITRONA KLONAL","Klonal","Antibiotico","Comprimidos/Pastillas/Tabletas/Grageas"
"azitromicina","500 mg comp.x 6","AZITROGAL","Sant Gall","Antibiotico","Comprimidos/Pastillas/Tabletas/Grageas"
"azitromicina","500 mg comp.rec.x 5","MISULTINA","Laboratorios Be","Antibiotico","Comprimidos/Pastillas/Tabletas/Grageas"
"azitromicina","susp.x 15 ml","MISULTINA","Laboratorios Be","Antibiotico","Jarabe/SuspensiÂ¢n oral/Polvo para uso oral"
"azitromicina","500 mg comp.x 3","DOYLE","Adium","Antibiotico","Comprimidos/Pastillas/Tabletas/Grageas"
"azitromicina","comp.rec.ran.x 7","AZIBIOTIC 500","Baliarda","Antibiotico","Comprimidos/Pastillas/Tabletas/Grageas"
"azitromicina","500 mg comp.x 5","AZITROMICINA RICHET","Richet","Antibiotico","Comprimidos/Pastillas/Tabletas/Grageas"
"azitromicina","500 mg comp.rec.x 3","TALCILINA","Ronnet","Antibiotico","Comprimidos/Pastillas/Tabletas/Grageas"
"azitromicina","500 mg comp.x 6","AZITROX","Austral","Antibiotico","Comprimidos/Pastillas/Tabletas/Grageas"
"azitromicina","500 mg comp.rec.x 5","TRIAMID","Beta","Antibiotico","Comprimidos/Pastillas/Tabletas/Grageas"
"azitromicina","500 mg comp.rec.x 5","TRITAB","Roemmers","Antibiotico","Comprimidos/Pastillas/Tabletas/Grageas"
"azitromicina","500 mg comp.x 6","AZITRONA KLONAL","Klonal","Antibiotico","Comprimidos/Pastillas/Tabletas/Grageas"
"azitromicina","500 mg comp.rec.x 5","SITROX","Biotenk","Antibiotico","Comprimidos/Pastillas/Tabletas/Grageas"
"azitromicina","500 mg comp.rec.x 6","TREXBIOTIC","Casasco","Antibiotico","Comprimidos/Pastillas/Tabletas/Grageas"
"azitromicina","500 mg comp.x 3","AZITROMICINA RICHET","Richet","Antibiotico","Comprimidos/Pastillas/Tabletas/Grageas"
"azitromicina","200 mg/5 ml susp.x 15 ml","AZITROX","Austral","Antibiotico","Jarabe/SuspensiÂ¢n oral/Polvo para uso oral"
"azitromicina","susp.x 30 ml","MISULTINA","Laboratorios Be","Antibiotico","Jarabe/SuspensiÂ¢n oral/Polvo para uso oral"
"azitromicina","500 mg comp.x 3","AZITROGAL","Sant Gall","Antibiotico","Comprimidos/Pastillas/Tabletas/Grageas"
"azitromicina","500 mg comp.x 6","MACROMAX","Siegfried","Antibiotico","Comprimidos/Pastillas/Tabletas/Grageas"
"azitromicina","500 mg comp.rec.x 3","MISULTINA","Laboratorios Be","Antibiotico","Comprimidos/Pastillas/Tabletas/Grageas"
"azitromicina","comp.rec.ran.x 5","AZIBIOTIC 500","Baliarda","Antibiotico","Comprimidos/Pastillas/Tabletas/Grageas"
"azitromicina","500 mg comp.rec.x 6","TRITAB","Roemmers","Antibiotico","Comprimidos/Pastillas/Tabletas/Grageas"
"azitromicina","susp.oral x 30 ml","TREXBIOTIC","Casasco","Antibiotico","Jarabe/SuspensiÂ¢n oral/Polvo para uso oral"
"azitromicina","500 mg comp.x 3","MACROMAX","Siegfried","Antibiotico","Comprimidos/Pastillas/Tabletas/Grageas"
"azitromicina","500 mg comp.rec.x 3","SITROX","Biotenk","Antibiotico","Comprimidos/Pastillas/Tabletas/Grageas"
"azitromicina","500 mg comp.rec.x 3","TREXBIOTIC","Casasco","Antibiotico","Comprimidos/Pastillas/Tabletas/Grageas"
"azitromicina","500 mg comp.x 3","AZITROX","Austral","Antibiotico","Comprimidos/Pastillas/Tabletas/Grageas"
"azitromicina","500 mg comp.rec.x 6","MISULTINA","Laboratorios Be","Antibiotico","Comprimidos/Pastillas/Tabletas/Grageas"
"azitromicina","500 mg comp.x 3","CLEARSING","Duncan","Antibiotico","Comprimidos/Pastillas/Tabletas/Grageas"
"azitromicina","500 mg comp.x 6","CLEARSING","Duncan","Antibiotico","Comprimidos/Pastillas/Tabletas/Grageas"
"azitromicina","comp.rec.ran.x 3","AZIBIOTIC 500","Baliarda","Antibiotico","Comprimidos/Pastillas/Tabletas/Grageas"
"azitromicina","500 mg tab.x 3","ZITROMAX","Pfizer","Antibiotico","Comprimidos/Pastillas/Tabletas/Grageas"
"azitromicina","500 mg comp.x 6","CETAXIM","Trb-Pharma","Antibiotico","Comprimidos/Pastillas/Tabletas/Grageas"
"azitromicina","comp.rec.x 3","AZITROLABSA 500","Labsa","Antibiotico","Comprimidos/Pastillas/Tabletas/Grageas"
"azitromicina","500 mg comp.rec.x 6","NOVOZITRON","Biosintex Retai","Antibiotico","Comprimidos/Pastillas/Tabletas/Grageas"
"azul de metileno+asoc.","grag.x 50","MICTASOL AZUL","Laboratorio Mil","Antiseptico urinario","Comprimidos/Pastillas/Tabletas/Grageas"
"benznidazol","100 mg comp.x 100","ABARAX","Elea","Antichagasico","Comprimidos/Pastillas/Tabletas/Grageas"
"benznidazol","50 mg comp.x 100","ABARAX","Elea","Antichagasico","Comprimidos/Pastillas/Tabletas/Grageas"
"benzoilo,peroxido","10% gel x 40 g","ACNESAN","Fortbenton","Antiacneico","Cremas/Geles/Pomadas/UngÂentos"
"benzoilo,peroxido","5% gel x 40 g","ACNESAN","Fortbenton","Antiacneico","Cremas/Geles/Pomadas/UngÂentos"
"benzoilo,peroxido","5% gel x 60 g","BENZIHEX AC","Galderma","Antiacneico","Cremas/Geles/Pomadas/UngÂentos"
"benzoilo,peroxido","10% gel x 70 g","PARACNE","Panalab","Antiacneico","Cremas/Geles/Pomadas/UngÂentos"
"benzoilo,peroxido","5% gel x 70 g","PARACNE","Panalab","Antiacneico","Cremas/Geles/Pomadas/UngÂentos"
"benzoilo,peroxido","10% gel x 60 g","ECNAGEL P.B.","Novoplos","Antiacneico","Cremas/Geles/Pomadas/UngÂentos"
"benzoilo,peroxido","10% gel x 60 g","PB GEL","Lagos","Antiacneico","Cremas/Geles/Pomadas/UngÂentos"
"benzoilo,peroxido","gel x 60 g","VALUCNE PB 10%","Valuge","Antiacneico","Cremas/Geles/Pomadas/UngÂentos"
"benzoilo,peroxido","5% gel x 60 g","PB GEL","Lagos","Antiacneico","Cremas/Geles/Pomadas/UngÂentos"
"benzoilo,peroxido","5% gel x 40 g","VIXIDERM E","Siegfried","Antiacneico","Cremas/Geles/Pomadas/UngÂentos"
"benzoilo,peroxido","5% gel x 60 g","ECNAGEL P.B.","Novoplos","Antiacneico","Cremas/Geles/Pomadas/UngÂentos"
"benzoilo,peroxido","gel x 60 g","VALUCNE PB 5%","Valuge","Antiacneico","Cremas/Geles/Pomadas/UngÂentos"
"betahistina","16 mg comp.x 30","BETAHISTINA RICHET","Richet","Antivertiginoso","Comprimidos/Pastillas/Tabletas/Grageas"
"betahistina","24 mg comp.x 30","OTEVIL","Casasco","Antivertiginoso","Comprimidos/Pastillas/Tabletas/Grageas"
"betahistina","8 mg comp.x 30","TIVEG","Eczane","Antivertiginoso","Comprimidos/Pastillas/Tabletas/Grageas"
"betahistina","16 mg comp.ranur.x 30","AUDIPAX 16","Baliarda","Antivertiginoso","Comprimidos/Pastillas/Tabletas/Grageas"
"betahistina","8 mg comp.x 30","BETAHISTINA RICHET","Richet","Antivertiginoso","Comprimidos/Pastillas/Tabletas/Grageas"
"betahistina","8 mg comp.x 30","MICROSER","Vannier-Grunent","Antivertiginoso","Comprimidos/Pastillas/Tabletas/Grageas"
"betahistina","8 mg comp.x 30","MENIEX","Fortbenton","Antivertiginoso","Comprimidos/Pastillas/Tabletas/Grageas"
"betahistina","16 mg comp.x 30","OTEVIL","Casasco","Antivertiginoso","Comprimidos/Pastillas/Tabletas/Grageas"
"betahistina","24 mg comp.ran. x 30","RILIF","Montpellier","Antivertiginoso","Comprimidos/Pastillas/Tabletas/Grageas"
"betahistina","24 mg comp.x 30","TIVEG","Eczane","Antivertiginoso","Comprimidos/Pastillas/Tabletas/Grageas"
"betahistina","24 mg comp.x 30","RONISTINA DUO","Rontag","Antivertiginoso","Comprimidos/Pastillas/Tabletas/Grageas"
"betahistina","24 mg comp.x 30","BETINA","Eurofarma","Antivertiginoso","Comprimidos/Pastillas/Tabletas/Grageas"
"betahistina","24 mg comp.x 30","MENIEX","Fortbenton","Antivertiginoso","Comprimidos/Pastillas/Tabletas/Grageas"
"betahistina","24 mg comp.x 30","BETASERC","Abbott EPD","Antivertiginoso","Comprimidos/Pastillas/Tabletas/Grageas"
"betahistina","8 mg comp.x 30","RONISTINA","Rontag","Antivertiginoso","Comprimidos/Pastillas/Tabletas/Grageas"
"betahistina","16 mg comp.ran.x 30","RILIF","Montpellier","Antivertiginoso","Comprimidos/Pastillas/Tabletas/Grageas"
"betahistina","16 mg comp.x 30","TIVEG","Eczane","Antivertiginoso","Comprimidos/Pastillas/Tabletas/Grageas"
"betahistina","16 mg comp.x 30","BETINA","Eurofarma","Antivertiginoso","Comprimidos/Pastillas/Tabletas/Grageas"
"betahistina","8 mg comp.x 30","BETASERC","Abbott EPD","Antivertiginoso","Comprimidos/Pastillas/Tabletas/Grageas"
"betahistina","16 mg comp.x 30","MENIEX","Fortbenton","Antivertiginoso","Comprimidos/Pastillas/Tabletas/Grageas"
"betahistina","24 mg comp.birran.x 30","RONISTINA DUO MD","Rontag","Antivertiginoso","Comprimidos/Pastillas/Tabletas/Grageas"
"betahistina","16 mg comp.x 30","BETASERC","Abbott EPD","Antivertiginoso","Comprimidos/Pastillas/Tabletas/Grageas"
"betahistina","24 mg comp.birran.x 30","AUDIPAX MULTIDOSIS","Baliarda","Antivertiginoso","Comprimidos/Pastillas/Tabletas/Grageas"
"betahistina","16 mg comp.x 30","MICROSER FORTE","Vannier-Grunent","Antivertiginoso","Comprimidos/Pastillas/Tabletas/Grageas"
"betahistina","16 mg comp.x 30","RONISTINA","Rontag","Antivertiginoso","Comprimidos/Pastillas/Tabletas/Grageas"
"betahistina","24 mg comp.x 30","MICROSER ULTRA","Vannier-Grunent","Antivertiginoso","Comprimidos/Pastillas/Tabletas/Grageas"
"betahistina","24 mg comp.x 30","BETAHISTINA RICHET","Richet","Antivertiginoso","Comprimidos/Pastillas/Tabletas/Grageas"
"betametasona","cr.x 30 g","CORTEROID","Montpellier","Corticosteroide","Cremas/Geles/Pomadas/UngÂentos"
"betametasona","cr.x 20 g","CORTICAS","Casasco","Corticosteroide topico","Cremas/Geles/Pomadas/UngÂentos"
"betametasona","iny.f.a.x 1 x 2 ml","CORTICAS","Casasco","Corticosteroide","Ampollas/Frascos-Ampolla/Liofilizados/Soluc.Parent"
"betametasona","cr.x 15 g","DIPROSONE","Organon Arg.","Corticosteroide","Cremas/Geles/Pomadas/UngÂentos"
"betametasona","gts.x 30 ml","CORTEROID","Montpellier","Corticosteroide","Gotas orales"
"betametasona","gts.x 15 ml","BETAMAT","Lafedar","Corticosteroide","Gotas orales"
"betametasona","loc.x 30 ml","BETNOVATE CAPILAR","GlaxoSmithKline","Corticosteroide","SoluciÂ¢n de uso externo/LociÂ¢n"
"betametasona","gts.x 20 ml","BETAMAT","Lafedar","Corticosteroide","Gotas orales"
"betametasona","gts.x 20 ml","CORTICAS","Casasco","Corticosteroide","Gotas orales"
"betametasona","0.6 mg comp.x 10","DEPOCORT","Roemmers","Corticosteroide","Comprimidos/Pastillas/Tabletas/Grageas"
"betametasona","cr.x 15 g","BETNOVATE","GlaxoSmithKline","Corticosteroide","Cremas/Geles/Pomadas/UngÂentos"
"betametasona","cr.x 30 g","BACTISONA CREMA","L.D.A.","Corticosteroide topico","Cremas/Geles/Pomadas/UngÂentos"
"betametasona","0.5 mg/ml liq.x 15 ml","BETASONE G","Klonal","Corticosteroide","Gotas orales"
"betametasona","cr.x 20 g","METABULGIN","Biosintex","Corticosteroide","Cremas/Geles/Pomadas/UngÂentos"
"betametasona","1.2 mg comp.x 30","CORTICAS","Casasco","Corticosteroide","Comprimidos/Pastillas/Tabletas/Grageas"
"betametasona","1.2 mg comp.x 30","CORTEROID","Montpellier","Corticosteroide","Comprimidos/Pastillas/Tabletas/Grageas"
"betametasona","gts.x 30 ml","CORTICAS","Casasco","Corticosteroide","Gotas orales"
"betametasona","gts.x 10 ml","BETAMAT","Lafedar","Corticosteroide","Gotas orales"
"betametasona","0.6 mg comp.x 30","CORTICAS","Casasco","Corticosteroide","Comprimidos/Pastillas/Tabletas/Grageas"
"betametasona","susp.oral x 30 ml","VITACORTIL B","Biosintex","Corticosteroide","Gotas orales"
"betametasona","0.6 mg comp.x 30","DEPOCORT","Roemmers","Corticosteroide","Comprimidos/Pastillas/Tabletas/Grageas"
"betametasona","cr.x 15 g","NOVOCORT","AndrÂ¢maco","Corticosteroide","Cremas/Geles/Pomadas/UngÂentos"
"betametasona","0.6 mg comp.x 30","CORTEROID","Montpellier","Corticosteroide","Comprimidos/Pastillas/Tabletas/Grageas"
"betametasona","lÂ¡q.x 15 ml","CELESTONE","Organon Arg.","Corticosteroide","Gotas orales"
"betametasona","cr.x 15 g","BETAMAT","Lafedar","Corticosteroide","Cremas/Geles/Pomadas/UngÂentos"
"betametasona","cr.x 15 g","BUTASONA FABRA","Fabra","Antiinflamatorio","Cremas/Geles/Pomadas/UngÂentos"
"betametasona","iny.f.a.x 1 x 2 ml","CORTEROID","Montpellier","Corticosteroide","Ampollas/Frascos-Ampolla/Liofilizados/Soluc.Parent"
"betametasona","0.5 mg comp.x 30","METAMAR","Mar","Corticosteroide","Comprimidos/Pastillas/Tabletas/Grageas"
"betametasona","60 mg gts.x 30 ml","BETAVALMAX","Valmax","Corticosteroide","Gotas orales"
"betametasona","0.1 g% cr.x 15 g","BETASONE G","Klonal","Corticosteroide","Cremas/Geles/Pomadas/UngÂentos"
"betametasona","1.2 mg comp.x 30","NOVOCORT","AndrÂ¢maco","Corticosteroide","Comprimidos/Pastillas/Tabletas/Grageas"
"betametasona","comp.x 20","BUTASONA FABRA","Fabra","Antiinflamatorio","Comprimidos/Pastillas/Tabletas/Grageas"
"betametasona","gts.x 30 ml","METAMAR","Mar","Corticosteroide","Gotas orales"
"betametasona","60 mg gts.x 15 ml","BETAVALMAX","Valmax","Corticosteroide","Gotas orales"
"betametasona","cr.x 20 g","VITACORTIL B","Biosintex","Corticosteroide topico","Cremas/Geles/Pomadas/UngÂentos"
"betametasona","0.6 mg/ml gts.x 30 ml","DEPOCORT","Roemmers","Corticosteroide","Gotas orales"
"betametasona","0.6 mg comp.x 30","NOVOCORT","AndrÂ¢maco","Corticosteroide","Comprimidos/Pastillas/Tabletas/Grageas"
"betametasona","gts.x 30 ml","BETACORT CASSARA","CassarÂ","Corticosteroide","Gotas orales"
"betametasona","cr.x 30 g","BETNOVATE","GlaxoSmithKline","Corticosteroide","Cremas/Geles/Pomadas/UngÂentos"
"betametasona","cr.x 20 g","LAZAR CORT","Lazar","Corticosteroide topico","Cremas/Geles/Pomadas/UngÂentos"
"betametasona (acet.y fosf.disod)","f.a.x 1 x 2 ml + jga.","CRONODICASONE","Baliarda","Corticosteroide","Ampollas/Frascos-Ampolla/Liofilizados/Soluc.Parent"
"betametasona (acet.y fosf.disod)","iny.f.a.x 1 x 2 ml+jga.","BETAMAT RETARD","Lafedar","Corticosteroide","Ampollas/Frascos-Ampolla/Liofilizados/Soluc.Parent"
"betametasona (acet.y fosf.disod)","f.a.x 1 x 2 ml","DEPOCORT RETARD","Roemmers","Corticosteroide","Ampollas/Frascos-Ampolla/Liofilizados/Soluc.Parent"
"betametasona (acet.y fosf.disod)","a.x 1","BETASONE G RETARD","Klonal","Corticosteroide","Ampollas/Frascos-Ampolla/Liofilizados/Soluc.Parent"
"betametasona (acet.y fosf.disod)","a.x 1 + jga.desc.","BUTASONA FABRA RL","Fabra","Antiinflamatorio","Ampollas/Frascos-Ampolla/Liofilizados/Soluc.Parent"
"betametasona (acet.y fosf.disod)","fco.a.x 1 x 2 ml","DASTEN CRONOS","Duncan","Corticosteroide","Ampollas/Frascos-Ampolla/Liofilizados/Soluc.Parent"
"betametasona (acet.y fosf.disod)","iny.f.a.x 1 x 5 ml","CORTEROID RETARD","Montpellier","Corticosteroide","Ampollas/Frascos-Ampolla/Liofilizados/Soluc.Parent"
"betametasona (acet.y fosf.disod)","iny.f.a.x 1 x 2 ml","CORTEROID RETARD","Montpellier","Corticosteroide","Ampollas/Frascos-Ampolla/Liofilizados/Soluc.Parent"
"betametasona (acet.y fosf.disod)","iny.f.a.x 1 x 2 ml","CORTICAS RETARD","Casasco","Corticosteroide","Ampollas/Frascos-Ampolla/Liofilizados/Soluc.Parent"
"betametasona (acet.y fosf.disod)","f.a.x 1 x 2 ml + jga.","METAMAR RETARD","Mar","Corticosteroide","Ampollas/Frascos-Ampolla/Liofilizados/Soluc.Parent"
"betametasona (acet.y fosf.disod)","f.a.x 1 x 2 ml","CELESTONE CRONODOSE","Organon Arg.","Glucocorticoesteroide","Ampollas/Frascos-Ampolla/Liofilizados/Soluc.Parent"
"betametasona (diprop.y f.disod.)","iny.a.x 1 x 2 ml","CRONOCORTEROID","Montpellier","Corticosteroide","Ampollas/Frascos-Ampolla/Liofilizados/Soluc.Parent"
"betametasona (diprop.y f.disod.)","f.a.x 1 x 2 ml","DEPOCORT CRONO","Roemmers","Corticosteroide","Ampollas/Frascos-Ampolla/Liofilizados/Soluc.Parent"
"betametasona (diprop.y f.disod.)","f.a.x 1 x 2 ml + jga.","CRONODICASONE DEPOT","Baliarda","Corticosteroide","Ampollas/Frascos-Ampolla/Liofilizados/Soluc.Parent"
"betametasona (diprop.y f.disod.)","susp.iny.f.a.x 1 x 2 ml","CRONO CORTICAS","Casasco","Corticosteroide","Ampollas/Frascos-Ampolla/Liofilizados/Soluc.Parent"
"betametasona (fosfato disodico)","gts.x 30 ml","NOVOCORT","AndrÂ¢maco","Corticosteroide","Gotas orales"
"betametasona+gentamic.+miconazol","cr.x 20 g","CUTA","Fortbenton","Antibiotico Antiinfl.Antimicot.","Cremas/Geles/Pomadas/UngÂentos"
"betametasona+gentamic.+miconazol","cr.dârmica x 25 g","BETACORT PLUS CASSARA","CassarÂ","Antibiotico Antiinfl.Antimicot.","Cremas/Geles/Pomadas/UngÂentos"
"betametasona+gentamic.+miconazol","cr.x 20 g","DENVERCREM DENVER FARMA","Denver Farma","Antibiotico Antiinfl.Antimicot.","Cremas/Geles/Pomadas/UngÂentos"
"betametasona+gentamic.+miconazol","cr.x 20 g","DERMA 3","Craveri","Antibiotico Antiinfl.Antimicot.","Cremas/Geles/Pomadas/UngÂentos"
"betametasona+gentamic.+miconazol","cr.x 20 g","CIPROCORT","Savant Generic","Antialergico Antihistaminico","Cremas/Geles/Pomadas/UngÂentos"
"betametasona+gentamic.+miconazol","0.1/0.1/2 g% cr.x 20 g","MIKLOGEN","Klonal","Antibiotico Antiinfl.Antimicot.","Cremas/Geles/Pomadas/UngÂentos"
"betametasona+gentamic.+miconazol","pomo x 10 g","FACTOR DERMICO","Casasco","Antibiotico Antiinfl.Antimicot.","Cremas/Geles/Pomadas/UngÂentos"
"betametasona+gentamic.+miconazol","cr.x 20 g","TRIPLEX","Microsules Arg.","Antibiotico Antiinfl.Antimicot.","Cremas/Geles/Pomadas/UngÂentos"
"betametasona+gentamic.+miconazol","cr.x 20 g","MACRIL","AndrÂ¢maco","Antibiotico Antiinfl.Antimicot.","Cremas/Geles/Pomadas/UngÂentos"
"betametasona+gentamic.+miconazol","pomo x 20 g","FACTOR DERMICO","Casasco","Antibiotico Antiinfl.Antimicot.","Cremas/Geles/Pomadas/UngÂentos"
"betametasona+gentamic.+miconazol","cr.x 20 g","ADENIL","Austral","Antibiotico Antiinfl.Antimicot.","Cremas/Geles/Pomadas/UngÂentos"
"betametasona+gentamic.+miconazol","cr.dârmica x 20 g","BETACORT PLUS","Medisol","AntibiÂ¢tico Antiinfl.Antimicot.t","Cremas/Geles/Pomadas/UngÂentos"
"betametasona+gentamic.+miconazol","cr.x 20 g","GENTASOL CREMA","Monserrat","Antibiotico Antiinfl.Antimicot.","Cremas/Geles/Pomadas/UngÂentos"
"betametasona+gentamic.+miconazol","cr.x 20 g","HIFAMONIL CREMA","Megalabs Argent","Antibiotico Antiinfl.Antimicot.","Cremas/Geles/Pomadas/UngÂentos"
"betametasona+gentamic.+miconazol","cr.x 20 g","LAZAR CORT COMPLEX","Lazar","Antibiotico Antiinfl.Antimicot.","Cremas/Geles/Pomadas/UngÂentos"
"betametasona+gentamic.+miconazol","cr.x 20 g","BLAMY","Duncan","Antibiotico Antiinfl.Antimicot.","Cremas/Geles/Pomadas/UngÂentos"
"betametasona+gentamic.+miconazol","cr.x 20 g","DERMOSONA FECOFAR","Fecofar","Antibiotico Antiinfl.","Cremas/Geles/Pomadas/UngÂentos"
"betametasona+gentamic.+miconazol","cr.x 20 g","TRIBIOCORT","Biosintex","Antibiotico Antiinfl.Antimicot.","Cremas/Geles/Pomadas/UngÂentos"
"betametasona+gentamicina","cr.x 20 g","DIPROGENTA","Organon Arg.","Antibiotico Antiinfl.","Cremas/Geles/Pomadas/UngÂentos"
"betametasona+gentamicina","cr.x 20 g","DEXALERGIN NF","Teva Argentina","Antibiotico Corticosteroide","Cremas/Geles/Pomadas/UngÂentos"
"betametasona+gentamicina","cr.x 30 g","BACTICORT","Montpellier","Antibiotico Corticosteroide","Cremas/Geles/Pomadas/UngÂentos"
"betametasona+gentamicina+asoc.","cr.x 20 g","QUADRIDERM","Organon Arg.","Antimicotico Antiinflamatorio","Cremas/Geles/Pomadas/UngÂentos"
"betametasona+gentamicina+asoc.","cr.x 20 g","VITACORTIL","Biosintex Retai","Antibiotico Antiinfl.Antimicot.","Cremas/Geles/Pomadas/UngÂentos"
"betametasona+gentamicina+asoc.","cr.x 20 g","CALMURID","Ronnet","Antibiotico Antiinfl.Antimicot.","Cremas/Geles/Pomadas/UngÂentos"
"betametasona+gentamicina+asoc.","cr.x 10 g","QUADRIDERM","Organon Arg.","Antimicotico Antiinflamatorio","Cremas/Geles/Pomadas/UngÂentos"
"betametasona+gentamicina+asoc.","cr.x 20 g","BACTICORT COMPLEX","Montpellier","Antibiotico Antiinfl.Antimicot.","Cremas/Geles/Pomadas/UngÂentos"
"betametasona+gentamicina+asoc.","cr.x 10 g","VITACORTIL","Biosintex Retai","Antibiotico Antiinfl.Antimicot.","Cremas/Geles/Pomadas/UngÂentos"
"betametasona+gentamicina+asoc.","cr.x 30 g","BACTICORT COMPLEX","Montpellier","Antibiotico Antiinfl.Antimicot.","Cremas/Geles/Pomadas/UngÂentos"
"bezafibrato","comp.x 30","ELPI LIP","Elea","Hipolipemiante","Comprimidos/Pastillas/Tabletas/Grageas"
"bezafibrato","rtd.400 mg comp.x 30","BEZACUR","Siegfried","Hipolipemiante","Comprimidos/Pastillas/Tabletas/Grageas"
"bezafibrato","comp.rec.x 30","BEZALIP RETARD","Teva Argentina","Hipolipemiante","Comprimidos/Pastillas/Tabletas/Grageas"
"bimatoprost","0.03% vial x 30 x 0.4ml","LUMIGAN UD","Abbvie","Antiglaucomatoso","Gotas oftÂ lmicas/Colirios"
"bimatoprost","0.03% sol.oft.x 3 ml","LUMIGAN","Abbvie","Antiglaucomatoso","Gotas oftÂ lmicas/Colirios"
"bimatoprost","fco.x 5 ml+60 aplic.est.","LASIN","Poen","Trat.hipotricosis de pestaÂ¤as","Gotas oftÂ lmicas/Colirios"
"bimatoprost","0.01% fco.gotero x 3 ml","LUMIGAN RC","Abbvie","Antiglaucomatoso","Gotas oftÂ lmicas/Colirios"
"bimatoprost","fco.x 3 ml","LASIN","Poen","Trat.hipotricosis de pestaÂ¤as","Gotas oftÂ lmicas/Colirios"
"bimatoprost+timolol","sol.oft.x 30 ds.x 0.4 ml","GANFORT UD","Abbvie","Antiglaucomatoso","Gotas oftÂ lmicas/Colirios"
"bimatoprost+timolol","sol.oft.x 3 ml","GANFORT","Abbvie","Antiglaucomatoso","Gotas oftÂ lmicas/Colirios"
"bisacodilo","5 mg comp.rec.x 20","MODATON","Montpellier","Laxante","Comprimidos/Pastillas/Tabletas/Grageas"
"bisoprolol","5 mg comp.rec.x 30","LOSTAPROLOL","Temis-LostalÂ¢","Betabloqueante","Comprimidos/Pastillas/Tabletas/Grageas"
"bisoprolol","10 mg comp.x 30","BISOFEC 10","Fecofar","Betabloqueante","Comprimidos/Pastillas/Tabletas/Grageas"
"bisoprolol","10 mg comp.rec.x 30","CORBIS","Roemmers","Betabloqueante","Comprimidos/Pastillas/Tabletas/Grageas"
"bisoprolol","10 mg comp.rec.x 60","CORBIS","Roemmers","Betabloqueante","Comprimidos/Pastillas/Tabletas/Grageas"
"bisoprolol","5 mg comp.x 30","BISOFEC 5","Fecofar","Betabloqueante","Comprimidos/Pastillas/Tabletas/Grageas"
"bisoprolol","5 mg comp.rec.x 30","CORBIS","Roemmers","Betabloqueante","Comprimidos/Pastillas/Tabletas/Grageas"
"bisoprolol","2.5 mg comp.rec.x 60","CORBIS","Roemmers","Betabloqueante","Comprimidos/Pastillas/Tabletas/Grageas"
"bisoprolol","10 mg comp.x 30","BISOPROLOL TEVA","Teva Argentina","Betabloqueante","Comprimidos/Pastillas/Tabletas/Grageas"
"bisoprolol","2.5 mg comp.rec.x 30","PROBLOCK","Eczane","Betabloqueante","Comprimidos/Pastillas/Tabletas/Grageas"
"bisoprolol","10 mg comp.rec.x 30","BISOPIL","Gador","Betabloqueante","Comprimidos/Pastillas/Tabletas/Grageas"
"bisoprolol","10 mg comp.x 30","CARDIPLEN","Casasco","Betabloqueante","Comprimidos/Pastillas/Tabletas/Grageas"
"bisoprolol","10 mg comp.x 30","CONCOR","Elea","Betabloqueante","Comprimidos/Pastillas/Tabletas/Grageas"
"bisoprolol","2.5 mg comp.x 30","BISOFEC 2.5","Fecofar","Betabloqueante","Comprimidos/Pastillas/Tabletas/Grageas"
"bisoprolol","5 mg comp.rec.x 60","CORBIS","Roemmers","Betabloqueante","Comprimidos/Pastillas/Tabletas/Grageas"
"bisoprolol","5 mg comp.x 30","BISOPROLOL TEVA","Teva Argentina","Betabloqueante","Comprimidos/Pastillas/Tabletas/Grageas"
"bisoprolol","10 mg comp.rec.x 30","PROBLOCK","Eczane","Betabloqueante","Comprimidos/Pastillas/Tabletas/Grageas"
"bisoprolol","5 mg comp.rec.x 30","BISOPIL","Gador","Betabloqueante","Comprimidos/Pastillas/Tabletas/Grageas"
"bisoprolol","5 mg comp.x 30","CARDIPLEN","Casasco","Betabloqueante","Comprimidos/Pastillas/Tabletas/Grageas"
"bisoprolol","5 mg comp.x 30","CONCOR","Elea","Betabloqueante","Comprimidos/Pastillas/Tabletas/Grageas"
"bisoprolol","2.5 mg comp.rec.x 30","CORBIS","Roemmers","Betabloqueante","Comprimidos/Pastillas/Tabletas/Grageas"
"bisoprolol","5 mg comp.x 30","BIPROSOL 5 MG","Lepetit","Betabloqueante","Comprimidos/Pastillas/Tabletas/Grageas"
"bisoprolol","2.5 mg comp.rec.x 30","BISOPIL","Gador","Betabloqueante","Comprimidos/Pastillas/Tabletas/Grageas"
"bisoprolol","2.5 mg comp.x 30","CARDIPLEN","Casasco","Betabloqueante","Comprimidos/Pastillas/Tabletas/Grageas"
"bisoprolol","2.5 mg comp.x 30","CONCOR","Elea","Betabloqueante","Comprimidos/Pastillas/Tabletas/Grageas"
"bisoprolol","10 mg comp.rec.x 30","BICARDIL","Baliarda","Betabloqueante","Comprimidos/Pastillas/Tabletas/Grageas"
"bisoprolol","5 mg comp.rec.x 30","PROBLOCK","Eczane","Betabloqueante","Comprimidos/Pastillas/Tabletas/Grageas"
"bisoprolol","10 mg comp.x 30","BIPROSOL 10 MG","Lepetit","Betabloqueante","Comprimidos/Pastillas/Tabletas/Grageas"
"bisoprolol","5 mg comp.rec.x 30","BICARDIL","Baliarda","Betabloqueante","Comprimidos/Pastillas/Tabletas/Grageas"
"bisoprolol","10 mg comp.rec.x 30","LOSTAPROLOL","Temis-LostalÂ¢","Betabloqueante","Comprimidos/Pastillas/Tabletas/Grageas"
"bisoprolol","2.5 mg comp.rec.x 30","LOSTAPROLOL","Temis-LostalÂ¢","Betabloqueante","Comprimidos/Pastillas/Tabletas/Grageas"
"bisoprolol","2.5 mg comp.rec.x 30","BICARDIL","Baliarda","Betabloqueante","Comprimidos/Pastillas/Tabletas/Grageas"
"bisoprolol+amlodipina","5/10 comp.x 30","BICARDIL A","Baliarda","Betabloqueante","Comprimidos/Pastillas/Tabletas/Grageas"
"bisoprolol+hidroclorotiazida","10/25 mg comp.x 30","CONCOR PLUS","Elea","Antihipertensivo","Comprimidos/Pastillas/Tabletas/Grageas"
"bisoprolol+hidroclorotiazida","5/12.5 mg comp.x 30","CORBIS D","Roemmers","Antihipertensivo","Comprimidos/Pastillas/Tabletas/Grageas"
"bisoprolol+hidroclorotiazida","5/12.5 mg comp.x 30","CONCOR PLUS","Elea","Antihipertensivo","Comprimidos/Pastillas/Tabletas/Grageas"
"bisoprolol+hidroclorotiazida","5/12.5 mg comp.x 30","CARDIPLEN D","Casasco","Antihipertensivo","Comprimidos/Pastillas/Tabletas/Grageas"
"bisoprolol+hidroclorotiazida","5/12.5 mg comp.rec.x 60","CORBIS D","Roemmers","Antihipertensivo","Comprimidos/Pastillas/Tabletas/Grageas"
"bisoprolol+hidroclorotiazida","comp.x 30","BISOFEC D","Fecofar","Antihipertensivo","Comprimidos/Pastillas/Tabletas/Grageas"
"brimonidina","sol.oft.x 5 ml","ALPHAGAN P","Abbvie","Antiglaucomatoso","Gotas oftÂ lmicas/Colirios"
"brimonidina","0.2% sol.oft.x 5 ml","BRIMOPRESS","Poen","Antiglaucomatoso","Gotas oftÂ lmicas/Colirios"
"brimonidina","sol.oft.x 5 ml","ALPHAGAN","Abbvie","Antiglaucomatoso","Gotas oftÂ lmicas/Colirios"
"brimonidina+timolol","sol.oft.x 5 ml","BRIT","Max Vision","Antiglaucomatoso","Gotas oftÂ lmicas/Colirios"
"brimonidina+timolol","0.2%/0.5% gts.oft.x 5 ml","COMBIGAN","Abbvie","Antiglaucomatoso","Gotas oftÂ lmicas/Colirios"
"brimonidina+timolol","sol.oft.estâril x 5ml","TIMOBRIM","Lab Internacion","Antiglaucomatoso","Gotas oftÂ lmicas/Colirios"
"brimonidina+timolol","sol.oft.x 5 ml","BRIMOPRESS T","Poen","Antiglaucomatoso","Gotas oftÂ lmicas/Colirios"
"brinzolamida","1% susp.oft.x 5 ml","AZOPT","Novartis","Antiglaucomatoso","Gotas oftÂ lmicas/Colirios"
"brinzolamida + brimonidina","susp.oft.x 5 ml","SIMBRINZA","Novartis","Antiglaucomatoso","Gotas oftÂ lmicas/Colirios"
"brinzolamida+timolol","fco.x 5 ml","AZARGA","Novartis","Antiglaucomatoso","Gotas oftÂ lmicas/Colirios"
"bromazepam","6 mg comp.x 60","ATEMPERATOR","Teva Argentina","Ansiolitico","Comprimidos/Pastillas/Tabletas/Grageas"
"bromazepam","3 mg comp.x 30","LEXOTANIL","Biopas Argentin","Ansiolitico","Comprimidos/Pastillas/Tabletas/Grageas"
"bromazepam","6 mg comp.x 30","ATEMPERATOR","Teva Argentina","Ansiolitico","Comprimidos/Pastillas/Tabletas/Grageas"
"bromazepam","6 mg comp.x 50","OCTANYL 6","BagÂ¢","Ansiolitico","Comprimidos/Pastillas/Tabletas/Grageas"
"bromazepam","6 mg comp.x 50","CREOSEDIN","Rontag","Ansiolitico","Comprimidos/Pastillas/Tabletas/Grageas"
"bromazepam","6 mg comp.x 20","CREOSEDIN","Rontag","Ansiolitico","Comprimidos/Pastillas/Tabletas/Grageas"
"bromazepam","3 mg comp.x 60","ATEMPERATOR","Teva Argentina","Ansiolitico","Comprimidos/Pastillas/Tabletas/Grageas"
"bromazepam","3 mg comp.x 50","OCTANYL 3","BagÂ¢","Ansiolitico","Comprimidos/Pastillas/Tabletas/Grageas"
"bromazepam","6 mg comp.x 50","LEXOTANIL","Biopas Argentin","Ansiolitico","Comprimidos/Pastillas/Tabletas/Grageas"
"bromazepam","3 mg comp.x 20","CREOSEDIN","Rontag","Ansiolitico","Comprimidos/Pastillas/Tabletas/Grageas"
"bromazepam","3 mg comp.x 30","ATEMPERATOR","Teva Argentina","Ansiolitico","Comprimidos/Pastillas/Tabletas/Grageas"
"bromazepam","6 mg comp.x 30","NEUROZEPAM","Lafedar","Ansiolitico","Comprimidos/Pastillas/Tabletas/Grageas"
"bromazepam","6 mg comp.x 30","ESTOMINA","Fabra","Ansiolitico","Comprimidos/Pastillas/Tabletas/Grageas"
"bromazepam","3 mg comp.x 30","NEUROZEPAM","Lafedar","Ansiolitico","Comprimidos/Pastillas/Tabletas/Grageas"
"bromazepam","3 mg comp.x 30","ESTOMINA","Fabra","Ansiolitico","Comprimidos/Pastillas/Tabletas/Grageas"
"bromazepam","6 mg comp.x 30","LEXOTANIL","Biopas Argentin","Ansiolitico","Comprimidos/Pastillas/Tabletas/Grageas"
"bromazepam","3 mg comp.x 50","CREOSEDIN","Rontag","Ansiolitico","Comprimidos/Pastillas/Tabletas/Grageas"
"budesonida+glicopirronio+formote","aer.x 120 ds.+val.dos.","BREZTRI AEROSPHERE","AstraZeneca","Antiinflam.respirat.Broncodil.","Sprays/Aerosoles/Soluc.p/nebulizar CON AEROCAMARA"
"budesonida+glicopirronio+formote","aerosol x 120 dosis","BREZTRI AEROSPHERE","AstraZeneca","Antiinflam.respirat.Broncodil.","Sprays/Aerosoles/Soluc.p/nebulizar CON AEROCAMARA"
"budesonide","spray nasal x 100 dosis","HYPERSOL B 100","CassarÂ","Antialergico Antiinflamatorio","Aerosoles nasales"
"budesonide","spray nasal x 200 dosis","HYPERSOL B 50","CassarÂ","Antialergico Antiinflamatorio","Aerosoles nasales"
"budesonide","200 mcg aer.x 200 dosis","NEUMOCORT HFA","CassarÂ","Antiasmatico","Sprays/Aerosoles/Soluc.p/nebulizar CON APLICADOR"
"budesonide","2 mg enema x 7","BUDECORT ENEMA","Sanitas","Antiinflam.intestinal","Enemas/Polvos para uso rectal"
"budesonide","50 mcg aer.x 200 dosis","NEUMOTEX BRONQUIAL PEDIATRICO CON AEROCAMARA","Elea","Corticosteroide","Sprays/Aerosoles/Soluc.p/nebulizar CON AEROCAMARA"
"budesonide","sol.x 20 ml","EXUDROL BUDE","Lafedar","Antiasmatico","Sprays/Aerosoles/Soluciones para nebulizar"
"budesonide","200 mcg aer.x 200 dosis","NEUMOCORT HFA+CAMARA ESP. NO ELECTROEST.","CassarÂ","Antiasmatico","Sprays/Aerosoles/Soluc.p/nebulizar CON APLICADOR"
"budesonide","aerosol x 200 dosis","BUDESONIDA DF BRONQUIAL","Denver Farma","Antiasmatico","Sprays/Aerosoles/Soluc.p/nebulizar CON APLICADOR"
"budesonide","cÂ ps.p/inhalar x 60","NEUMOTEX 400","Elea","Antialergico Antiinflamatorio","CÂ psulas para inhalar"
"budesonide","200 mcg aer.x 200 dosis","NEUMOTEX BRONQUIAL","Elea","Antialergico Antiinflamatorio","Sprays/Aerosoles/Soluc.p/nebulizar CON APLICADOR"
"budesonide","aerosol x 100 dosis","RINO-B 100","Elea","Descongestivo nasal","Aerosoles nasales"
"budesonide","aer.x 200 ds.+adap.buc.","AEROVIAL HFA","Lab Internacion","Antiinflam.Corticosteroide","Sprays/Aerosoles/Soluc.p/nebulizar CON APLICADOR"
"budesonide","cÂ ps.p/inhalar x 60","NEUMOTEX 200","Elea","Antialergico Antiinflamatorio","CÂ psulas para inhalar"
"budesonide","espuma rectal x14 aplic.","BUDENOFALK","LKM","Antiinflam.intestinal","Enemas/Polvos para uso rectal"
"budesonide","aer.x 200 dosis","NEUMOTEX BRONQUIAL PEDIATRICO","Elea","Antialergico Antiinflamatorio","Sprays/Aerosoles/Soluciones para nebulizar"
"budesonide","200 mcg aer.x 100 dosis","NEUMOTEX BRONQUIAL","Elea","Antialergico Antiinflamatorio","Sprays/Aerosoles/Soluciones para nebulizar"
"budesonide","env.x 20 ml","BUDESONIDA DF NEBU","Denver Farma","Antialergico Antiinflamatorio","Sprays/Aerosoles/Soluciones para nebulizar"
"budesonide","sol.x 20 ml","BUDESON NEBU","Eurofarma","Antialergico Antiinflamatorio","Sprays/Aerosoles/Soluciones para nebulizar"
"budesonide","200 mcg hfa aer.x 200ds.","NEUMOCORT + AEROMED","CassarÂ","Antiasmatico","Sprays/Aerosoles/Soluc.p/nebulizar CON AEROCAMARA"
"budesonide","env.x 20 ml","NEUMOTEX NEBU","Elea","Antialergico Antiinflamatorio","Sprays/Aerosoles/Soluciones para nebulizar"
"budesonide","fco.x 20 ml","PROETZONIDE NEBU","Dallas","Antialergico Antiinflamatorio","Sprays/Aerosoles/Soluciones para nebulizar"
"budesonide+formoterol","cÂ ps.x 60 + aplic.","NEUMOTEROL 400","Elea","Antiinflam.respirat.Broncodil.","CÂ psulas para inhalar+aplicador"
"budesonide+formoterol","160/4.5mcg cÂ ps.inh.x 60","MAXIVENT","Lersan","Broncodilatador","CÂ psulas para inhalar+aplicador"
"budesonide+formoterol","cÂ ps.c/polvo x60 +aplic.","NEUMOCORT PLUS","CassarÂ","Antiinflam.respirat.Broncodil.","CÂ psulas para inhalar+aplicador"
"budesonide+formoterol","cÂ ps.c/polvo x120+aplic.","NEUMOCORT PLUS","CassarÂ","Antiinflam.respirat.Broncodil.","CÂ psulas para inhalar+aplicador"
"budesonide+formoterol","80/4.5 x 120 dosis","NEUMOTEROL AEROSOL","Elea","Antiinflam.respirat.Broncodil.","Sprays/Aerosoles/Soluciones para nebulizar"
"budesonide+formoterol","160/4.5 mcg dosis x 120","SYMBICORT TURBUHALER","AstraZeneca","Antiinflam.respirat.Broncodil.","Sprays/Aerosoles/Soluciones para nebulizar"
"budesonide+formoterol","400 cÂ ps.x 60 +aplicador","LIERBRON","Montpellier","Antiinflam.respirat.Broncodil.","CÂ psulas para inhalar+aplicador"
"budesonide+formoterol","200/6 mcg cÂ ps.inh.x 60","NEUMOCORT PLUS","CassarÂ","Antiinflam.respirat.Broncodil.","CÂ psulas para inhalar"
"budesonide+formoterol","160/4.5 mcg x 120 dosis","FREVIA","AstraZeneca","Antiinflam.respirat.Broncodil.","Sprays/Aerosoles/Soluciones para nebulizar"
"budesonide+formoterol","200 cÂ ps.x 120+aplicador","LIERBRON","Montpellier","Antiinflam.respirat.Broncodil.","CÂ psulas para inhalar+aplicador"
"budesonide+formoterol","cÂ ps.p/inh. x120+aplic.","FORMOVENT + BUDE","Lab Internacion","Broncodilatador","CÂ psulas para inhalar+aplicador"
"budesonide+formoterol","cÂ ps.x 120 + aplic.","NEUMOTEROL 200","Elea","Antiinflam.respirat.Broncodil.","CÂ psulas para inhalar+aplicador"
"budesonide+formoterol","80/4.5 mcg x 120 dosis","FREVIA","AstraZeneca","Antiinflam.respirat.Broncodil.","Sprays/Aerosoles/Soluciones para nebulizar"
"budesonide+formoterol","200 cÂ ps.x 60 +aplicador","LIERBRON","Montpellier","Antiinflam.respirat.Broncodil.","CÂ psulas para inhalar+aplicador"
"budesonide+formoterol","cÂ ps.x 120 s/aplicador","NEUMOTEROL 200","Elea","Antiinflam.respirat.Broncodil.","CÂ psulas para inhalar"
"budesonide+formoterol","320/9 mcg dosis x 60","SYMBICORT-FORTE TURBUHALER","AstraZeneca","Antiinflam.respirat.Broncodil.","Sprays/Aerosoles/Soluciones para nebulizar"
"budesonide+formoterol","cÂ ps.x 60 + aplic.","NEUMOTEROL 200","Elea","Antiinflam.respirat.Broncodil.","CÂ psulas para inhalar+aplicador"
"budesonide+formoterol","cÂ ps.x 60 s/aplicador","NEUMOTEROL 200","Elea","Antiinflam.respirat.Broncodil.","CÂ psulas para inhalar"
"budesonide+formoterol","160/4.5mcg cÂ ps.inh.x120","MAXIVENT","Lersan","Broncodilatador","CÂ psulas para inhalar+aplicador"
"budesonide+formoterol","200/6mcg aer.inh.x 60ds.","NEUMOCORT PLUS","CassarÂ","Antiinflam.respirat.Broncodil.","Sprays/Aerosoles/Soluciones para nebulizar"
"budesonide+formoterol","200/6mcg aer.inh.x150ds.","NEUMOCORT PLUS","CassarÂ","Antiinflam.respirat.Broncodil.","Sprays/Aerosoles/Soluciones para nebulizar"
"budesonide+formoterol","160/4.5mcg aer.inh.x120d","MAXIVENT","Lersan","Broncodilatador","Sprays/Aerosoles/Soluciones para nebulizar"
"budesonide+formoterol","160/4.5 x 120 dosis","NEUMOTEROL AEROSOL","Elea","Antiinflam.respirat.Broncodil.","Sprays/Aerosoles/Soluciones para nebulizar"
"buprenorfina","20 mg parche x 1","RESTIVA","Biosidus S.A.U.","Analgesico","Parches transdermicos"
"buprenorfina","20 mg parche x 1","BUPRIVA","Adium","Analgesico","Parches transdermicos"
"buprenorfina","10 mg parche x 1","RESTIVA","Biosidus S.A.U.","Analgesico","Parches transdermicos"
"buprenorfina","10 mg parche x 1","BUPRIVA","Adium","Analgesico","Parches transdermicos"
"buprenorfina","5 mg parche x 1","RESTIVA","Biosidus S.A.U.","Analgesico","Parches transdermicos"
"buprenorfina","5 mg parche x 1","BUPRIVA","Adium","Analgesico","Parches transdermicos"
"buprenorfina","40 mg parche x 4","BIVALIS","Vannier-Grunent","Analgesico","Parches transdermicos"
"buprenorfina","30 mg parche x 4","BIVALIS","Vannier-Grunent","Analgesico","Parches transdermicos"
"buprenorfina","20 mg parche x 4","BIVALIS","Vannier-Grunent","Analgesico","Parches transdermicos"
"cabergolina","0.5 mg comp.x 2","LACTAMAX","Beta","Inhibidor secr.prolactina","Comprimidos/Pastillas/Tabletas/Grageas"
"cabergolina","0.5 mg comp.x 8","CABERTRIX","Adium","Inhibidor secr.prolactina","Comprimidos/Pastillas/Tabletas/Grageas"
"cabergolina","1 mg comp.x 10","CABERPAR","Rontag","Antiparkinsoniano","Comprimidos/Pastillas/Tabletas/Grageas"
"cabergolina","0.5 mg comp.x 8","DOSTINEX","Pfizer","Inhibidor secr.prolactina","Comprimidos/Pastillas/Tabletas/Grageas"
"cabergolina","0.5 mg comp.x 2","CABERTRIX","Adium","Inhibidor secr.prolactina","Comprimidos/Pastillas/Tabletas/Grageas"
"cabergolina","0.5 mg comp.x 2","DOSTINEX","Pfizer","Inhibidor secr.prolactina","Comprimidos/Pastillas/Tabletas/Grageas"
"cabergolina","1 mg comp.x 30","CABASER","Pfizer","Antiparkinsoniano","Comprimidos/Pastillas/Tabletas/Grageas"
"cabergolina","2 mg comp.x 30","CABERPAR","Rontag","Antiparkinsoniano","Comprimidos/Pastillas/Tabletas/Grageas"
"cabergolina","0.5 mg comp.x 8","LACTAMAX","Beta","Inhibidor secr.prolactina","Comprimidos/Pastillas/Tabletas/Grageas"
"calcio","tab.mast.x 60","CALCIO BASE VENT-3","Vent 3","Calciterapico","Comprimidos/Pastillas/Tabletas/Grageas"
"calcio,carbonato","comp.x 30","CALCIO BASE DUPOMAR","Siegfried","Calciterapico","Comprimidos/Pastillas/Tabletas/Grageas"
"calcio,carbonato","comp.x 60","CALCIO BASE DUPOMAR","Siegfried","Calciterapico","Comprimidos/Pastillas/Tabletas/Grageas"
"calcio,carbonato","naranja comp.x 30","CALCIONAL","Ariston","Calciterapico","Comprimidos/Pastillas/Tabletas/Grageas"
"calcio,carbonato","naranja comp.x 60","CALCIONAL","Ariston","Calciterapico","Comprimidos/Pastillas/Tabletas/Grageas"
"calcio,carbonato","1.250 mg comp.mast.x 60","CALCIO BASE VANNIER","Vannier","Calciterapico","Comprimidos/Pastillas/Tabletas/Grageas"
"calcio,carbonato+vit.d3","comp.x 60","CALCIO BASE DUPOMAR D3 200","Siegfried","Calciterapico","Comprimidos/Pastillas/Tabletas/Grageas"
"calcio,carbonato+vit.d3","comp.x 60","CALCIO BASE DUPOMAR D","Siegfried","Calciterapico","Comprimidos/Pastillas/Tabletas/Grageas"
"calcio,carbonato+vit.d3","comp.x 30","CALCIO BASE DUPOMAR D3 400","Siegfried","Calciterapico","Comprimidos/Pastillas/Tabletas/Grageas"
"calcio,carbonato+vit.d3","comp.x 30","CALCIO BASE DUPOMAR D3 200","Siegfried","Calciterapico","Comprimidos/Pastillas/Tabletas/Grageas"
"calcio,carbonato+vit.d3","comp.x 60","CALCIO BASE DUPOMAR D3 400","Siegfried","Calciterapico","Comprimidos/Pastillas/Tabletas/Grageas"
"calcio,carbonato+vit.d3","comp.x 30","CALCIO BASE DUPOMAR D","Siegfried","Calciterapico","Comprimidos/Pastillas/Tabletas/Grageas"
"calcio,citrato","comp.x 30","CALCIMAX FORTE","Gador","Calciterapico","Comprimidos/Pastillas/Tabletas/Grageas"
"calcio,citrato","500 mg nja.comp.mast.x60","CALCIONAL CITRATO","Ariston","Calciterapico","Comprimidos/Pastillas/Tabletas/Grageas"
"calcio,citrato","500 mg nja.comp.mast.x30","CALCIONAL CITRATO","Ariston","Calciterapico","Comprimidos/Pastillas/Tabletas/Grageas"
"calcio,citrato","comp.rec.x 60","CALCIMAX","Gador","Calciterapico","Comprimidos/Pastillas/Tabletas/Grageas"
"calcio,citrato+vit.d3","comp.ran.x 30","CALCIOCIT PLUS","Trb-Pharma","Antiosteoporotico","Comprimidos/Pastillas/Tabletas/Grageas"
"calcio,citrato+vit.d3","comp.x 30","CALCIOCIT","Trb-Pharma","Antiosteoporotico","Comprimidos/Pastillas/Tabletas/Grageas"
"calcio,citrato+vit.d3","comp.x 60","CALCIONAL D3 400","Ariston","Calciterapico","Comprimidos/Pastillas/Tabletas/Grageas"
"calcio,citrato+vit.d3","comp.x 30","CALCIMAX D3 400","Gador","Calciterapico","Comprimidos/Pastillas/Tabletas/Grageas"
"calcio,citrato+vit.d3","comp.x 30","CALCIONAL D3 400","Ariston","Calciterapico","Comprimidos/Pastillas/Tabletas/Grageas"
"calcio,citrato+vit.d3","comp.mast.x 60","CALCIO CITRATO DUPOMAR D3 200","Siegfried","Calciterapico","Comprimidos/Pastillas/Tabletas/Grageas"
"calcio,citrato+vit.d3","comp.rec.x 60","CALCIMAX D3","Gador","Calciterapico","Comprimidos/Pastillas/Tabletas/Grageas"
"calcio,citrato+vit.d3","comp.mast.x 30","CALCIO CITRATO DUPOMAR D3 400","Siegfried","Calciterapico","Comprimidos/Pastillas/Tabletas/Grageas"
"calcio,citrato+vit.d3","comp.x 30","CALCIONAL D3","Ariston","Calciterapico","Comprimidos/Pastillas/Tabletas/Grageas"
"calcio,citrato+vit.d3","comp.mast.x 30","CALCIO CITRATO DUPOMAR D3 200","Siegfried","Calciterapico","Comprimidos/Pastillas/Tabletas/Grageas"
"calcio,citrato+vit.d3","comp.x 60","CALCIONAL D3","Ariston","Calciterapico","Comprimidos/Pastillas/Tabletas/Grageas"
"calcio,citrato+vit.d3","comp.ran.x 60","CALCIOCIT PLUS","Trb-Pharma","Antiosteoporotico","Comprimidos/Pastillas/Tabletas/Grageas"
"calcio,citrato+vit.d3","comp.mast.x 60","CALCIO CITRATO DUPOMAR D3 400","Siegfried","Calciterapico","Comprimidos/Pastillas/Tabletas/Grageas"
"calcio,citrato+vit.d3","comp.x 60","CALCIOCIT","Trb-Pharma","Antiosteoporotico","Comprimidos/Pastillas/Tabletas/Grageas"
"calcio,citrato+vit.d3","comp.x 60","CALCIMAX D3 400","Gador","Calciterapico","Comprimidos/Pastillas/Tabletas/Grageas"
"calcipotriol","ung.x 30 g","CUTANIT","Lazar","Antipsoriasico","Cremas/Geles/Pomadas/UngÂentos"
"calcipotriol","env.x 20 ml","CUTANIT LOCION","Lazar","Antipsoriasico","SoluciÂ¢n de uso externo/LociÂ¢n"
"calcipotriol","ung.x 30 g","BETRIOL","AndrÂ¢maco","Antipsoriasico","Cremas/Geles/Pomadas/UngÂentos"
"calcipotriol+betametasona,diprop","gel capilar x 20 g","CUTANIT B","Lazar","Antipsoriasico","Cremas/Geles/Pomadas/UngÂentos"
"calcipotriol+betametasona,diprop","ung. x 30 g","CUTANIT B","Lazar","Antipsoriasico","Cremas/Geles/Pomadas/UngÂentos"
"calcipotriol+betametasona,diprop","ung.x 30 g","BETRIOL B","AndrÂ¢maco","Antipsoriasico","Cremas/Geles/Pomadas/UngÂentos"
"calcipotriol+betametasona,diprop","ung.x 30 g","CALCI CORTICAS","Casasco","Antipsoriasico","Cremas/Geles/Pomadas/UngÂentos"
"carbamazepina","400 mg comp.x 60","TEGRETOL 400 LC","Novartis","Anticonvulsivo","CÂ ps./Comp. de LiberaciÂ¢n Controlada"
"carbamazepina","jbe.x 100 ml","TEGRETOL","Novartis","Antiepileptico","Jarabe/SuspensiÂ¢n oral/Polvo para uso oral"
"carbamazepina","200 mg comp.x 30","CARBAMAZEPINA FABRA","Fabra","Anticonvulsivo","Comprimidos/Pastillas/Tabletas/Grageas"
"carbamazepina","200 mg comp.x 60","CONFORMAL","Teva Argentina","Anticonvulsivo","Comprimidos/Pastillas/Tabletas/Grageas"
"carbamazepina","200 mg comp.x 60","CARBAMAZEPINA FABRA","Fabra","Anticonvulsivo","Comprimidos/Pastillas/Tabletas/Grageas"
"carbamazepina","200 mg comp.x 30","CONFORMAL","Teva Argentina","Anticonvulsivo","Comprimidos/Pastillas/Tabletas/Grageas"
"carbamazepina","200 mg comp.x 30","CARBAMAZEPINA DENVER FARMA","Denver Farma","Anticonvulsivo","Comprimidos/Pastillas/Tabletas/Grageas"
"carbamazepina","200 mg comp.x 60","ACTINERVAL","BagÂ¢","Anticonvulsivo","Comprimidos/Pastillas/Tabletas/Grageas"
"carbamazepina","200 mg comp.x 30","C.M.P.200","Klonal","Anticonvulsivo","Comprimidos/Pastillas/Tabletas/Grageas"
"carbamazepina","200 mg comp.x 60","CARBAMAT","Rontag","Antiepileptico","Comprimidos/Pastillas/Tabletas/Grageas"
"carbamazepina","200 mg comp.x 60","TEGRETOL","Novartis","Anticonvulsivo","Comprimidos/Pastillas/Tabletas/Grageas"
"carbamazepina","200 mg comp.x 30","ACTINERVAL","BagÂ¢","Anticonvulsivo","Comprimidos/Pastillas/Tabletas/Grageas"
"carbamazepina","200 mg comp.x 30","CARBAMAT","Rontag","Antiepileptico","Comprimidos/Pastillas/Tabletas/Grageas"
"carbamazepina","200 mg comp.x 60","ELEBE","Medipharma","Anticonvulsivo","Comprimidos/Pastillas/Tabletas/Grageas"
"carbamazepina","400 mg comp.x 30","TEGRETOL 400 LC","Novartis","Anticonvulsivo","CÂ ps./Comp. de LiberaciÂ¢n Controlada"
"carbamazepina","200 mg comp.x 60","CARBAMAZEPINA DENVER FARMA","Denver Farma","Anticonvulsivo","Comprimidos/Pastillas/Tabletas/Grageas"
"carbamazepina","200 mg comp.x 30","ELEBE","Medipharma","Anticonvulsivo","Comprimidos/Pastillas/Tabletas/Grageas"
"carteolol,clorh.","2% env.x 5 ml","GLAUTEOLOL","Max Vision","Antiglaucomatoso","Gotas oftÂ lmicas/Colirios"
"carteolol,clorh.","2% sol.oft.lib.prol.x3ml","CARTENS","Lab Internacion","Antiglaucomatoso","Gotas oftÂ lmicas/Colirios"
"carvedilol","6.25 mg comp.x 30","ISOBLOC","Casasco","Antianginoso Antihipertensivo","Comprimidos/Pastillas/Tabletas/Grageas"
"carvedilol","25 mg comp.x 60","CARVEDIL 25","BagÂ¢","Antianginoso Antihipertensivo","Comprimidos/Pastillas/Tabletas/Grageas"
"carvedilol","25 mg comp.x 56","CARVEDILOL RICHET","Richet","Antianginoso Antihipertensivo","Comprimidos/Pastillas/Tabletas/Grageas"
"carvedilol","50 mg comp.x 28","CARVEDILOL RICHET","Richet","Antianginoso Antihipertensivo","Comprimidos/Pastillas/Tabletas/Grageas"
"carvedilol","6.25 mg comp.ran.x 56","BIDECAR","Baliarda","Antianginoso Antihipertensivo","Comprimidos/Pastillas/Tabletas/Grageas"
"carvedilol","25 mg comp.x 30","CARTIATO","Savant Generic","Antianginoso Antihipertensivo","Comprimidos/Pastillas/Tabletas/Grageas"
"carvedilol","25 mg comp.x 30","CARVEDILOL RICHET","Richet","Antianginoso Antihipertensivo","Comprimidos/Pastillas/Tabletas/Grageas"
"carvedilol","40 mg cÂ ps.lib.cont.x 28","BIDECAR CR","Baliarda","Antianginoso Antihipertensivo","CÂ ps./Comp. de LiberaciÂ¢n Controlada"
"carvedilol","3.125 mg comp.ran.x 28","BIDECAR","Baliarda","Antianginoso Antihipertensivo","Comprimidos/Pastillas/Tabletas/Grageas"
"carvedilol","12.5 mg comp.ran.x 56","DILATREND","Siegfried","Antianginoso Antihipertensivo","Comprimidos/Pastillas/Tabletas/Grageas"
"carvedilol","50 mg comp.ran.x 30","CARVICORD","Gâminis Farmacâ","Antianginoso Antihipertensivo","Comprimidos/Pastillas/Tabletas/Grageas"
"carvedilol","12.5 mg comp.ran.x 28","VEDILEP 12.5","Lepetit","Antianginoso Antihipertensivo","Comprimidos/Pastillas/Tabletas/Grageas"
"carvedilol","6.25 mg comp.x 30","ANTIBLOC 6.25","Craveri","Antianginoso Antihipertensivo","Comprimidos/Pastillas/Tabletas/Grageas"
"carvedilol","3.125 mg comp.x 30","CARVEDIL 3.125","BagÂ¢","Antianginoso Antihipertensivo","Comprimidos/Pastillas/Tabletas/Grageas"
"carvedilol","12.5 mg comp.x 56","CARVEDIL 12.5","BagÂ¢","Antianginoso Antihipertensivo","Comprimidos/Pastillas/Tabletas/Grageas"
"carvedilol","12.5 mg comp.ran.x 30","FILTEN","Gador","Antianginoso Antihipertensivo","Comprimidos/Pastillas/Tabletas/Grageas"
"carvedilol","12.5 mg comp.ran.x 60","BIDECAR","Baliarda","Antianginoso Antihipertensivo","Comprimidos/Pastillas/Tabletas/Grageas"
"carvedilol","12.5 mg comp.x 60","ISOBLOC","Casasco","Antianginoso Antihipertensivo","Comprimidos/Pastillas/Tabletas/Grageas"
"carvedilol","40 mg cÂ ps.lib.prol.x 30","FILTEN LP","Gador","Antianginoso Antihipertensivo","CÂ ps./Comp. de LiberaciÂ¢n Controlada"
"carvedilol","25 mg comp.x 30","CARVEDIL 25","BagÂ¢","Antianginoso Antihipertensivo","Comprimidos/Pastillas/Tabletas/Grageas"
"carvedilol","12.5 mg comp.x 56","CARVEDILOL RICHET","Richet","Antianginoso Antihipertensivo","Comprimidos/Pastillas/Tabletas/Grageas"
"carvedilol","12.5 mg comp.ran.x 56","BIDECAR","Baliarda","Antianginoso Antihipertensivo","Comprimidos/Pastillas/Tabletas/Grageas"
"carvedilol","40 mg cÂ ps.lib.ext.x 30","VERATEN UD","Elea","Antianginoso Antihipertensivo","CÂ ps./Comp. de LiberaciÂ¢n Controlada"
"carvedilol","20 mg cÂ ps.lib.cont.x 28","BIDECAR CR","Baliarda","Antianginoso Antihipertensivo","CÂ ps./Comp. de LiberaciÂ¢n Controlada"
"carvedilol","50 mg comp.ran.x 28","DILATREND","Siegfried","Antianginoso Antihipertensivo","Comprimidos/Pastillas/Tabletas/Grageas"
"carvedilol","25 mg comp.ran.x 30","DILATREND","Siegfried","Antianginoso Antihipertensivo","Comprimidos/Pastillas/Tabletas/Grageas"
"carvedilol","6.25 mg comp.ran.x 56","DILATREND","Siegfried","Antianginoso Antihipertensivo","Comprimidos/Pastillas/Tabletas/Grageas"
"carvedilol","25 mg comp.ran.x 30","CARVICORD","Gâminis Farmacâ","Antianginoso Antihipertensivo","Comprimidos/Pastillas/Tabletas/Grageas"
"carvedilol","50 mg comp.ran.x 30","FILTEN","Gador","Antianginoso Antihipertensivo","Comprimidos/Pastillas/Tabletas/Grageas"
"carvedilol","3.125 mg comp.x 28","CARVEDIL 3.125","BagÂ¢","Antianginoso Antihipertensivo","Comprimidos/Pastillas/Tabletas/Grageas"
"carvedilol","3.125 mg comp.x 60","ISOBLOC","Casasco","Antianginoso Antihipertensivo","Comprimidos/Pastillas/Tabletas/Grageas"
"carvedilol","6.25 mg comp.ran.x 60","FILTEN","Gador","Antianginoso Antihipertensivo","Comprimidos/Pastillas/Tabletas/Grageas"
"carvedilol","12.5 mg comp.ran.x 30","BIDECAR","Baliarda","Antianginoso Antihipertensivo","Comprimidos/Pastillas/Tabletas/Grageas"
"carvedilol","6.25 mg comp.x 60","ISOBLOC","Casasco","Antianginoso Antihipertensivo","Comprimidos/Pastillas/Tabletas/Grageas"
"carvedilol","20 mg cÂ ps.lib.prol.x 30","FILTEN LP","Gador","Antianginoso Antihipertensivo","CÂ ps./Comp. de LiberaciÂ¢n Controlada"
"carvedilol","25 mg comp.ran.x 28","DILATREND","Siegfried","Antianginoso Antihipertensivo","Comprimidos/Pastillas/Tabletas/Grageas"
"carvedilol","12.5 mg comp.x 60","CARVEDIL 12.5","BagÂ¢","Antianginoso Antihipertensivo","Comprimidos/Pastillas/Tabletas/Grageas"
"carvedilol","80 mg cÂ ps.x 30","DILATREND AP","Siegfried","Antihipertensivo","CÂ ps./Comp. de LiberaciÂ¢n Controlada"
"carvedilol","12.5 mg comp.x 30","CARVEDILOL RICHET","Richet","Antianginoso Antihipertensivo","Comprimidos/Pastillas/Tabletas/Grageas"
"carvedilol","40 mg cÂ ps.x 30","ISOBLOC CR 40 MG","Casasco","Antianginoso Antihipertensivo","CÂ psulas/Softgels"
"carvedilol","25 mg comp.ran.x 56","BIDECAR","Baliarda","Antianginoso Antihipertensivo","Comprimidos/Pastillas/Tabletas/Grageas"
"carvedilol","3.125 mg comp.x 28","VEDILEP 3.125","Lepetit","Antianginoso Antihipertensivo","Comprimidos/Pastillas/Tabletas/Grageas"
"carvedilol","20 mg cÂ ps.lib.ext.x 30","VERATEN UD","Elea","Antianginoso Antihipertensivo","CÂ ps./Comp. de LiberaciÂ¢n Controlada"
"carvedilol","25 mg comp.x 28","CARDIONORM","Denver Farma","Antianginoso Antihipertensivo","Comprimidos/Pastillas/Tabletas/Grageas"
"carvedilol","40 mg cÂ ps.lib.prol.x 30","CARVEDIL RETARD 40","BagÂ¢","Antihipertensivo","CÂ ps./Comp. de LiberaciÂ¢n Controlada"
"carvedilol","12.5 mg comp.ran.x 30","DILATREND","Siegfried","Antianginoso Antihipertensivo","Comprimidos/Pastillas/Tabletas/Grageas"
"carvedilol","25 mg comp.x 28","CORUBIN","Lazar","Antianginoso Antihipertensivo","Comprimidos/Pastillas/Tabletas/Grageas"
"carvedilol","25 mg comp.trirran.x 28","VEDILEP 25","Lepetit","Antianginoso Antihipertensivo","Comprimidos/Pastillas/Tabletas/Grageas"
"carvedilol","12.5 mg comp.birran.x 30","CARVICORD","Gâminis Farmacâ","Antianginoso Antihipertensivo","Comprimidos/Pastillas/Tabletas/Grageas"
"carvedilol","40 mg cÂ ps.lib.prol.x 28","CARVEDIL RETARD 40","BagÂ¢","Antihipertensivo","CÂ ps./Comp. de LiberaciÂ¢n Controlada"
"carvedilol","10 mg cÂ ps.lib.cont.x 28","BIDECAR CR","Baliarda","Antianginoso Antihipertensivo","CÂ ps./Comp. de LiberaciÂ¢n Controlada"
"carvedilol","25 mg comp.ran.x 30","HIPOTEN KLONAL","Klonal","Antianginoso Antihipertensivo","Comprimidos/Pastillas/Tabletas/Grageas"
"carvedilol","3.125 mg comp.x 30","ISOBLOC","Casasco","Antianginoso Antihipertensivo","Comprimidos/Pastillas/Tabletas/Grageas"
"carvedilol","6.25 mg comp.ran.x 30","FILTEN","Gador","Antianginoso Antihipertensivo","Comprimidos/Pastillas/Tabletas/Grageas"
"carvedilol","6.25 mg comp.ran.x 60","BIDECAR","Baliarda","Antianginoso Antihipertensivo","Comprimidos/Pastillas/Tabletas/Grageas"
"carvedilol","10 mg cÂ ps.lib.prol.x 30","FILTEN LP","Gador","Antianginoso Antihipertensivo","CÂ ps./Comp. de LiberaciÂ¢n Controlada"
"carvedilol","25 mg comp.x 28","ENTARSOL 25","Microsules Arg.","Antianginoso Antihipertensivo","Comprimidos/Pastillas/Tabletas/Grageas"
"carvedilol","12.5 mg comp.ran.x 28","DILATREND","Siegfried","Antianginoso Antihipertensivo","Comprimidos/Pastillas/Tabletas/Grageas"
"carvedilol","12.5 mg comp.x 30","CARVEDIL 12.5","BagÂ¢","Antianginoso Antihipertensivo","Comprimidos/Pastillas/Tabletas/Grageas"
"carvedilol","40 mg cÂ ps.x 30","DILATREND AP","Siegfried","Antihipertensivo","CÂ ps./Comp. de LiberaciÂ¢n Controlada"
"carvedilol","6.25 mg comp.x 30","CARTIATO","Savant Generic","Antianginoso Antihipertensivo","Comprimidos/Pastillas/Tabletas/Grageas"
"carvedilol","20 mg cÂ ps.x 30","ISOBLOC CR 20 MG","Casasco","Antianginoso Antihipertensivo","CÂ psulas/Softgels"
"carvedilol","25 mg comp.x 30","VERATEN","Elea","Antianginoso Antihipertensivo","Comprimidos/Pastillas/Tabletas/Grageas"
"carvedilol","12.5 mg comp.x 28","CARDIONORM","Denver Farma","Antianginoso Antihipertensivo","Comprimidos/Pastillas/Tabletas/Grageas"
"carvedilol","20 mg cÂ ps.lib.prol.x 30","CARVEDIL RETARD 20","BagÂ¢","Antihipertensivo","CÂ ps./Comp. de LiberaciÂ¢n Controlada"
"carvedilol","25 mg comp.x 28","CARVEDIL 25","BagÂ¢","Antianginoso Antihipertensivo","Comprimidos/Pastillas/Tabletas/Grageas"
"carvedilol","6.25 mg comp.ran.x 30","DILATREND","Siegfried","Antianginoso Antihipertensivo","Comprimidos/Pastillas/Tabletas/Grageas"
"carvedilol","12.5 mg comp.x 28","CORUBIN","Lazar","Antianginoso Antihipertensivo","Comprimidos/Pastillas/Tabletas/Grageas"
"carvedilol","6.25 mg comp.ran.x 30","CARVICORD","Gâminis Farmacâ","Antianginoso Antihipertensivo","Comprimidos/Pastillas/Tabletas/Grageas"
"carvedilol","20 mg cÂ ps.lib.prol.x 28","CARVEDIL RETARD 20","BagÂ¢","Antihipertensivo","CÂ ps./Comp. de LiberaciÂ¢n Controlada"
"carvedilol","25 mg comp.x 28","CARVEDILOL RICHET","Richet","Antianginoso Antihipertensivo","Comprimidos/Pastillas/Tabletas/Grageas"
"carvedilol","25 mg comp.ran.x 28","CORAFEN","Laboratorios Be","Antianginoso Antihipertensivo","Comprimidos/Pastillas/Tabletas/Grageas"
"carvedilol","12.5 mg comp.ran.x 30","HIPOTEN KLONAL","Klonal","Antianginoso Antihipertensivo","Comprimidos/Pastillas/Tabletas/Grageas"
"carvedilol","3.125 mg comp.ran.x 60","FILTEN","Gador","Antianginoso Antihipertensivo","Comprimidos/Pastillas/Tabletas/Grageas"
"carvedilol","6.25 mg comp.x 28","KOLLOSTERIL","Lafedar","Antianginoso Antihipertensivo","Comprimidos/Pastillas/Tabletas/Grageas"
"carvedilol","6.25 mg comp.ran.x 30","BIDECAR","Baliarda","Antianginoso Antihipertensivo","Comprimidos/Pastillas/Tabletas/Grageas"
"carvedilol","6.25 mg comp.x 28","CARVEDILOL BIOTENK","Biotenk","Antianginoso Antihipertensivo","Comprimidos/Pastillas/Tabletas/Grageas"
"carvedilol","3.125 mg comp.ran.x 28","DILATREND","Siegfried","Antianginoso Antihipertensivo","Comprimidos/Pastillas/Tabletas/Grageas"
"carvedilol","12.5 mg comp.x 28","ENTARSOL 12.5","Microsules Arg.","Antianginoso Antihipertensivo","Comprimidos/Pastillas/Tabletas/Grageas"
"carvedilol","6.25 mg comp.x 60","CARVEDIL 6.25","BagÂ¢","Antianginoso Antihipertensivo","Comprimidos/Pastillas/Tabletas/Grageas"
"carvedilol","20 mg cÂ ps.x 30","DILATREND AP","Siegfried","Antihipertensivo","CÂ ps./Comp. de LiberaciÂ¢n Controlada"
"carvedilol","25 mg comp.x 28","VICARDOL","Richmond","Antianginoso Antihipertensivo","Comprimidos/Pastillas/Tabletas/Grageas"
"carvedilol","12.5 mg comp.x 30","CARTIATO","Savant Generic","Antianginoso Antihipertensivo","Comprimidos/Pastillas/Tabletas/Grageas"
"carvedilol","25 mg comp.x 30","CARVIPAW","Rospaw","Antianginoso Antihipertensivo","Comprimidos/Pastillas/Tabletas/Grageas"
"carvedilol","25 mg comp.ran.x 60","FILTEN","Gador","Antianginoso Antihipertensivo","Comprimidos/Pastillas/Tabletas/Grageas"
"carvedilol","50 mg comp.ran.x 30","BIDECAR","Baliarda","Antianginoso Antihipertensivo","Comprimidos/Pastillas/Tabletas/Grageas"
"carvedilol","25 mg comp.ran.x 28","BIDECAR","Baliarda","Antianginoso Antihipertensivo","Comprimidos/Pastillas/Tabletas/Grageas"
"carvedilol","50 mg comp.ran.x 28","BIDECAR","Baliarda","Antianginoso Antihipertensivo","Comprimidos/Pastillas/Tabletas/Grageas"
"carvedilol","12.5 mg comp.x 30","VERATEN","Elea","Antianginoso Antihipertensivo","Comprimidos/Pastillas/Tabletas/Grageas"
"carvedilol","6.25 mg comp.x 28","CARDIONORM","Denver Farma","Antianginoso Antihipertensivo","Comprimidos/Pastillas/Tabletas/Grageas"
"carvedilol","25 mg comp.x 30","ISOBLOC","Casasco","Antianginoso Antihipertensivo","Comprimidos/Pastillas/Tabletas/Grageas"
"carvedilol","10 mg cÂ ps.lib.prol.x 30","CARVEDIL RETARD 10","BagÂ¢","Antihipertensivo","CÂ ps./Comp. de LiberaciÂ¢n Controlada"
"carvedilol","12.5 mg comp.x 28","CARVEDIL 12.5","BagÂ¢","Antianginoso Antihipertensivo","Comprimidos/Pastillas/Tabletas/Grageas"
"carvedilol","3.125 mg comp.ran.x 30","DILATREND","Siegfried","Antianginoso Antihipertensivo","Comprimidos/Pastillas/Tabletas/Grageas"
"carvedilol","6.25 mg comp.x 28","CORUBIN","Lazar","Antianginoso Antihipertensivo","Comprimidos/Pastillas/Tabletas/Grageas"
"carvedilol","10 mg cÂ ps.lib.prol.x 28","CARVEDIL RETARD 10","BagÂ¢","Antihipertensivo","CÂ ps./Comp. de LiberaciÂ¢n Controlada"
"carvedilol","12.5 mg comp.x 28","CARVEDILOL RICHET","Richet","Antianginoso Antihipertensivo","Comprimidos/Pastillas/Tabletas/Grageas"
"carvedilol","12.5 mg comp.ran.x 28","CORAFEN","Laboratorios Be","Antianginoso Antihipertensivo","Comprimidos/Pastillas/Tabletas/Grageas"
"carvedilol","6.25 mg comp.ran.x 30","HIPOTEN KLONAL","Klonal","Antianginoso Antihipertensivo","Comprimidos/Pastillas/Tabletas/Grageas"
"carvedilol","50 mg comp.x 28","CARVEDIL 50","BagÂ¢","Antianginoso Antihipertensivo","Comprimidos/Pastillas/Tabletas/Grageas"
"carvedilol","3.125 mg comp.ran.x 30","FILTEN","Gador","Antianginoso Antihipertensivo","Comprimidos/Pastillas/Tabletas/Grageas"
"carvedilol","25 mg comp.x 28","KOLLOSTERIL","Lafedar","Antianginoso Antihipertensivo","Comprimidos/Pastillas/Tabletas/Grageas"
"carvedilol","3.125 mg comp.ran.x 60","BIDECAR","Baliarda","Antianginoso Antihipertensivo","Comprimidos/Pastillas/Tabletas/Grageas"
"carvedilol","12.5 mg comp.x 28","CARVEDILOL BIOTENK","Biotenk","Antianginoso Antihipertensivo","Comprimidos/Pastillas/Tabletas/Grageas"
"carvedilol","6.25 mg comp.x 28","ENTARSOL 6.25","Microsules Arg.","Antianginoso Antihipertensivo","Comprimidos/Pastillas/Tabletas/Grageas"
"carvedilol","25 mg comp.x 30","ANTIBLOC 25","Craveri","Antianginoso Antihipertensivo","Comprimidos/Pastillas/Tabletas/Grageas"
"carvedilol","6.25 mg comp.x 56","CARVEDILOL RICHET","Richet","Antianginoso Antihipertensivo","Comprimidos/Pastillas/Tabletas/Grageas"
"carvedilol","6.25 mg comp.x 30","CARVEDIL 6.25","BagÂ¢","Antianginoso Antihipertensivo","Comprimidos/Pastillas/Tabletas/Grageas"
"carvedilol","10 mg cÂ ps.x 30","DILATREND AP","Siegfried","Antihipertensivo","CÂ ps./Comp. de LiberaciÂ¢n Controlada"
"carvedilol","12.50 mg comp.x 28","VICARDOL","Richmond","Antianginoso Antihipertensivo","Comprimidos/Pastillas/Tabletas/Grageas"
"carvedilol","12.5 mg comp.x 30","CARVIPAW","Rospaw","Antianginoso Antihipertensivo","Comprimidos/Pastillas/Tabletas/Grageas"
"carvedilol","25 mg comp.ran.x 30","FILTEN","Gador","Antianginoso Antihipertensivo","Comprimidos/Pastillas/Tabletas/Grageas"
"carvedilol","25 mg comp.ran.x 60","BIDECAR","Baliarda","Antianginoso Antihipertensivo","Comprimidos/Pastillas/Tabletas/Grageas"
"carvedilol","12.5 mg comp.ran.x 28","BIDECAR","Baliarda","Antianginoso Antihipertensivo","Comprimidos/Pastillas/Tabletas/Grageas"
"carvedilol","6.25 mg comp.x 30","VERATEN","Elea","Antianginoso Antihipertensivo","Comprimidos/Pastillas/Tabletas/Grageas"
"carvedilol","12.5 mg comp.x 30","ISOBLOC","Casasco","Antianginoso Antihipertensivo","Comprimidos/Pastillas/Tabletas/Grageas"
"carvedilol","50 mg comp.x 30","CARVEDIL 50","BagÂ¢","Antianginoso Antihipertensivo","Comprimidos/Pastillas/Tabletas/Grageas"
"carvedilol","6.25 mg comp.x 28","CARVEDIL 6.25","BagÂ¢","Antianginoso Antihipertensivo","Comprimidos/Pastillas/Tabletas/Grageas"
"carvedilol","6.25 mg comp.x 28","CARVEDILOL RICHET","Richet","Antianginoso Antihipertensivo","Comprimidos/Pastillas/Tabletas/Grageas"
"carvedilol","6.25 mg comp.ran.x 28","CORAFEN","Laboratorios Be","Antianginoso Antihipertensivo","Comprimidos/Pastillas/Tabletas/Grageas"
"carvedilol","3.125 mg comp.ran.x 56","BIDECAR","Baliarda","Antianginoso Antihipertensivo","Comprimidos/Pastillas/Tabletas/Grageas"
"carvedilol","80 mg cÂ ps.lib.cont.x 28","BIDECAR CR","Baliarda","Antianginoso Antihipertensivo","CÂ ps./Comp. de LiberaciÂ¢n Controlada"
"carvedilol","12.5 mg comp.x 28","KOLLOSTERIL","Lafedar","Antianginoso Antihipertensivo","Comprimidos/Pastillas/Tabletas/Grageas"
"carvedilol","3.125 mg comp.ran.x 30","BIDECAR","Baliarda","Antianginoso Antihipertensivo","Comprimidos/Pastillas/Tabletas/Grageas"
"carvedilol","25 mg comp.x 28","CARVEDILOL BIOTENK","Biotenk","Antianginoso Antihipertensivo","Comprimidos/Pastillas/Tabletas/Grageas"
"carvedilol","25 mg comp.ran.x 56","DILATREND","Siegfried","Antianginoso Antihipertensivo","Comprimidos/Pastillas/Tabletas/Grageas"
"carvedilol","6.25 mg comp.ran.x 28","VEDILEP 6.25","Lepetit","Antianginoso Antihipertensivo","Comprimidos/Pastillas/Tabletas/Grageas"
"carvedilol","12.5 mg comp.x 30","ANTIBLOC 12.5","Craveri","Antianginoso Antihipertensivo","Comprimidos/Pastillas/Tabletas/Grageas"
"carvedilol","6.25 mg comp.x 30","CARVEDILOL RICHET","Richet","Antianginoso Antihipertensivo","Comprimidos/Pastillas/Tabletas/Grageas"
"carvedilol","3.125 mg comp.x 60","CARVEDIL 3.125","BagÂ¢","Antianginoso Antihipertensivo","Comprimidos/Pastillas/Tabletas/Grageas"
"carvedilol","6.25 mg comp.x 28","VICARDOL","Richmond","Antianginoso Antihipertensivo","Comprimidos/Pastillas/Tabletas/Grageas"
"carvedilol","6.25 mg comp.x 30","CARVIPAW","Rospaw","Antianginoso Antihipertensivo","Comprimidos/Pastillas/Tabletas/Grageas"
"carvedilol","25 mg comp.x 56","CARVEDIL 25","BagÂ¢","Antianginoso Antihipertensivo","Comprimidos/Pastillas/Tabletas/Grageas"
"carvedilol","12.5 mg comp.ran.x 60","FILTEN","Gador","Antianginoso Antihipertensivo","Comprimidos/Pastillas/Tabletas/Grageas"
"carvedilol","25 mg comp.ran.x 30","BIDECAR","Baliarda","Antianginoso Antihipertensivo","Comprimidos/Pastillas/Tabletas/Grageas"
"carvedilol","6.25 mg comp.ran.x 28","DILATREND","Siegfried","Antianginoso Antihipertensivo","Comprimidos/Pastillas/Tabletas/Grageas"
"carvedilol","6.25 mg comp.ran.x 28","BIDECAR","Baliarda","Antianginoso Antihipertensivo","Comprimidos/Pastillas/Tabletas/Grageas"
"carvedilol","25 mg comp.x 60","ISOBLOC","Casasco","Antianginoso Antihipertensivo","Comprimidos/Pastillas/Tabletas/Grageas"
"carvedilol","80 mg cÂ ps.lib.prol.x 30","FILTEN LP","Gador","Antianginoso Antihipertensivo","CÂ ps./Comp. de LiberaciÂ¢n Controlada"
"carvedilol","3.125 mg comp.x 30","VERATEN","Elea","Antianginoso Antihipertensivo","Comprimidos/Pastillas/Tabletas/Grageas"
"carvedilol+hidroclorotiazida","25mg/12.5mg comp.x 30","BIDECAR D","Baliarda","Antihipertensivo Diuretico","Comprimidos/Pastillas/Tabletas/Grageas"
"carvedilol+hidroclorotiazida","comp.x 30","FILTEN D","Gador","Antihipertensivo Diuretico","Comprimidos/Pastillas/Tabletas/Grageas"
"carvedilol+hidroclorotiazida","comp.x 30","ISOBLOC D","Casasco","Antihipertensivo Diuretico","Comprimidos/Pastillas/Tabletas/Grageas"
"carvedilol+hidroclorotiazida","25 mg/12.5 mg comp.x 30","CARVEDIL D","BagÂ¢","Antihipertensivo Diuretico","Comprimidos/Pastillas/Tabletas/Grageas"
"carvedilol+hidroclorotiazida","25/12.5 mg comp.ran.x 28","DILATREND D","Siegfried","Antihipertensivo Diuretico","Comprimidos/Pastillas/Tabletas/Grageas"
"carvedilol+hidroclorotiazida","25 mg/12.5 mg comp.x 28","CARVEDIL D","BagÂ¢","Antihipertensivo Diuretico","Comprimidos/Pastillas/Tabletas/Grageas"
"cefalexina","1 g comp.rec.x 10","CEFADUO","Medisol","Antibiotico","Comprimidos/Pastillas/Tabletas/Grageas"
"cefalexina","500 mg comp.rec.x 16","SINURIT","Microsules Arg.","Antibiotico","Comprimidos/Pastillas/Tabletas/Grageas"
"cefalexina","250 mg jbe.x 90 ml","CEFALEXINA FABRA","Fabra","Antibiotico","Jarabe/SuspensiÂ¢n oral/Polvo para uso oral"
"cefalexina","500 mg comp.x 8","LAFEXINA","Lafedar","Antibiotico","Comprimidos/Pastillas/Tabletas/Grageas"
"cefalexina","500 mg comp.x 16","CEFALEXINA LABSA","Labsa","Antibiotico","Comprimidos/Pastillas/Tabletas/Grageas"
"cefalexina","500 mg comp.x 8","CEFALEXINA ARGENTIA","Siegfried","Antibiotico","Comprimidos/Pastillas/Tabletas/Grageas"
"cefalexina","250 mg pvo.p/susp.x 18ds","CEFALEXINA RICHET","Richet","Antibiotico","Jarabe/SuspensiÂ¢n oral/Polvo para uso oral"
"cefalexina","1000 mg comp.rec.x 8","KEFORAL","Teva Argentina","Antibiotico","Comprimidos/Pastillas/Tabletas/Grageas"
"cefalexina","500 mg jbe.x 120 ml","CEFALEXINA FABRA","Fabra","Antibiotico","Jarabe/SuspensiÂ¢n oral/Polvo para uso oral"
"cefalexina","500 mg susp.x 120 ml","CEFALEXINA ARGENTIA","Siegfried","Antibiotico","Jarabe/SuspensiÂ¢n oral/Polvo para uso oral"
"cefalexina","1 g comp.x 16 (TRZB)","CEFALEXINA RICHET","Richet","Antibiotico","Comprimidos/Pastillas/Tabletas/Grageas"
"cefalexina","750 mg susp.x 90 ml","CEFALEXINA ARGENTIA DUO","Siegfried","Antibiotico","Jarabe/SuspensiÂ¢n oral/Polvo para uso oral"
"cefalexina","500 mg susp.x 90 ml","SANIBIOTIC","Medisol","Antibiotico","Jarabe/SuspensiÂ¢n oral/Polvo para uso oral"
"cefalexina","500 g comp.x 16","CEFAGRAND","Biosintex Retai","Antibiotico","Comprimidos/Pastillas/Tabletas/Grageas"
"cefalexina","1000 mg comp.x 8","CEFALEXINA FABRA","Fabra","Antibiotico","Comprimidos/Pastillas/Tabletas/Grageas"
"cefalexina","500 mg comp.x 24","LAFEXINA","Lafedar","Antibiotico","Comprimidos/Pastillas/Tabletas/Grageas"
"cefalexina","500 mg comp.x 16","CEPOREXIN","Roemmers","Antibiotico","Comprimidos/Pastillas/Tabletas/Grageas"
"cefalexina","500 mg susp.x 90 ml","SEPTILISIN 500","BagÂ¢","Antibiotico","Jarabe/SuspensiÂ¢n oral/Polvo para uso oral"
"cefalexina","500 mg comp.rec.x 16","KEFORAL","Teva Argentina","Antibiotico","Comprimidos/Pastillas/Tabletas/Grageas"
"cefalexina","1000 mg comp.x 16","LAFEXINA","Lafedar","Antibiotico","Comprimidos/Pastillas/Tabletas/Grageas"
"cefalexina","500 mg susp.x 120 ml","CEPOREXIN","Roemmers","Antibiotico","Jarabe/SuspensiÂ¢n oral/Polvo para uso oral"
"cefalexina","500 mg susp.x 90 ml","CEFALEXINA ARGENTIA","Siegfried","Antibiotico","Jarabe/SuspensiÂ¢n oral/Polvo para uso oral"
"cefalexina","1 g comp.x 8","CEFALEXINA RICHET","Richet","Antibiotico","Comprimidos/Pastillas/Tabletas/Grageas"
"cefalexina","1 g comp. x 14","CEFALEXINA ARGENTIA DUO","Siegfried","Antibiotico","Comprimidos/Pastillas/Tabletas/Grageas"
"cefalexina","500 mg comp.rec.x 10","SANIBIOTIC","Medisol","Antibiotico","Comprimidos/Pastillas/Tabletas/Grageas"
"cefalexina","1 g comp.x 14","CEPOREXIN DUO 1 GR","Roemmers","Antibiotico","Comprimidos/Pastillas/Tabletas/Grageas"
"cefalexina","250 mg susp.oral x 90 ml","VELEXINA","Klonal","Antibiotico","Jarabe/SuspensiÂ¢n oral/Polvo para uso oral"
"cefalexina","1000 mg comp.x 14","SEPTILISIN DUO 1000","BagÂ¢","Antibiotico","Comprimidos/Pastillas/Tabletas/Grageas"
"cefalexina","1 g comp.x 14","CEFALEXINA RICHET","Richet","Antibiotico","Comprimidos/Pastillas/Tabletas/Grageas"
"cefalexina","750 mg susp.ped.x 90 ml","CEPOREXIN DUO 750","Roemmers","Antibiotico","Jarabe/SuspensiÂ¢n oral/Polvo para uso oral"
"cefalexina","500 mg comp.x 16","LAFEXINA","Lafedar","Antibiotico","Comprimidos/Pastillas/Tabletas/Grageas"
"cefalexina","500 mg comp.x 8","CEPOREXIN","Roemmers","Antibiotico","Comprimidos/Pastillas/Tabletas/Grageas"
"cefalexina","1000 mg comp.rec.x 16","SINURIT","Microsules Arg.","Antibiotico","Comprimidos/Pastillas/Tabletas/Grageas"
"cefalexina","500 mg comp.x 16","CEFALEXINA FECOFAR","Fecofar","Antibiotico","Comprimidos/Pastillas/Tabletas/Grageas"
"cefalexina","500 mg comp.rec.x 8","KEFORAL","Teva Argentina","Antibiotico","Comprimidos/Pastillas/Tabletas/Grageas"
"cefalexina","1000 mg comp.x 14","LAFEXINA","Lafedar","Antibiotico","Comprimidos/Pastillas/Tabletas/Grageas"
"cefalexina","750 mg susp.x 90 ml","CEFALEXINA LABSA","Labsa","Antibiotico","Jarabe/SuspensiÂ¢n oral/Polvo para uso oral"
"cefalexina","250 mg susp.x 120 ml","CEFALEXINA ARGENTIA","Siegfried","Antibiotico","Jarabe/SuspensiÂ¢n oral/Polvo para uso oral"
"cefalexina","500 mg susp.x 90 ml","FABOTOP","Savant Generic","Antibiotico","Jarabe/SuspensiÂ¢n oral/Polvo para uso oral"
"cefalexina","1000 mg comp.rec.x 16","KEFORAL","Teva Argentina","Antibiotico","Comprimidos/Pastillas/Tabletas/Grageas"
"cefalexina","500 mg pvo.p/susp.x24ds.","CEFALEXINA RICHET","Richet","Antibiotico","Jarabe/SuspensiÂ¢n oral/Polvo para uso oral"
"cefalexina","250 mg susp.x 120 ml","LAFEXINA","Lafedar","Antibiotico","Jarabe/SuspensiÂ¢n oral/Polvo para uso oral"
"cefalexina","250 mg susp.ext.x 90 ml","CEFALEXINA SANT GALL FRIBURG","Sant Gall","Antibiotico","Jarabe/SuspensiÂ¢n oral/Polvo para uso oral"
"cefalexina","500 mg comp.x 8","CEFALEXINA FABRA","Fabra","Antibiotico","Comprimidos/Pastillas/Tabletas/Grageas"
"cefalexina","500 mg susp.x 90 ml","BUTEFINA DUO","Savant Generic","Antibiotico","Jarabe/SuspensiÂ¢n oral/Polvo para uso oral"
"cefalexina","500 mg susp.extr.x 90 ml","CEFAGRAND","Biosintex Retai","Antibiotico","Jarabe/SuspensiÂ¢n oral/Polvo para uso oral"
"cefalexina","500 mg comp.x 20","SEPTILISIN 500","BagÂ¢","Antibiotico","Comprimidos/Pastillas/Tabletas/Grageas"
"cefalexina","500 mg comp.x 8","CEFALEXINA FECOFAR","Fecofar","Antibiotico","Comprimidos/Pastillas/Tabletas/Grageas"
"cefalexina","1000 mg comp.x 8","LAFEXINA","Lafedar","Antibiotico","Comprimidos/Pastillas/Tabletas/Grageas"
"cefalexina","500 mg comp.x 16","CEFOSPOREN","Trb-Pharma","Antibiotico","Comprimidos/Pastillas/Tabletas/Grageas"
"cefalexina","1000 mg comp.x 16","CEFALEXINA FABRA","Fabra","Antibiotico","Comprimidos/Pastillas/Tabletas/Grageas"
"cefalexina","1 g comp.x 16","CEFALEXINA LABSA","Labsa","Antibiotico","Comprimidos/Pastillas/Tabletas/Grageas"
"cefalexina","500 mg comp.x 16","RIBAMICIN","Ronnet","Antibiotico","Comprimidos/Pastillas/Tabletas/Grageas"
"cefalexina","1 g comp. x 16","CEFALEXINA ARGENTIA DUO","Siegfried","Antibiotico","Comprimidos/Pastillas/Tabletas/Grageas"
"cefalexina","500 mg comp.x 16","CEFALEXINA FABRA","Fabra","Antibiotico","Comprimidos/Pastillas/Tabletas/Grageas"
"cefalexina","500 mg comp.rec.x 24","KEFORAL","Teva Argentina","Antibiotico","Comprimidos/Pastillas/Tabletas/Grageas"
"cefalexina","500 mg pvo.p/susp.x18ds.","CEFALEXINA RICHET","Richet","Antibiotico","Jarabe/SuspensiÂ¢n oral/Polvo para uso oral"
"cefalexina","500 mg susp.oral x 90 ml","VELEXINA","Klonal","Antibiotico","Jarabe/SuspensiÂ¢n oral/Polvo para uso oral"
"cefalexina","250 mg susp.x 90 ml","LAFEXINA","Lafedar","Antibiotico","Jarabe/SuspensiÂ¢n oral/Polvo para uso oral"
"cefalexina","500 mg comp.x 24","CEFALEXINA ARGENTIA","Siegfried","Antibiotico","Comprimidos/Pastillas/Tabletas/Grageas"
"cefalexina","500 mg comp.x 16","CEFALEXINA SANT GALL FRIBURG","Sant Gall","Antibiotico","Comprimidos/Pastillas/Tabletas/Grageas"
"cefalexina","500 mg susp.x 90 ml","CEPOREXIN","Roemmers","Antibiotico","Jarabe/SuspensiÂ¢n oral/Polvo para uso oral"
"cefalexina","1 g comp.x 16","CEFAGRAND","Biosintex Retai","Antibiotico","Comprimidos/Pastillas/Tabletas/Grageas"
"cefalexina","500 mg jbe.x 90 ml","CEFALEXINA FABRA","Fabra","Antibiotico","Jarabe/SuspensiÂ¢n oral/Polvo para uso oral"
"cefalexina","500 mg susp.x 90 ml","SANIBIOTIC AUSTRAL","Austral","Antibiotico","Jarabe/SuspensiÂ¢n oral/Polvo para uso oral"
"cefalexina","500 mg susp.x 90 ml","CEFALEXINA FECOFAR","Fecofar","Antibiotico","Jarabe/SuspensiÂ¢n oral/Polvo para uso oral"
"cefalexina","500 mg susp.x 90 ml","LAFEXINA","Lafedar","Antibiotico","Jarabe/SuspensiÂ¢n oral/Polvo para uso oral"
"cefalexina","500 mg comp.x 8","CEFOSPOREN","Trb-Pharma","Antibiotico","Comprimidos/Pastillas/Tabletas/Grageas"
"cefalexina","250 mg pvo.p/susp.x 24ds","CEFALEXINA RICHET","Richet","Antibiotico","Jarabe/SuspensiÂ¢n oral/Polvo para uso oral"
"cefalexina","500 mg jbe.extr.x 100 ml","KEFORAL","Teva Argentina","Antibiotico","Jarabe/SuspensiÂ¢n oral/Polvo para uso oral"
"cefalexina","500 mg jbe.x 90 ml","CEFALEXINA LABSA","Labsa","Antibiotico","Jarabe/SuspensiÂ¢n oral/Polvo para uso oral"
"cefalexina","500 mg comp.x 8","RIBAMICIN","Ronnet","Antibiotico","Comprimidos/Pastillas/Tabletas/Grageas"
"cefalexina","500mg comp.ran.x16(TRZB)","CEFALEXINA RICHET","Richet","Antibiotico","Comprimidos/Pastillas/Tabletas/Grageas"
"cefalexina","500 mg comp.x 16","CEFALEXINA ARGENTIA","Siegfried","Antibiotico","Comprimidos/Pastillas/Tabletas/Grageas"
"cefalexina","250 mg jbe.x 60 ml","CEFALEXINA FABRA","Fabra","Antibiotico","Jarabe/SuspensiÂ¢n oral/Polvo para uso oral"
"cefalexina","500 mg pvo.p/susp.x12ds.","CEFALEXINA RICHET","Richet","Antibiotico","Jarabe/SuspensiÂ¢n oral/Polvo para uso oral"
"cefalexina","ped.250 mg susp.x 90 ml","CEPOREXIN","Roemmers","Antibiotico","Jarabe/SuspensiÂ¢n oral/Polvo para uso oral"
"cefalexina","500mg comp.ran.x24(TRZB)","CEFALEXINA RICHET","Richet","Antibiotico","Comprimidos/Pastillas/Tabletas/Grageas"
"cefalexina","500 mg jbe.x 60 ml","CEFALEXINA FABRA","Fabra","Antibiotico","Jarabe/SuspensiÂ¢n oral/Polvo para uso oral"
"cefalexina","500 mg susp.x 60 ml","CEFALEXINA FECOFAR","Fecofar","Antibiotico","Jarabe/SuspensiÂ¢n oral/Polvo para uso oral"
"cefalexina","500 mg susp.x 120 ml","LAFEXINA","Lafedar","Antibiotico","Jarabe/SuspensiÂ¢n oral/Polvo para uso oral"
"cefalexina","500 mg jbe.extr.x 60 ml","KEFORAL","Teva Argentina","Antibiotico","Jarabe/SuspensiÂ¢n oral/Polvo para uso oral"
"cefalexina","250 mg jbe.x 90 ml","CEFALEXINA LABSA","Labsa","Antibiotico","Jarabe/SuspensiÂ¢n oral/Polvo para uso oral"
"cefalexina","500 mg comp.x 8","CEFALEXINA RICHET","Richet","Antibiotico","Comprimidos/Pastillas/Tabletas/Grageas"
"cefalexina","250 mg susp.x 90 ml","CEFALEXINA ARGENTIA","Siegfried","Antibiotico","Jarabe/SuspensiÂ¢n oral/Polvo para uso oral"
"cefalexina","500 mg comp.x 16","VELEXINA","Klonal","Antibiotico","Comprimidos/Pastillas/Tabletas/Grageas"
"cefalexina","500 mg susp.ext.x 90 ml","CEFALEXINA SANT GALL FRIBURG","Sant Gall","Antibiotico","Jarabe/SuspensiÂ¢n oral/Polvo para uso oral"
"cefalexina","1000 mg comp.rec.x 14","BUTEFINA DUO","Savant Generic","Antibiotico","Comprimidos/Pastillas/Tabletas/Grageas"
"cefazolina","1000 mg iny.f.a.x 1","CEFAZOLINA RICHET","Richet","Antibiotico","Ampollas/Frascos-Ampolla/Liofilizados/Soluc.Parent"
"ceftriaxona","1 g IM f.a.x 3","ACANTEX","Siegfried","Antibiotico","Ampollas/Frascos-Ampolla/Liofilizados/Soluc.Parent"
"ceftriaxona","1 g f.a.x 1","CEFTRIAXONA FABRA","Fabra","Antibiotico","Ampollas/Frascos-Ampolla/Liofilizados/Soluc.Parent"
"ceftriaxona","1 g IV f.a.x 1","ACANTEX","Siegfried","Antibiotico","Ampollas/Frascos-Ampolla/Liofilizados/Soluc.Parent"
"ceftriaxona","1000 mg iny.x 1","CEFTRIAZ","Klonal","Antibiotico","Ampollas/Frascos-Ampolla/Liofilizados/Soluc.Parent"
"ceftriaxona","500 mg IM f.a.x 1","ACANTEX","Siegfried","Antibiotico","Ampollas/Frascos-Ampolla/Liofilizados/Soluc.Parent"
"ceftriaxona","1 g IM f.a.+a.solv.(C/u)","CEFTRIAXONA RICHET","Richet","Antibiotico","Ampollas/Frascos-Ampolla/Liofilizados/Soluc.Parent"
"ceftriaxona","1 g IV f.a.+a.solv.","CEFTRIAXONA RICHET","Richet","Antibiotico","Ampollas/Frascos-Ampolla/Liofilizados/Soluc.Parent"
"ceftriaxona","1 g IM f.a.x 1","ACANTEX","Siegfried","Antibiotico","Ampollas/Frascos-Ampolla/Liofilizados/Soluc.Parent"
"ceftriaxona","1 g f.a.x 1","CEFTRIAXONA PHARMAVIAL","IBC","Antibiotico","Ampollas/Frascos-Ampolla/Liofilizados/Soluc.Parent"
"cetirizina","gts.x 10 ml","CABAL","Dallas","Antialergico Antihistaminico","Gotas orales"
"cetirizina","10 mg comp.x 30","ZYRTEC","GlaxoSmithKline","Antihistaminico","Comprimidos/Pastillas/Tabletas/Grageas"
"cetirizina","comp.rec.x 10","ALIDIAL","Siegfried","Antialergico Antihistaminico","Comprimidos/Pastillas/Tabletas/Grageas"
"cetirizina","comp.x 20","STOPALER","Megalabs Argent","Antihistaminico","Comprimidos/Pastillas/Tabletas/Grageas"
"cetirizina","comp.x 10","CABAL","Dallas","Antialergico Antihistaminico","Comprimidos/Pastillas/Tabletas/Grageas"
"cetirizina","10 mg comp.x 10","ZYRTEC","GlaxoSmithKline","Antihistaminico","Comprimidos/Pastillas/Tabletas/Grageas"
"cetirizina","comp.x 10","STOPALER","Megalabs Argent","Antihistaminico","Comprimidos/Pastillas/Tabletas/Grageas"
"cetirizina","10 mg comp.x 10","CETIRIZINA TEVA","Teva Argentina","Antialergico Antihistaminico","Comprimidos/Pastillas/Tabletas/Grageas"
"cetirizina","gts.x 10 ml","CETIZINE","Lazar","Antialergico Antihistaminico","Gotas orales"
"cetirizina","comp.x 10","CETRILER","Lafedar","Antialergico Antihistaminico","Comprimidos/Pastillas/Tabletas/Grageas"
"cetirizina","gts.x 10 ml","CETRILER","Lafedar","Antialergico Antihistaminico","Gotas orales"
"cetirizina","10 mg comp.rec.x 20","CETIZINE","Lazar","Antialergico Antihistaminico","Comprimidos/Pastillas/Tabletas/Grageas"
"cetirizina","10 mg comp.x 10","SALVALERG","GlaxoSmithKline","Antihistaminico","Comprimidos/Pastillas/Tabletas/Grageas"
"cetirizina","10 mg comp.rec.x 10","CETIZINE","Lazar","Antialergico Antihistaminico","Comprimidos/Pastillas/Tabletas/Grageas"
"cetirizina","comp.x 10","CETIRIZINA CETUS","Cetus","Antialergico Antihistaminico","Comprimidos/Pastillas/Tabletas/Grageas"
"cetirizina","gts.x 20 ml","ATOPIX","CassarÂ","Antialergico Antihistaminico","Gotas orales"
"cetirizina","comp.rec.x 20","ATOPIX","CassarÂ","Antialergico Antihistaminico","Comprimidos/Pastillas/Tabletas/Grageas"
"cetirizina","gts.x 20 ml","ALIDIAL","Siegfried","Antialergico Antihistaminico","Gotas orales"
"cetirizina","comp.x 30","CABAL","Dallas","Antialergico Antihistaminico","Comprimidos/Pastillas/Tabletas/Grageas"
"cetirizina","10 mg comp.x 30","SALVALERG","GlaxoSmithKline","Antihistaminico","Comprimidos/Pastillas/Tabletas/Grageas"
"cetirizina","comp.rec.x 30","ALIDIAL","Siegfried","Antialergico Antihistaminico","Comprimidos/Pastillas/Tabletas/Grageas"
"ciclopentolato","1% colirio x 5 ml","CICLOPENTOLATO POEN","Poen","Midriatico","Gotas oftÂ lmicas/Colirios"
"cilostazol","100 mg comp.x 30","CILOSTANE","Eczane","Antitrombotico Vasodilatador","Comprimidos/Pastillas/Tabletas/Grageas"
"cilostazol","100 mg comp.x 60","CILOSTAL","Elea","Antitrombotico Vasodilatador","Comprimidos/Pastillas/Tabletas/Grageas"
"cilostazol","100 mg comp.x 60","CILOSPAW","Rospaw","Antitrombotico Vasodilatador","Comprimidos/Pastillas/Tabletas/Grageas"
"cilostazol","100 mg comp.x 30","TRASTOCIR","Elea","Antitrombotico Vasodilatador","Comprimidos/Pastillas/Tabletas/Grageas"
"cilostazol","50 mg comp.ran.x 30","CILOVAS","Baliarda","Antitrombotico Vasodilatador","Comprimidos/Pastillas/Tabletas/Grageas"
"cilostazol","100 mg comp.x 60","CILOSTANE","Eczane","Antitrombotico Vasodilatador","Comprimidos/Pastillas/Tabletas/Grageas"
"cilostazol","50 mg comp.x 60","CILOSTANE","Eczane","Antitrombotico Vasodilatador","Comprimidos/Pastillas/Tabletas/Grageas"
"cilostazol","100 mg comp.x 30","LICUAGEN","Elea","Antitrombotico Vasodilatador","Comprimidos/Pastillas/Tabletas/Grageas"
"cilostazol","100 mg comp.x 30","CILOSPAW","Rospaw","Antitrombotico Vasodilatador","Comprimidos/Pastillas/Tabletas/Grageas"
"cilostazol","50 mg comp.x 30","TRASTOCIR","Elea","Antitrombotico Vasodilatador","Comprimidos/Pastillas/Tabletas/Grageas"
"cilostazol","50 mg comp.x 30","CILOSTANE","Eczane","Antitrombotico Vasodilatador","Comprimidos/Pastillas/Tabletas/Grageas"
"cilostazol","100 mg comp.x 60","NOVAMAS","Francelab","Antiagregante plaquetario","Comprimidos/Pastillas/Tabletas/Grageas"
"cilostazol","50 mg comp.x 60","CILOSPAW","Rospaw","Antitrombotico Vasodilatador","Comprimidos/Pastillas/Tabletas/Grageas"
"cilostazol","100 mg comp.x 60","CILOSTAZOL RICHET","Richet","Antiplaquetario Vasodilatador","Comprimidos/Pastillas/Tabletas/Grageas"
"cilostazol","100 mg comp.x 30","ZOLPLAT","Nolter","Antitrombotico Vasodilatador","Comprimidos/Pastillas/Tabletas/Grageas"
"cilostazol","100 mg comp.x 30","NOVAMAS","Francelab","Antiagregante plaquetario","Comprimidos/Pastillas/Tabletas/Grageas"
"cilostazol","100 mg comp.ran.x 30","CILOVAS","Baliarda","Antitrombotico Vasodilatador","Comprimidos/Pastillas/Tabletas/Grageas"
"cilostazol","50 mg comp.x 30","CILOSPAW","Rospaw","Antitrombotico Vasodilatador","Comprimidos/Pastillas/Tabletas/Grageas"
"cilostazol","100 mg comp.x 30","CILAAL 100","Roemmers","Antitrombotico Vasodilatador","Comprimidos/Pastillas/Tabletas/Grageas"
"cilostazol","100 mg comp.x 30","CILOSTAZOL RICHET","Richet","Antiplaquetario Vasodilatador","Comprimidos/Pastillas/Tabletas/Grageas"
"cilostazol","100 mg comp.x 30","ACLUSIN","Casasco","Antitrombotico Vasodilatador","Comprimidos/Pastillas/Tabletas/Grageas"
"cilostazol","100 mg comp.x 30","CILOSTAL","Elea","Antitrombotico Vasodilatador","Comprimidos/Pastillas/Tabletas/Grageas"
"cilostazol","50 mg comp.x 30","ZOLPLAT","Nolter","Antitrombotico Vasodilatador","Comprimidos/Pastillas/Tabletas/Grageas"
"cilostazol","100 mg comp.x 60","ACLUSIN","Casasco","Antitrombotico Vasodilatador","Comprimidos/Pastillas/Tabletas/Grageas"
"cilostazol","50 mg comp.x 60","NOVAMAS","Francelab","Antiagregante plaquetario","Comprimidos/Pastillas/Tabletas/Grageas"
"cilostazol","100 mg comp.x 60","CILAAL 100","Roemmers","Antitrombotico Vasodilatador","Comprimidos/Pastillas/Tabletas/Grageas"
"cilostazol","50 mg comp.x 30","CILAAL 50","Roemmers","Antitrombotico Vasodilatador","Comprimidos/Pastillas/Tabletas/Grageas"
"cilostazol","50 mg comp.x 30","CILOSTAZOL RICHET","Richet","Antiplaquetario Vasodilatador","Comprimidos/Pastillas/Tabletas/Grageas"
"cilostazol","100 mg comp.x 60","TRASTOCIR","Elea","Antitrombotico Vasodilatador","Comprimidos/Pastillas/Tabletas/Grageas"
"cilostazol","50 mg comp.x 30","ACLUSIN","Casasco","Antitrombotico Vasodilatador","Comprimidos/Pastillas/Tabletas/Grageas"
"cilostazol","50 mg comp.x 30","CILOSTAL","Elea","Antitrombotico Vasodilatador","Comprimidos/Pastillas/Tabletas/Grageas"
"cilostazol","100 mg comp.x 30","POLICOR","Gador","Antitrombotico Vasodilatador","Comprimidos/Pastillas/Tabletas/Grageas"
"cilostazol","50 mg comp.x 30","NOVAMAS","Francelab","Antiagregante plaquetario","Comprimidos/Pastillas/Tabletas/Grageas"
"cilostazol","50 mg comp.x 60","CILAAL 50","Roemmers","Antitrombotico Vasodilatador","Comprimidos/Pastillas/Tabletas/Grageas"
"cilostazol","100 mg comp.x 30","DENCILOX","Denver Farma","Antitrombotico Vasodilatador","Comprimidos/Pastillas/Tabletas/Grageas"
"cilostazol","50 mg comp.x 60","TRASTOCIR","Elea","Antitrombotico Vasodilatador","Comprimidos/Pastillas/Tabletas/Grageas"
"cinitaprida+simeticona","cÂ ps.c/cont.lÂ¡q. x 30","ROGASTRIL PLUS","Roemmers","Gastrocinetico","CÂ psulas/Softgels"
"cinitaprida+simeticona","susp. x 90 ml.","ROGASTRIL PLUS","Roemmers","Gastrocinetico","Jarabe/SuspensiÂ¢n oral/Polvo para uso oral"
"cinitaprida+simeticona","cÂ ps.c/cont.lÂ¡q. x 15","ROGASTRIL PLUS","Roemmers","Gastrocinetico","CÂ psulas/Softgels"
"cinitaprida+simeticona","comp. x 30","ROGASTRIL PLUS","Roemmers","Gastrocinetico","Comprimidos/Pastillas/Tabletas/Grageas"
"cinitaprida+simeticona","comp.mast. x 30","ROGASTRIL PLUS MASTICABLE","Roemmers","Gastrocinetico","Comprimidos/Pastillas/Tabletas/Grageas"
"cinitaprida+simeticona","comp.mast. x 10","ROGASTRIL PLUS MASTICABLE","Roemmers","Gastrocinetico","Comprimidos/Pastillas/Tabletas/Grageas"
"cinitapride","1 mg comp.x 30","MOTILPRIDE","Pharmanove","Gastrocinetico","Comprimidos/Pastillas/Tabletas/Grageas"
"cinitapride","1 mg comp.x 15","MOTILPRIDE","Pharmanove","Gastrocinetico","Comprimidos/Pastillas/Tabletas/Grageas"
"cinitapride","1 mg comp.x 30","ROGASTRIL","Roemmers","Gastrocinetico","Comprimidos/Pastillas/Tabletas/Grageas"
"cinitapride","1 mg comp.x 30","CINITRAL NF","Siegfried","Gastrocinetico","Comprimidos/Pastillas/Tabletas/Grageas"
"cinitapride","1 mg comp.x 30","CINIGEST","Baliarda","Gastrocinetico","Comprimidos/Pastillas/Tabletas/Grageas"
"cinitapride","sol.x 90 ml","MOTILPRIDE","Pharmanove","Gastrocinetico","Jarabe/SuspensiÂ¢n oral/Polvo para uso oral"
"cinitapride","1 mg comp.x 10","ROGASTRIL","Roemmers","Gastrocinetico","Comprimidos/Pastillas/Tabletas/Grageas"
"cinitapride","1 mg comp.x 60","MOTILPRIDE","Pharmanove","Gastrocinetico","Comprimidos/Pastillas/Tabletas/Grageas"
"ciprofibrato","100 mg comp.x 60","FIXERIL","Lazar","Hipolipemiante","Comprimidos/Pastillas/Tabletas/Grageas"
"ciprofibrato","100 mg comp.x 30","FIXERIL","Lazar","Hipolipemiante","Comprimidos/Pastillas/Tabletas/Grageas"
"ciprofloxacina","500 mg comp.x 10","MICROSULF","Microsules Arg.","Antibiotico","Comprimidos/Pastillas/Tabletas/Grageas"
"ciprofloxacina","750 mg comp.rec.x 10","CIPROFLOXACINA LAZAR","Lazar","Antibiotico","Comprimidos/Pastillas/Tabletas/Grageas"
"ciprofloxacina","500 mg comp.rec.x 10","CIPROMED","Lepetit","Antibiotico","Comprimidos/Pastillas/Tabletas/Grageas"
"ciprofloxacina","500 mg comp.x 10","ARGEFLOX","Siegfried","Antibiotico","Comprimidos/Pastillas/Tabletas/Grageas"
"ciprofloxacina","50 mg/ml susp.x 100 ml","CIPRO","Bayer (PH)","Antibiotico","Jarabe/SuspensiÂ¢n oral/Polvo para uso oral"
"ciprofloxacina","comp.ran.x 10","EXERTIAL 500","Baliarda","Antibiotico","Comprimidos/Pastillas/Tabletas/Grageas"
"ciprofloxacina","sol.oft.x 5 ml","CIPROLABSA OFTAL","Labsa","Antibiotico oftalmico","Gotas oftÂ lmicas/Colirios"
"ciprofloxacina","500 mg comp.x 20","SELKET 500","Finadiet","Antibiotico","Comprimidos/Pastillas/Tabletas/Grageas"
"ciprofloxacina","500 mg comp.x 10","CIRFLOX-G","Klonal","Antibiotico","Comprimidos/Pastillas/Tabletas/Grageas"
"ciprofloxacina","500 mg comp.x 10","REXNER","Casasco","Antibiotico","Comprimidos/Pastillas/Tabletas/Grageas"
"ciprofloxacina","500 mg comp.x 10","CIRIAX","Roemmers","Antibiotico","Comprimidos/Pastillas/Tabletas/Grageas"
"ciprofloxacina","500 mg comp.x 20","ARGEFLOX","Siegfried","Antibiotico","Comprimidos/Pastillas/Tabletas/Grageas"
"ciprofloxacina","500 mg comp.x 14","SELKET 500","Finadiet","Antibiotico","Comprimidos/Pastillas/Tabletas/Grageas"
"ciprofloxacina","sol.oft.x 5 ml","CIFLOXIN","Novoplos","Antibiotico oftalmico","Gotas oftÂ lmicas/Colirios"
"ciprofloxacina","500 mg comp.x 10","SEPTOCORT","Fecofar","Antibiotico","Comprimidos/Pastillas/Tabletas/Grageas"
"ciprofloxacina","500 mg comp.rec.x 20","CIPROFLOXACINA LAZAR","Lazar","Antibiotico","Comprimidos/Pastillas/Tabletas/Grageas"
"ciprofloxacina","500 mg comp.x 20","REXNER","Casasco","Antibiotico","Comprimidos/Pastillas/Tabletas/Grageas"
"ciprofloxacina","sol.oft.x 5 ml","CIPROFLOXACINA DENVER FARMA","Denver Farma","Antibiotico oftalmico","Gotas oftÂ lmicas/Colirios"
"ciprofloxacina","500 mg comp.x 10","CIPROFLOXACINA SANT GALL","Sant Gall","Antibiotico","Comprimidos/Pastillas/Tabletas/Grageas"
"ciprofloxacina","500 mg comp.x 10","SELKET 500","Finadiet","Antibiotico","Comprimidos/Pastillas/Tabletas/Grageas"
"ciprofloxacina","500 comp.x 10","CIAPAR","Biosintex Retai","Antibiotico","Comprimidos/Pastillas/Tabletas/Grageas"
"ciprofloxacina","comp.rec.x 10","GINO CIRIAX FORTE","Siegfried","Antibiotico","Comprimidos/Pastillas/Tabletas/Grageas"
"ciprofloxacina","500 mg comp.rec.x 14","CIPROMAR","Mar","Antibiotico","Comprimidos/Pastillas/Tabletas/Grageas"
"ciprofloxacina","500 mg comp.rec.x 20","CIPROFLOXACINA RICHET","Richet","Antibiotico","Comprimidos/Pastillas/Tabletas/Grageas"
"ciprofloxacina","500 mg comp.rec.x 10","CIPROFLOXACINA LAZAR","Lazar","Antibiotico","Comprimidos/Pastillas/Tabletas/Grageas"
"ciprofloxacina","500 mg comp.rec.x 10","VANSITAN","Lafedar","Antibiotico","Comprimidos/Pastillas/Tabletas/Grageas"
"ciprofloxacina","500 mg comp.rec.x 10","CIPROLABSA 500","Labsa","Antibiotico","Comprimidos/Pastillas/Tabletas/Grageas"
"ciprofloxacina","500 mg comp.rec.x 10","CIPROTENK","Biotenk","Antibiotico","Comprimidos/Pastillas/Tabletas/Grageas"
"ciprofloxacina","comp.rec.x 6","GINO CIRIAX","Siegfried","Antibiotico","Comprimidos/Pastillas/Tabletas/Grageas"
"ciprofloxacina","500 mg comp.x 10","SEPTICIDE 500","BagÂ¢","Antibiotico","Comprimidos/Pastillas/Tabletas/Grageas"
"ciprofloxacina","gts.oft.x 5 ml","FLORAXINA","Ariston","Antibiotico oftalmico","Gotas oftÂ lmicas/Colirios"
"ciprofloxacina","500 mg comp.rec.x 10","CIPROMAR","Mar","Antibiotico","Comprimidos/Pastillas/Tabletas/Grageas"
"ciprofloxacina","250 mg comp.rec.x 10","CIPROFLOXACINA LAZAR","Lazar","Antibiotico","Comprimidos/Pastillas/Tabletas/Grageas"
"ciprofloxacina","500 mg comp.rec.x 20","CIPROMED","Lepetit","Antibiotico","Comprimidos/Pastillas/Tabletas/Grageas"
"ciprofloxacina","sol.oft.x 5 ml","CIPROFLOXACINA DORF","PharmaDorf","Antibiotico oftalmico","Gotas oftÂ lmicas/Colirios"
"ciprofloxacina","500 mg comp.x 20","CIPROFLOXACINA VANNIER","Vannier","Antibiotico","Comprimidos/Pastillas/Tabletas/Grageas"
"ciprofloxacina","500 mg comp.x 20","CIRIAX","Roemmers","Antibiotico","Comprimidos/Pastillas/Tabletas/Grageas"
"ciprofloxacina","500 mg comp.rec.x 10","CIPROFLOXACINA RICHET","Richet","Antibiotico","Comprimidos/Pastillas/Tabletas/Grageas"
"ciprofloxacina","sol.oft.x 5 ml","QUISEGEN","Lafedar","Antibiotico oftalmico","Gotas oftÂ lmicas/Colirios"
"ciprofloxacina","500 mg comp.x 10","CIPROFLOXACINA DUNCAN","Duncan","Antibiotico","Comprimidos/Pastillas/Tabletas/Grageas"
"ciprofloxacina","500 mg comp.x 10","CIPROFLOXACINA FABRA","Fabra","Antibiotico","Comprimidos/Pastillas/Tabletas/Grageas"
"ciprofloxacina","500 mg comp.rec.x 10","CIPROFLOXACINA DENVER FARMA","Denver Farma","Antibiotico","Comprimidos/Pastillas/Tabletas/Grageas"
"ciprofloxacina","500 mg comp.x 10","CIPROFLOXACINA VANNIER","Vannier","Antibiotico","Comprimidos/Pastillas/Tabletas/Grageas"
"ciprofloxacina","500 mg comp.x 10","BIOTIC PHARMA","Trb-Pharma","Antibiotico","Comprimidos/Pastillas/Tabletas/Grageas"
"ciprofloxacina","comp.ran.x 14","EXERTIAL 500","Baliarda","Antibiotico","Comprimidos/Pastillas/Tabletas/Grageas"
"ciprofloxacina","sol.oft.x 10 ml","QUISEGEN","Lafedar","Antibiotico oftalmico","Gotas oftÂ lmicas/Colirios"
"ciprofloxacina+dexametasona","susp.oft.estâril x 5 ml","OMAFLAXINA D","Biosintex","Antibiotico oftalmico","Gotas oftÂ lmicas/Colirios"
"ciprofloxacina+dexametasona","sol.oft.x 5 ml","SOPHIXIN DX","Siegfried","Antibiotico Antiinfl.","Gotas oftÂ lmicas/Colirios"
"ciprofloxacina+dexametasona","sol.oft.x 5 ml","PROCALM","Lab Internacion","Antibiotico Antiinfl.","Gotas oftÂ lmicas/Colirios"
"ciprofloxacina+dexametasona","ung.oft.x 3.5 g","FOTAMICIN","Elea","Antibiotico Antiinfl.","Geles oftÂ lmicos"
"ciprofloxacina+dexametasona","susp.oft.x 5 ml","CIRFLOX OFTAL","Klonal","Antibiotico Antiinfl.","Gotas oftÂ lmicas/Colirios"
"ciprofloxacina+dexametasona","susp.oft.x 5 ml","FOTAMICIN","Elea","Antibiotico Antiinfl.","Gotas oftÂ lmicas/Colirios"
"ciprofloxacina+dexametasona","gts.oft.x 10 ml","DEXACORT C","Novoplos","Antibiotico Antiinfl.","Gotas oftÂ lmicas/Colirios"
"ciprofloxacina+dexametasona","susp.oft.x 5ml","CIPROCLER COLIRIO","Monserrat","Antibiotico Antiinfl.","Gotas oftÂ lmicas/Colirios"
"ciprofloxacina+dexametasona","susp.oft.x 5 ml","DECADRON CON CIPROFLOXACINA","Sidus","Antibiotico Antiinfl.","Gotas oftÂ lmicas/Colirios"
"ciprofloxacina+dexametasona","sol.oft.x 5 ml","CIPROLABSA D OFTAL","Labsa","Antibiotico Antiinfl.","Gotas oftÂ lmicas/Colirios"
"ciprofloxacina+dexametasona","ung.oft.x 3.5 g","QUIDEX","Poen","Antibiotico Antiinfl.","Geles oftÂ lmicos"
"ciprofloxacina+dexametasona","susp.oft.estâril x 5 ml","POLEX","Max Vision","Antibiotico Antiinfl.","Gotas oftÂ lmicas/Colirios"
"ciprofloxacina+dexametasona","gts.Â¢ticas x 5 ml","OTOSPORIN DEXA","Siegfried","Antibiotico Antiinfl.","Gotas Â¢ticas"
"ciprofloxacina+dexametasona","susp.oft.x 5 ml","TACINES","Denver Farma","Antibiotico Antiinfl.","Gotas oftÂ lmicas/Colirios"
"ciprofloxacina+dexametasona","sol.oft.x 5 ml","CIPROFLOXACINA D DORF","PharmaDorf","Antibiotico Antiinfl.","Gotas oftÂ lmicas/Colirios"
"ciprofloxacina+dexametasona","ung.oft.estâril x 3.5 g","POLEX","Max Vision","Antibiotico Antiinfl.","Gotas oftÂ lmicas/Colirios"
"ciprofloxacina+dexametasona","gts.oft.x 5 ml","QUIDEX","Poen","Antibiotico Antiinfl.","Gotas oftÂ lmicas/Colirios"
"ciprofloxacina+hidrocortisona","gts.Â¢ticas x 5 ml","OTOCEROL OTIC","Lafedar","Antibiotico Antiinfl.","Gotas Â¢ticas"
"ciprofloxacina+hidrocortisona","gts.Â¢ticas x 5 ml","OTEX HC","Lersan","Antibiotico Antiinfl.","Gotas Â¢ticas"
"ciprofloxacina+hidrocortisona","gts.Â¢ticas x 5 ml","OTOSPORIN C","Siegfried","Antibiotico Antiinfl.","Gotas Â¢ticas"
"ciprofloxacina+hidrocortisona","gts.Â¢ticas x 5 ml","CIPROFLOXACINA LAZAR HC","Lazar","Antibiotico Antiinfl.","Gotas Â¢ticas"
"ciprofloxacina+hidrocortisona","gts.Â¢ticas x 5 ml","CIRIAX OTIC","Roemmers","Antibiotico Antiinfl.","Gotas Â¢ticas"
"ciprofloxacina+hidrocortisona","gts.Â¢ticas x 5 ml","OTIKIT","Mar","Antibiotico Antiinfl.","Gotas Â¢ticas"
"ciprofloxacina+hidrocortisona","susp.Â¢tica x 5 ml","OTOLEF","Biosintex","Antibiotico Antiinfl.","Gotas Â¢ticas"
"ciprofloxacina+hidrocortisona","gts.Â¢ticas x 5 ml","OTO BIOTAER","Siegfried","Antibiotico Antiinfl.","Gotas Â¢ticas"
"ciproterona+etinilestradiol","comp.rec.x 21","AVANCEL","PharmaDorf","Hormonoterapia","Comprimidos/Pastillas/Tabletas/Grageas"
"ciproterona+etinilestradiol","comp.rec.x 21","MILEVA 35","Elea","Hormonoterapia","Comprimidos/Pastillas/Tabletas/Grageas"
"ciproterona+etinilestradiol","blist.grag.x 21","DIANE 35","Bayer (PH)","Hormonoterapia","Comprimidos/Pastillas/Tabletas/Grageas"
"ciproterona+etinilestradiol","comp.rec.x 21","ZINNIA","Laboratorios Be","Anticonceptivo","Comprimidos/Pastillas/Tabletas/Grageas"
"claritromicina","500 mg comp.rec.x 16","SOFERAX","Savant Generic","Antibiotico","Comprimidos/Pastillas/Tabletas/Grageas"
"claritromicina","250 mg susp.x 100 ml","TUCLARIT","Mar","Antibiotico","Jarabe/SuspensiÂ¢n oral/Polvo para uso oral"
"claritromicina","500 mg comp.x 16","CLARICINA","Lafedar","Antibiotico","Comprimidos/Pastillas/Tabletas/Grageas"
"claritromicina","250 mg susp.ext.x 60 ml","CORIXA","Biotenk","Antibiotico","Jarabe/SuspensiÂ¢n oral/Polvo para uso oral"
"claritromicina","500 mg comp.x 16","AEROXINA","Elea","Antibiotico","Comprimidos/Pastillas/Tabletas/Grageas"
"claritromicina","500 mg comp.lib.modif.x4","CORIXA UD","Biotenk","Antibiotico","CÂ ps./Comp. de LiberaciÂ¢n Controlada"
"claritromicina","250 mg/5 ml jbe.x 60 ml","KLONACID","Klonal","Antibiotico","Jarabe/SuspensiÂ¢n oral/Polvo para uso oral"
"claritromicina","250 mg susp.x 60 ml","CLARIMAX 250","Montpellier","Antibiotico","Jarabe/SuspensiÂ¢n oral/Polvo para uso oral"
"claritromicina","125 mg/5 ml susp.x 70 ml","QUOTAL","Siegfried","Antibiotico","Jarabe/SuspensiÂ¢n oral/Polvo para uso oral"
"claritromicina","500 mg comp.rec.x 8","AEROXINA U.D.","Elea","Antibiotico","Comprimidos/Pastillas/Tabletas/Grageas"
"claritromicina","500 mg comp.lib.prol.x 8","CLAROVIL UD","Beta","Antibiotico","CÂ ps./Comp. de LiberaciÂ¢n Controlada"
"claritromicina","500 mg comp.x 8","CLARITROMICINA RICHET","Richet","Antibiotico","Comprimidos/Pastillas/Tabletas/Grageas"
"claritromicina","250 mg comp.x 16","ISET","Casasco","Antibiotico","Comprimidos/Pastillas/Tabletas/Grageas"
"claritromicina","1000 mg comp.rec.AP.x 7","CLARIMAX UD 1000","Montpellier","Antibiotico","Comprimidos/Pastillas/Tabletas/Grageas"
"claritromicina","500 mg comp.rec.x 16","CLARIBIOTIC 500","Baliarda","Antibiotico","Comprimidos/Pastillas/Tabletas/Grageas"
"claritromicina","500 mg comp.x 8","CLARICINA","Lafedar","Antibiotico","Comprimidos/Pastillas/Tabletas/Grageas"
"claritromicina","500 mg comp.x 16","CLARITROMICINA FABRA","Fabra","Antibiotico","Comprimidos/Pastillas/Tabletas/Grageas"
"claritromicina","125 mg susp.ext.x 60 ml","CORIXA","Biotenk","Antibiotico","Jarabe/SuspensiÂ¢n oral/Polvo para uso oral"
"claritromicina","125 mg susp.x 60 ml","CLARIMAX 125","Montpellier","Antibiotico","Jarabe/SuspensiÂ¢n oral/Polvo para uso oral"
"claritromicina","500 mg comp.rec.x 16","QUOTAL","Siegfried","Antibiotico","Comprimidos/Pastillas/Tabletas/Grageas"
"claritromicina","250 mg/5 ml jbe.x 100 ml","ISET","Casasco","Antibiotico","Jarabe/SuspensiÂ¢n oral/Polvo para uso oral"
"claritromicina","500 mg comp.x 16","FINASEPT","Microsules Arg.","Antibiotico","Comprimidos/Pastillas/Tabletas/Grageas"
"claritromicina","500 mg comp.lib.prol.x 4","CLAROVIL UD","Beta","Antibiotico","CÂ ps./Comp. de LiberaciÂ¢n Controlada"
"claritromicina","250mg/5ml susp.oralx60ml","CLARITROMICINA RICHET","Richet","Antibiotico","Jarabe/SuspensiÂ¢n oral/Polvo para uso oral"
"claritromicina","500 mg comp.x 20","KAILASA","Duncan","Antibiotico","Comprimidos/Pastillas/Tabletas/Grageas"
"claritromicina","500 mg comp.x 16","CORIXA","Biotenk","Antibiotico","Comprimidos/Pastillas/Tabletas/Grageas"
"claritromicina","250 mg susp.x 60 ml","TUCLARIT","Mar","Antibiotico","Jarabe/SuspensiÂ¢n oral/Polvo para uso oral"
"claritromicina","500 mg comp.rec.x 16","CLAROVIL","Beta","Antibiotico","Comprimidos/Pastillas/Tabletas/Grageas"
"claritromicina","500 mg comp.x 16","CLARITROM","Trb-Pharma","Antibiotico","Comprimidos/Pastillas/Tabletas/Grageas"
"claritromicina","500 mg comp.x 16","KLONACID","Klonal","Antibiotico","Comprimidos/Pastillas/Tabletas/Grageas"
"claritromicina","500 mg comp.rec.AP.x 8","CLARIMAX UD","Montpellier","Antibiotico","Comprimidos/Pastillas/Tabletas/Grageas"
"claritromicina","500 mg comp.x 8","CORIXA","Biotenk","Antibiotico","Comprimidos/Pastillas/Tabletas/Grageas"
"claritromicina","500 mg comp.x 8","KLARICID","Abbott EPD","Antibiotico","Comprimidos/Pastillas/Tabletas/Grageas"
"claritromicina","250 mg/5 ml jbe.x 60 ml","CLARICINA","Lafedar","Antibiotico","Jarabe/SuspensiÂ¢n oral/Polvo para uso oral"
"claritromicina","125 mg susp.x 60 ml","TUCLARIT","Mar","Antibiotico","Jarabe/SuspensiÂ¢n oral/Polvo para uso oral"
"claritromicina","125 mg/5 ml jbe.x 60 ml","KLONACID","Klonal","Antibiotico","Jarabe/SuspensiÂ¢n oral/Polvo para uso oral"
"claritromicina","250mg/5ml susp.x 60 ml","CLARIBIOTIC 250","Baliarda","Antibiotico","Comprimidos/Pastillas/Tabletas/Grageas"
"claritromicina","500 mg comp.rec.x 16","CLARITROMICINA VANNIER","Vannier","Antibiotico","Comprimidos/Pastillas/Tabletas/Grageas"
"claritromicina","250 mg/5 ml jbe.x 60 ml","ISET","Casasco","Antibiotico","Jarabe/SuspensiÂ¢n oral/Polvo para uso oral"
"claritromicina","1 g comp.x 8","ISET U.D.","Casasco","Antibiotico","Comprimidos/Pastillas/Tabletas/Grageas"
"claritromicina","comp.rec.acc.prol.x 8","QUOTAL UD","Siegfried","Antibiotico","Comprimidos/Pastillas/Tabletas/Grageas"
"claritromicina","500 mg comp.x 16","CLARITROLABSA","Labsa","Antibiotico","Comprimidos/Pastillas/Tabletas/Grageas"
"claritromicina","500 mg comp.rec.AP.x 4","CLARIMAX UD","Montpellier","Antibiotico","Comprimidos/Pastillas/Tabletas/Grageas"
"claritromicina","500 mg comp.x 16","MACROMICINA","Sanitas","Antibiotico","Comprimidos/Pastillas/Tabletas/Grageas"
"claritromicina","125 mg/5 ml jbe.x 60 ml","CLARICINA","Lafedar","Antibiotico","Jarabe/SuspensiÂ¢n oral/Polvo para uso oral"
"claritromicina","125 mg/5 ml jbe.x 60 ml","ISET","Casasco","Antibiotico","Jarabe/SuspensiÂ¢n oral/Polvo para uso oral"
"claritromicina","500 mg comp.x 20","TUCLARIT","Mar","Antibiotico","Comprimidos/Pastillas/Tabletas/Grageas"
"claritromicina","jbe.x 60 ml","KLARICID FORTE","Abbott EPD","Antibiotico","Jarabe/SuspensiÂ¢n oral/Polvo para uso oral"
"claritromicina","500 mg comp.rec.x 10","AEROXINA U.D.","Elea","Antibiotico","Comprimidos/Pastillas/Tabletas/Grageas"
"claritromicina","250 mg susp.x 60 ml","AEROXINA","Elea","Antibiotico","Jarabe/SuspensiÂ¢n oral/Polvo para uso oral"
"claritromicina","125mg/5ml susp.x 60 ml","CLARIBIOTIC 125","Baliarda","Antibiotico","Comprimidos/Pastillas/Tabletas/Grageas"
"claritromicina","500 mg comp.x 16","NEUMODRYL","Fecofar","Antibiotico","Comprimidos/Pastillas/Tabletas/Grageas"
"claritromicina","comp.rec.acc.prol.x 4","QUOTAL UD","Siegfried","Antibiotico","Comprimidos/Pastillas/Tabletas/Grageas"
"claritromicina","500 mg comp.rec.x 16","CLARIMAX 500","Montpellier","Antibiotico","Comprimidos/Pastillas/Tabletas/Grageas"
"claritromicina","500 mg comp.x 8","ISET U.D.","Casasco","Antibiotico","Comprimidos/Pastillas/Tabletas/Grageas"
"claritromicina","500 mg comp.rec.x 8","CLAROVIL","Beta","Antibiotico","Comprimidos/Pastillas/Tabletas/Grageas"
"claritromicina","500 mg comp.lib.prol.x 8","CLARIBIOTIC U.D.","Baliarda","Antibiotico","CÂ ps./Comp. de LiberaciÂ¢n Controlada"
"claritromicina","250 mg susp.x 60 ml","SOFERAX","Savant Generic","Antibiotico","Jarabe/SuspensiÂ¢n oral/Polvo para uso oral"
"claritromicina","500 mg comp.x 14","TUCLARIT","Mar","Antibiotico","Comprimidos/Pastillas/Tabletas/Grageas"
"claritromicina","comp.x 8","KLARICID UD","Abbott EPD","Antibiotico","Comprimidos/Pastillas/Tabletas/Grageas"
"claritromicina","500 mg comp.rec.x 5","AEROXINA U.D.","Elea","Antibiotico","Comprimidos/Pastillas/Tabletas/Grageas"
"claritromicina","500 mg comp.lib.modif.x8","CORIXA UD","Biotenk","Antibiotico","CÂ ps./Comp. de LiberaciÂ¢n Controlada"
"claritromicina","500 mg comp.x 16","KLARICID","Abbott EPD","Antibiotico","Comprimidos/Pastillas/Tabletas/Grageas"
"claritromicina","comp.x 5","KLARICID UD","Abbott EPD","Antibiotico","Comprimidos/Pastillas/Tabletas/Grageas"
"claritromicina","250 mg/5 ml susp.x 70 ml","QUOTAL","Siegfried","Antibiotico","Jarabe/SuspensiÂ¢n oral/Polvo para uso oral"
"claritromicina","500 mg comp.rec.x 8","CLARIMAX 500","Montpellier","Antibiotico","Comprimidos/Pastillas/Tabletas/Grageas"
"claritromicina","500 mg comp.x 4","ISET U.D.","Casasco","Antibiotico","Comprimidos/Pastillas/Tabletas/Grageas"
"claritromicina","500 mg comp.lib.prol.x 4","CLARIBIOTIC U.D.","Baliarda","Antibiotico","CÂ ps./Comp. de LiberaciÂ¢n Controlada"
"claritromicina","500 mg comp.x 16","CLARITROMICINA RICHET","Richet","Antibiotico","Comprimidos/Pastillas/Tabletas/Grageas"
"claritromicina","500 mg comp.x 16","FADAMICINA","Biosintex Retai","Antibiotico","Comprimidos/Pastillas/Tabletas/Grageas"
"claritromicina","500 mg comp.x 16","ISET","Casasco","Antibiotico","Comprimidos/Pastillas/Tabletas/Grageas"
"claritromicina","1000 mg comp.rec.AP.x 14","CLARIMAX UD 1000","Montpellier","Antibiotico","Comprimidos/Pastillas/Tabletas/Grageas"
"clebopride+simeticona+asoc.","comp.rec.x 60","EUDON","Baliarda","Antiemetico Sedante","Comprimidos/Pastillas/Tabletas/Grageas"
"clebopride+simeticona+asoc.","comp.rec.x 30","EUDON","Baliarda","Antiemetico Sedante","Comprimidos/Pastillas/Tabletas/Grageas"
"clindamicina","300 mg cÂ ps.x 16","CLINDAMICINA RICHET","Richet","Antibiotico","CÂ psulas/Softgels"
"clindamicina","75mg pvo.p/sol.o x100ml","MICROBION","Montpellier","Antibiotico","Jarabe/SuspensiÂ¢n oral/Polvo para uso oral"
"clindamicina","cÂ ps. x 16","CLIDAN 300","CassarÂ","Antibiotico","CÂ psulas/Softgels"
"clindamicina","100 mg ov.vag.x 7","TORGYN","Adium","Antibiotico vaginal","Ovulos/Comprimidos vaginales"
"clindamicina","gel dârm.x 15 g","CLIDAN","CassarÂ","Antiacneico","Cremas/Geles/Pomadas/UngÂentos"
"clindamicina","sol.x 50 ml","CLINDACIN","Panalab","Antiacneico","SoluciÂ¢n de uso externo/LociÂ¢n"
"clindamicina","300 mg cÂ ps.x 16","CLINDALAF","Lafedar","Antibiotico","CÂ psulas/Softgels"
"clindamicina","300 mg cÂ ps.x 24","RESBIOTIC","Casasco","Antibiotico","CÂ psulas/Softgels"
"clindamicina","100 mg Â¢v.vag.x 3","TORGYN","Adium","Antibiotico vaginal","Ovulos/Comprimidos vaginales"
"clindamicina","gel x 50 g","CLINDACIN","Panalab","Antiacneico","Cremas/Geles/Pomadas/UngÂentos"
"clindamicina","300 mg cÂ ps.x 16","DALACIN C 300","Pfizer","Antibiotico","CÂ psulas/Softgels"
"clindamicina","300 mg cÂ ps.x 16","RESBIOTIC","Casasco","Antibiotico","CÂ psulas/Softgels"
"clindamicina","X100 ml gran. p/solucion","RESBIOTIC PEDIATRICO","Casasco","Antibiotico","Jarabe/SuspensiÂ¢n oral/Polvo para uso oral"
"clindamicina","300 mg cÂ ps.x 16","MICROBION","Montpellier","Antibiotico","CÂ psulas/Softgels"
"clindamicina","loc.x 30 ml","CLINTOPIC","Siegfried","Antiacneico","SoluciÂ¢n de uso externo/LociÂ¢n"
"clindamicina+benzoilo,peroxido","gel x 20 g","DUO CLINDACIN","Panalab","Antiacneico","Cremas/Geles/Pomadas/UngÂentos"
"clindamicina+benzoilo,peroxido","cr.x 30 g","PERCLIN","Fortbenton","Antiacneico","Cremas/Geles/Pomadas/UngÂentos"
"clindamicina+benzoilo,peroxido","gel x 30 g","CLIDAN B","CassarÂ","Antiacneico","Cremas/Geles/Pomadas/UngÂentos"
"clindamicina+ketoconazol","Â¢v.x 7","GINCLIN","Baliarda","Antimicotico Antibacteriano","Ovulos/Comprimidos vaginales"
"clobetasol","0.05% ung.x 30 g","RIBATRA","Panalab","Antieccematoso","Cremas/Geles/Pomadas/UngÂentos"
"clobetasol","loc.x 30 ml","CANTRIL","Lafedar","Corticosteroide topico","SoluciÂ¢n de uso externo/LociÂ¢n"
"clobetasol","0.05% cr.x 30 g","PERFRACORT","Fortbenton","Antieccematoso","Cremas/Geles/Pomadas/UngÂentos"
"clobetasol","0.05% cr.x 30 g","RIBATRA","Panalab","Antieccematoso","Cremas/Geles/Pomadas/UngÂentos"
"clobetasol","cr.x 20 g","CANTRIL","Lafedar","Corticosteroide topico","Cremas/Geles/Pomadas/UngÂentos"
"clobetasol","0.05% ung.x 30 g","PERFRACORT","Fortbenton","Antieccematoso","Cremas/Geles/Pomadas/UngÂentos"
"clobetasol","loc.x 30 ml","DERMADEX CAPILAR","GlaxoSmithKline","Antieccematoso","SoluciÂ¢n de uso externo/LociÂ¢n"
"clobetasol","cr.x 30 g","CLOBESOL","Siegfried","Corticosteroide topico","Cremas/Geles/Pomadas/UngÂentos"
"clobetasol","cr.x 30 g","SALVICUTAN","Lazar","Corticosteroide topico","Cremas/Geles/Pomadas/UngÂentos"
"clobetasol","cr.x 30 g","KLOMADEX","Biosintex","Antiinflam.Antipruriginoso","Cremas/Geles/Pomadas/UngÂentos"
"clobetasol","loc.x 40 ml","SALAC","AndrÂ¢maco","Corticosteroide","SoluciÂ¢n de uso externo/LociÂ¢n"
"clobetasol","ung.x 30 g","DERMADEX","GlaxoSmithKline","Antieccematoso","Cremas/Geles/Pomadas/UngÂentos"
"clobetasol","loc.x 30 ml","PERFRACORT","Fortbenton","Corticosteroide topico","SoluciÂ¢n de uso externo/LociÂ¢n"
"clobetasol","ung.x 30 g","DERMEXANE","Lersan","Corticosteroide topico","Cremas/Geles/Pomadas/UngÂentos"
"clobetasol","0.05% cr.x 50 g","RIBATRA","Panalab","Antieccematoso","Cremas/Geles/Pomadas/UngÂentos"
"clobetasol","cr.x 20 g","SALAC","AndrÂ¢maco","Corticosteroide","Cremas/Geles/Pomadas/UngÂentos"
"clobetasol","cr.x 30 g","DERMADEX","GlaxoSmithKline","Antieccematoso","Cremas/Geles/Pomadas/UngÂentos"
"clobetasol","cr.x 30 g","SALAC","AndrÂ¢maco","Corticosteroide","Cremas/Geles/Pomadas/UngÂentos"
"clobetasol","cr.x 60 g","PROAVENAL C","Panalab","Corticosteroide topico","Cremas/Geles/Pomadas/UngÂentos"
"clobetasol","cr.x 30 g","DERMEXANE","Lersan","Corticosteroide topico","Cremas/Geles/Pomadas/UngÂentos"
"clobetasol","ung.x 20 g","SALAC","AndrÂ¢maco","Corticosteroide","Cremas/Geles/Pomadas/UngÂentos"
"clobetasol","ung.x 15 g","DERMADEX","GlaxoSmithKline","Antieccematoso","Cremas/Geles/Pomadas/UngÂentos"
"clobetasol","0.05% cr.x 15 g","DERMACLOB","Oxapharma","Corticosteroide topico","Cremas/Geles/Pomadas/UngÂentos"
"clobetasol","loc.x 30 ml","DERMEXANE CAPILAR","Lersan","Antieccematoso","SoluciÂ¢n de uso externo/LociÂ¢n"
"clobetasol","ung.x 15 g","CLOBESOL","Siegfried","Corticosteroide topico","Cremas/Geles/Pomadas/UngÂentos"
"clobetasol","cr.x 30 g","PROAVENAL C","Panalab","Corticosteroide topico","Cremas/Geles/Pomadas/UngÂentos"
"clobetasol","loc.x 30 ml","CLOBESOL","Siegfried","Corticosteroide topico","SoluciÂ¢n de uso externo/LociÂ¢n"
"clobetasol","0.05% loc.x 30 ml","RIBATRA","Panalab","Antieccematoso","SoluciÂ¢n de uso externo/LociÂ¢n"
"clobetasol","cr.x 15 g","DERMADEX","GlaxoSmithKline","Antieccematoso","Cremas/Geles/Pomadas/UngÂentos"
"clobetasol","ung.x 20 g","CANTRIL","Lafedar","Corticosteroide topico","Cremas/Geles/Pomadas/UngÂentos"
"clobetasol","cr.x 20 g","CLOBESOL","Siegfried","Corticosteroide topico","Cremas/Geles/Pomadas/UngÂentos"
"clobetasona","cr.x 15 g","EUMOVATE","Siegfried","Antieccematoso","Cremas/Geles/Pomadas/UngÂentos"
"clomifeno,citrato","comp.x 20","CLOMIFEM","Laboratorios Be","Inductor ovulacion","Comprimidos/Pastillas/Tabletas/Grageas"
"clomifeno,citrato","comp.x 20","GENOZYM","Siegfried","Inductor ovulacion","Comprimidos/Pastillas/Tabletas/Grageas"
"clomifeno,citrato","comp.x 60","GENOZYM","Siegfried","Inductor ovulacion","Comprimidos/Pastillas/Tabletas/Grageas"
"clomifeno,citrato","50 mg comp.x 20","TOCOFENO","Ferring","Inductor ovulacion","Comprimidos/Pastillas/Tabletas/Grageas"
"clomifeno,citrato","comp.x 10","CLOMIFEM","Laboratorios Be","Inductor ovulacion","Comprimidos/Pastillas/Tabletas/Grageas"
"clonazepam","2 mg comp.x 30","SOLFIDIN","Rontag","Ansiolitico Anticonvulsivo","Comprimidos/Pastillas/Tabletas/Grageas"
"clonazepam","0.25 mg comp.subl.x 30","CLONAX RAPID","Beta","Ansiolitico Anticonvulsivo","Comprimidos/Pastillas/Tabletas/Grageas"
"clonazepam","0.5 mg comp.x 30","DIOCAM","Gador","Ansiolitico Anticonvulsivo","Comprimidos/Pastillas/Tabletas/Grageas"
"clonazepam","2 mg comp.x 60","DIOCAM","Gador","Ansiolitico Anticonvulsivo","Comprimidos/Pastillas/Tabletas/Grageas"
"clonazepam","comp.x 60","EDICTUM 0.5 MG","PharmaDorf","Ansiolitico Anticonvulsivo","Comprimidos/Pastillas/Tabletas/Grageas"
"clonazepam","0.5 mg comp.ran.x 60","RIUCLONAZ","Medipharma","Ansiolitico Anticonvulsivo","Comprimidos/Pastillas/Tabletas/Grageas"
"clonazepam","1 mg comp.x 30","CLONADANE","Eczane","Ansiolitico Anticonvulsivo","Comprimidos/Pastillas/Tabletas/Grageas"
"clonazepam","1 mg comp.x 30","CLONAX","Beta","Ansiolitico Anticonvulsivo","Comprimidos/Pastillas/Tabletas/Grageas"
"clonazepam","0.5 mg comp.x 50","LEPTIC","Soubeiran Chobe","Ansiolitico Anticonvulsivo","Comprimidos/Pastillas/Tabletas/Grageas"
"clonazepam","0.5 mg comp.x 30","SOLFIDIN FLASH","Rontag","Ansiolitico Anticonvulsivo","Comprimidos/Pastillas/Tabletas/Grageas"
"clonazepam","1 mg comp.birran.x 30","CLONAZEPAM ROSPAW","Rospaw","Ansiolitico Anticonvulsivo","Comprimidos/Pastillas/Tabletas/Grageas"
"clonazepam","0.5 mg comp.x 30","CLONAGIN 0.5","Baliarda","Ansiolitico Anticonvulsivo","Comprimidos/Pastillas/Tabletas/Grageas"
"clonazepam","0.5 mg comp.x 60","RIVOTRIL","Biopas Argentin","Ansiolitico Anticonvulsivo","Comprimidos/Pastillas/Tabletas/Grageas"
"clonazepam","2 mg comp.x 50","CLONAX","Beta","Ansiolitico Anticonvulsivo","Comprimidos/Pastillas/Tabletas/Grageas"
"clonazepam","2 mg comp.birran.x 30","RIBOCLER 2 MG","Monserrat","Ansiolitico Anticonvulsivo","Comprimidos/Pastillas/Tabletas/Grageas"
"clonazepam","2 mg comp.x 30","CLONALEP","Lepetit","Ansiolitico Anticonvulsivo","Comprimidos/Pastillas/Tabletas/Grageas"
"clonazepam","0.25 mg comp.subl.x 30","DIOCAM SL","Gador","Ansiolitico Anticonvulsivo","Comprimidos/Pastillas/Tabletas/Grageas"
"clonazepam","0.50 mg comp.x 30","INDUZEPAM","Finadiet","Ansiolitico Anticonvulsivo","Comprimidos/Pastillas/Tabletas/Grageas"
"clonazepam","1 mg comp.x 60","QUAZEMIC","Casasco","Ansiolitico Anticonvulsivo","Comprimidos/Pastillas/Tabletas/Grageas"
"clonazepam","0.5 mg comp.x 30","SOLFIDIN","Rontag","Ansiolitico Anticonvulsivo","Comprimidos/Pastillas/Tabletas/Grageas"
"clonazepam","1 mg comp.x 60","DIOCAM","Gador","Ansiolitico Anticonvulsivo","Comprimidos/Pastillas/Tabletas/Grageas"
"clonazepam","0.5 mg comp.ran.x 30","RIUCLONAZ","Medipharma","Ansiolitico Anticonvulsivo","Comprimidos/Pastillas/Tabletas/Grageas"
"clonazepam","0.5 mg comp.x 60","CLONADANE","Eczane","Ansiolitico Anticonvulsivo","Comprimidos/Pastillas/Tabletas/Grageas"
"clonazepam","0.5 mg comp.x 50","RIVOTRIL","Biopas Argentin","Ansiolitico Anticonvulsivo","Comprimidos/Pastillas/Tabletas/Grageas"
"clonazepam","0.5 mg comp.x 30","LEPTIC","Soubeiran Chobe","Ansiolitico Anticonvulsivo","Comprimidos/Pastillas/Tabletas/Grageas"
"clonazepam","0.25 mg comp.subl.x 30","CLONAGIN SL","Baliarda","Ansiolitico Anticonvulsivo","Comprimidos/Pastillas/Tabletas/Grageas"
"clonazepam","2 mg comp.x 60","NEURYL 2","BagÂ¢","Ansiolitico Anticonvulsivo","Comprimidos/Pastillas/Tabletas/Grageas"
"clonazepam","comp.x 60","EDICTUM 2 MG","PharmaDorf","Ansiolitico Anticonvulsivo","Comprimidos/Pastillas/Tabletas/Grageas"
"clonazepam","gts.x 20 ml","CLONAGIN","Baliarda","Ansiolitico Anticonvulsivo","Gotas orales"
"clonazepam","Flash 0.5 mg comp.x 50","NEURYL FLASH 0.5","BagÂ¢","Ansiolitico Anticonvulsivo","Comprimidos/Pastillas/Tabletas/Grageas"
"clonazepam","1 mg comp.x 50","CLONAX","Beta","Ansiolitico Anticonvulsivo","Comprimidos/Pastillas/Tabletas/Grageas"
"clonazepam","0.5 mg comp.birran.x 50","RIBOCLER 0.5 MG","Monserrat","Ansiolitico Anticonvulsivo","Comprimidos/Pastillas/Tabletas/Grageas"
"clonazepam","2 mg comp.birran.x 60","CLONAZEPAM ROSPAW","Rospaw","Ansiolitico Anticonvulsivo","Comprimidos/Pastillas/Tabletas/Grageas"
"clonazepam","2 mg comp.x 60","CLONAZEPAM DUNCAN","Duncan","Ansiolitico Anticonvulsivo","Comprimidos/Pastillas/Tabletas/Grageas"
"clonazepam","2 mg comp.x 10","CLONALEP","Lepetit","Ansiolitico Anticonvulsivo","Comprimidos/Pastillas/Tabletas/Grageas"
"clonazepam","gts.x 20 ml","CLONER","Vannier","Ansiolitico Anticonvulsivo","Gotas orales"
"clonazepam","0.25 mg comp.x 30","INDUZEPAM","Finadiet","Ansiolitico Anticonvulsivo","Comprimidos/Pastillas/Tabletas/Grageas"
"clonazepam","0.25 mg comp.x 60","CLONAGIN 0.25","Baliarda","Ansiolitico Anticonvulsivo","Comprimidos/Pastillas/Tabletas/Grageas"
"clonazepam","1 mg comp.x 30","QUAZEMIC","Casasco","Ansiolitico Anticonvulsivo","Comprimidos/Pastillas/Tabletas/Grageas"
"clonazepam","2 mg comp.x 30","RIVOTRIL","Biopas Argentin","Ansiolitico Anticonvulsivo","Comprimidos/Pastillas/Tabletas/Grageas"
"clonazepam","0.5 mg comp.x 60","DIOCAM","Gador","Ansiolitico Anticonvulsivo","Comprimidos/Pastillas/Tabletas/Grageas"
"clonazepam","0.5 mg comp.x 30","CLONADANE","Eczane","Ansiolitico Anticonvulsivo","Comprimidos/Pastillas/Tabletas/Grageas"
"clonazepam","0.5 mg comp.x 10","LEPTIC","Soubeiran Chobe","Ansiolitico Anticonvulsivo","Comprimidos/Pastillas/Tabletas/Grageas"
"clonazepam","0.25 mg comp.subl.x 15","CLONAGIN SL","Baliarda","Ansiolitico Anticonvulsivo","Comprimidos/Pastillas/Tabletas/Grageas"
"clonazepam","1 mg comp.x 60","NEURYL 1","BagÂ¢","Ansiolitico Anticonvulsivo","Comprimidos/Pastillas/Tabletas/Grageas"
"clonazepam","2 mg comp.x 30","CLONAX","Beta","Ansiolitico Anticonvulsivo","Comprimidos/Pastillas/Tabletas/Grageas"
"clonazepam","comp.x 30","EDICTUM 0.5 MG","PharmaDorf","Ansiolitico Anticonvulsivo","Comprimidos/Pastillas/Tabletas/Grageas"
"clonazepam","0.5 mg comp.x 50","CLONAX","Beta","Ansiolitico Anticonvulsivo","Comprimidos/Pastillas/Tabletas/Grageas"
"clonazepam","0.5 mg comp.birran.x 30","RIBOCLER 0.5 MG","Monserrat","Ansiolitico Anticonvulsivo","Comprimidos/Pastillas/Tabletas/Grageas"
"clonazepam","2 mg comp.birran.x 30","CLONAZEPAM ROSPAW","Rospaw","Ansiolitico Anticonvulsivo","Comprimidos/Pastillas/Tabletas/Grageas"
"clonazepam","0.25 mg comp.x 60","QUAZEMIC","Casasco","Ansiolitico Anticonvulsivo","Comprimidos/Pastillas/Tabletas/Grageas"
"clonazepam","2 mg comp.x 60","QUAZEMIC","Casasco","Ansiolitico Anticonvulsivo","Comprimidos/Pastillas/Tabletas/Grageas"
"clonazepam","2 mg comp.x 30","CLONAZEPAM DUNCAN","Duncan","Ansiolitico Anticonvulsivo","Comprimidos/Pastillas/Tabletas/Grageas"
"clonazepam","2 mg comp.x 50","CLONER","Vannier","Ansiolitico Anticonvulsivo","Comprimidos/Pastillas/Tabletas/Grageas"
"clonazepam","0.5 mg comp.x 30","RIVOTRIL","Biopas Argentin","Ansiolitico Anticonvulsivo","Comprimidos/Pastillas/Tabletas/Grageas"
"clonazepam","0.25 mg comp.subl. x 30","QUAZEMIC SL","Casasco","Ansiolitico Anticonvulsivo","Comprimidos/Pastillas/Tabletas/Grageas"
"clonazepam","2 mg comp.x 60","CLONER","Vannier","Ansiolitico Anticonvulsivo","Comprimidos/Pastillas/Tabletas/Grageas"
"clonazepam","0.5 mg comp.x 60","NEURYL 0.5","BagÂ¢","Ansiolitico Anticonvulsivo","Comprimidos/Pastillas/Tabletas/Grageas"
"clonazepam","1 mg comp.x 60","CLONAGIN 1","Baliarda","Ansiolitico Anticonvulsivo","Comprimidos/Pastillas/Tabletas/Grageas"
"clonazepam","0.5 mg comp.x 30","CLONAX","Beta","Ansiolitico Anticonvulsivo","Comprimidos/Pastillas/Tabletas/Grageas"
"clonazepam","2 mg comp.x 30","CLONAZEPAM LEPRET","Pretoria","Ansiolitico Anticonvulsivo","Comprimidos/Pastillas/Tabletas/Grageas"
"clonazepam","comp.x 30","EDICTUM 2 MG","PharmaDorf","Ansiolitico Anticonvulsivo","Comprimidos/Pastillas/Tabletas/Grageas"
"clonazepam","2 mg comp.x 60","CLONADANE","Eczane","Ansiolitico Anticonvulsivo","Comprimidos/Pastillas/Tabletas/Grageas"
"clonazepam","2 mg comp.x 50","LEPTIC","Soubeiran Chobe","Ansiolitico Anticonvulsivo","Comprimidos/Pastillas/Tabletas/Grageas"
"clonazepam","0.5 mg comp.birran.x60","CLONAZEPAM ROSPAW","Rospaw","Ansiolitico Anticonvulsivo","Comprimidos/Pastillas/Tabletas/Grageas"
"clonazepam","2 mg comp.x 30","QUAZEMIC","Casasco","Ansiolitico Anticonvulsivo","Comprimidos/Pastillas/Tabletas/Grageas"
"clonazepam","2 mg comp.x 30","CLONER","Vannier","Ansiolitico Anticonvulsivo","Comprimidos/Pastillas/Tabletas/Grageas"
"clonazepam","1 mg comp.x 50","NEURYL 1","BagÂ¢","Ansiolitico Anticonvulsivo","Comprimidos/Pastillas/Tabletas/Grageas"
"clonazepam","2 mg comp.x 50","RIVOTRIL","Biopas Argentin","Ansiolitico Anticonvulsivo","Comprimidos/Pastillas/Tabletas/Grageas"
"clonazepam","2 mg comp.x 60","CLONAGIN 2","Baliarda","Ansiolitico Anticonvulsivo","Comprimidos/Pastillas/Tabletas/Grageas"
"clonazepam","gts.x 20 ml","QUAZEMIC","Casasco","Ansiolitico Anticonvulsivo","Gotas orales"
"clonazepam","2 mg comp.x 50","NEURYL 2","BagÂ¢","Ansiolitico Anticonvulsivo","Comprimidos/Pastillas/Tabletas/Grageas"
"clonazepam","2 mg comp.x 50","INDUZEPAM","Finadiet","Ansiolitico Anticonvulsivo","Comprimidos/Pastillas/Tabletas/Grageas"
"clonazepam","2 mg comp.x 60","CLONAZEPAM DENVER FARMA","Denver Farma","Ansiolitico Anticonvulsivo","Comprimidos/Pastillas/Tabletas/Grageas"
"clonazepam","2 mg comp.ran.x 60","RIUCLONAZ","Medipharma","Ansiolitico Anticonvulsivo","Comprimidos/Pastillas/Tabletas/Grageas"
"clonazepam","2 mg comp.x 30","CLONADANE","Eczane","Ansiolitico Anticonvulsivo","Comprimidos/Pastillas/Tabletas/Grageas"
"clonazepam","2 mg comp.x 30","LEPTIC","Soubeiran Chobe","Ansiolitico Anticonvulsivo","Comprimidos/Pastillas/Tabletas/Grageas"
"clonazepam","0.5 mg comp.birran.x30","CLONAZEPAM ROSPAW","Rospaw","Ansiolitico Anticonvulsivo","Comprimidos/Pastillas/Tabletas/Grageas"
"clonazepam","2 mg comp.x 50","DIOCAM","Gador","Ansiolitico Anticonvulsivo","Comprimidos/Pastillas/Tabletas/Grageas"
"clonazepam","0.5 mg comp.x 50","CLONAGIN 0.5","Baliarda","Ansiolitico Anticonvulsivo","Comprimidos/Pastillas/Tabletas/Grageas"
"clonazepam","0.5 mg comp.x 60","QUAZEMIC","Casasco","Ansiolitico Anticonvulsivo","Comprimidos/Pastillas/Tabletas/Grageas"
"clonazepam","0.5 mg comp.x 50","CLONER","Vannier","Ansiolitico Anticonvulsivo","Comprimidos/Pastillas/Tabletas/Grageas"
"clonazepam","2 mg comp.x 30","NEURYL 2","BagÂ¢","Ansiolitico Anticonvulsivo","Comprimidos/Pastillas/Tabletas/Grageas"
"clonazepam","0.25 mg comp.x 50","NEURYL 0.25","BagÂ¢","Ansiolitico Anticonvulsivo","Comprimidos/Pastillas/Tabletas/Grageas"
"clonazepam","2 mg comp.x 60","LEPTIC","Soubeiran Chobe","Ansiolitico Anticonvulsivo","Comprimidos/Pastillas/Tabletas/Grageas"
"clonazepam","2 mg comp.x 30","CLONAGIN 2","Baliarda","Ansiolitico Anticonvulsivo","Comprimidos/Pastillas/Tabletas/Grageas"
"clonazepam","0.5 mg comp.x 50","NEURYL 0.5","BagÂ¢","Ansiolitico Anticonvulsivo","Comprimidos/Pastillas/Tabletas/Grageas"
"clonazepam","1 mg comp.x 50","DIOCAM","Gador","Ansiolitico Anticonvulsivo","Comprimidos/Pastillas/Tabletas/Grageas"
"clonazepam","1 mg comp.x 50","CLONAZEPAM","Vent 3","Ansiolitico Anticonvulsivo","Comprimidos/Pastillas/Tabletas/Grageas"
"clonazepam","2 mg comp.x 30","INDUZEPAM","Finadiet","Ansiolitico Anticonvulsivo","Comprimidos/Pastillas/Tabletas/Grageas"
"clonazepam","1 mg comp.x 30","CLONAGIN 1","Baliarda","Ansiolitico Anticonvulsivo","Comprimidos/Pastillas/Tabletas/Grageas"
"clonazepam","0.5 mg comp.x 60","CLONAZEPAM DENVER FARMA","Denver Farma","Ansiolitico Anticonvulsivo","Comprimidos/Pastillas/Tabletas/Grageas"
"clonazepam","2 mg comp.x 30","DIOCAM","Gador","Ansiolitico Anticonvulsivo","Comprimidos/Pastillas/Tabletas/Grageas"
"clonazepam","2 mg comp.ran.x 30","RIUCLONAZ","Medipharma","Ansiolitico Anticonvulsivo","Comprimidos/Pastillas/Tabletas/Grageas"
"clonazepam","1 mg comp.x 60","CLONADANE","Eczane","Ansiolitico Anticonvulsivo","Comprimidos/Pastillas/Tabletas/Grageas"
"clonazepam","0.5 mg comp.x 30","CLONAZEPAM DUNCAN","Duncan","Ansiolitico Anticonvulsivo","Comprimidos/Pastillas/Tabletas/Grageas"
"clonazepam","2 mg comp.x 10","LEPTIC","Soubeiran Chobe","Ansiolitico Anticonvulsivo","Comprimidos/Pastillas/Tabletas/Grageas"
"clonazepam","gts.x 20 ml","NEURYL GOTAS","BagÂ¢","Ansiolitico Anticonvulsivo","Gotas orales"
"clonazepam","0.5 mg comp.x 50","DIOCAM","Gador","Ansiolitico Anticonvulsivo","Comprimidos/Pastillas/Tabletas/Grageas"
"clonazepam","2 mg comp.x 50","CLONAGIN 2","Baliarda","Ansiolitico Anticonvulsivo","Comprimidos/Pastillas/Tabletas/Grageas"
"clonazepam","0.5 mg comp.x 30","QUAZEMIC","Casasco","Ansiolitico Anticonvulsivo","Comprimidos/Pastillas/Tabletas/Grageas"
"clonazepam","0.5 mg comp.x 60","SOLFIDIN FLASH","Rontag","Ansiolitico Anticonvulsivo","Comprimidos/Pastillas/Tabletas/Grageas"
"clonazepam","0.5 mg comp.x 30","CLONER","Vannier","Ansiolitico Anticonvulsivo","Comprimidos/Pastillas/Tabletas/Grageas"
"clonazepam","0.5 mg comp.x 30","NEURYL 0.5","BagÂ¢","Ansiolitico Anticonvulsivo","Comprimidos/Pastillas/Tabletas/Grageas"
"clonazepam","1 mg comp.birran.x 60","CLONAZEPAM ROSPAW","Rospaw","Ansiolitico Anticonvulsivo","Comprimidos/Pastillas/Tabletas/Grageas"
"clonazepam","0.5 mg comp.x 60","LEPTIC","Soubeiran Chobe","Ansiolitico Anticonvulsivo","Comprimidos/Pastillas/Tabletas/Grageas"
"clonazepam","0.5 mg comp.x 60","CLONAGIN 0.5","Baliarda","Ansiolitico Anticonvulsivo","Comprimidos/Pastillas/Tabletas/Grageas"
"clonazepam","2 mg comp.x 60","RIVOTRIL","Biopas Argentin","Ansiolitico Anticonvulsivo","Comprimidos/Pastillas/Tabletas/Grageas"
"clonazepam","2 mg comp.birran.x 50","RIBOCLER 2 MG","Monserrat","Ansiolitico Anticonvulsivo","Comprimidos/Pastillas/Tabletas/Grageas"
"clonazepam","1 mg comp.x 30","DIOCAM","Gador","Ansiolitico Anticonvulsivo","Comprimidos/Pastillas/Tabletas/Grageas"
"clonazepam","0.5 mg comp.x 50","CLONAZEPAM","Vent 3","Ansiolitico Anticonvulsivo","Comprimidos/Pastillas/Tabletas/Grageas"
"clonazepam","0.50 mg comp.x 50","INDUZEPAM","Finadiet","Ansiolitico Anticonvulsivo","Comprimidos/Pastillas/Tabletas/Grageas"
"clopidogrel","75 mg comp.rec.x 28","NADENEL","Gâminis Farmacâ","Antitrombotico","Comprimidos/Pastillas/Tabletas/Grageas"
"clopidogrel","75 mg comp.x 30","ANTIPLAQ","Richmond","Antitrombotico","Comprimidos/Pastillas/Tabletas/Grageas"
"clopidogrel","75 mg comp.rec.x 30","MONREX","Montpellier","Antitrombotico","Comprimidos/Pastillas/Tabletas/Grageas"
"clopidogrel","75 mg comp.x 30","CLOPIDOGREL ROSPAW","Rospaw","Antitrombotico","Comprimidos/Pastillas/Tabletas/Grageas"
"clopidogrel","75 mg comp.rec.x 14","NADENEL","Gâminis Farmacâ","Antitrombotico","Comprimidos/Pastillas/Tabletas/Grageas"
"clopidogrel","75 mg comp.rec.x 30","NADENEL","Gâminis Farmacâ","Antitrombotico","Comprimidos/Pastillas/Tabletas/Grageas"
"clopidogrel","75 mg comp.x 10","CLOPIDOGREL ROSPAW","Rospaw","Antitrombotico","Comprimidos/Pastillas/Tabletas/Grageas"
"clopidogrel","75 mg comp.x 60","CLOPIDOGREL RICHET","Richet","Antitrombotico","Comprimidos/Pastillas/Tabletas/Grageas"
"clopidogrel","75 mg comp.x 30","CLOPIDOGREL TEVA","Teva Argentina","Antitrombotico","Comprimidos/Pastillas/Tabletas/Grageas"
"clopidogrel","75 mg comp.x 30","TROKEN 75","BagÂ¢","Antitrombotico","Comprimidos/Pastillas/Tabletas/Grageas"
"clopidogrel","75 mg comp.rec.x 30","NABRATIN","Adium","Antitrombotico","Comprimidos/Pastillas/Tabletas/Grageas"
"clopidogrel","75 mg comp.rec.x 30","CLOPILEP","Lepetit","Antitrombotico","Comprimidos/Pastillas/Tabletas/Grageas"
"clopidogrel","75 mg comp.rec.x 30","CLODREL","Baliarda","Antitrombotico","Comprimidos/Pastillas/Tabletas/Grageas"
"clopidogrel","75 mg comp.x 15","TROKEN 75","BagÂ¢","Antitrombotico","Comprimidos/Pastillas/Tabletas/Grageas"
"clopidogrel","75 mg comp.x 30","NEFAZAN","Elea","Antitrombotico","Comprimidos/Pastillas/Tabletas/Grageas"
"clopidogrel","75 mg comp.rec.x 30","PLEYAR","Casasco","Antitrombotico","Comprimidos/Pastillas/Tabletas/Grageas"
"clopidogrel","75 mg comp.rec.x 15","CLOPILEP","Lepetit","Antitrombotico","Comprimidos/Pastillas/Tabletas/Grageas"
"clopidogrel","75 mg comp.rec.x 60","CLOPILEP","Lepetit","Antitrombotico","Comprimidos/Pastillas/Tabletas/Grageas"
"clopidogrel","75 mg comp.x 30","CLOPIDOGREL RICHET","Richet","Antitrombotico","Comprimidos/Pastillas/Tabletas/Grageas"
"clopidogrel","75 mg comp.rec.x 30","MICRO-CAPE","Microsules Arg.","Antitrombotico","Comprimidos/Pastillas/Tabletas/Grageas"
"clopidogrel","75 mg comp.x 30","TRIUROL","Fecofar","Antitrombotico","Comprimidos/Pastillas/Tabletas/Grageas"
"clopidogrel","75 mg comp.x 15","NEFAZAN","Elea","Antitrombotico","Comprimidos/Pastillas/Tabletas/Grageas"
"clortalidona","50 mg comp.x 30","EURETICO","Casasco","Diuretico","Comprimidos/Pastillas/Tabletas/Grageas"
"clortalidona+valsartÂ n","25/320 comp.rec.x 30","HIPREX DUO","Teva Argentina","Antihipertensivo","Comprimidos/Pastillas/Tabletas/Grageas"
"clortalidona+valsartÂ n","25/160 comp.rec.x 30","HIPREX DUO","Teva Argentina","Antihipertensivo","Comprimidos/Pastillas/Tabletas/Grageas"
"clortalidona+valsartÂ n","12.5/160 comp.rec.x 30","HIPREX DUO","Teva Argentina","Antihipertensivo","Comprimidos/Pastillas/Tabletas/Grageas"
"clotrimazol","cr.x 20 g","MYCANDEN","Ronnet","Antimicotico topico","Cremas/Geles/Pomadas/UngÂentos"
"clotrimazol","1% cr.x 50 g","IKOLAN","Siegfried","Antimicotico topico","Cremas/Geles/Pomadas/UngÂentos"
"clotrimazol","cr.dârm.x 30 g","MICOSEP","CassarÂ","Antimicotico topico","Cremas/Geles/Pomadas/UngÂentos"
"clotrimazol","1% cr.x 25 g","IKOLAN","Siegfried","Antimicotico topico","Cremas/Geles/Pomadas/UngÂentos"
"clotrimazol","pasta dârm.x 30 g","MICOSEP","CassarÂ","Antimicotico topico","Cremas/Geles/Pomadas/UngÂentos"
"clotrimazol","pasta x 30 g","MICOMAZOL","Siegfried","Antimicotico topico","Cremas/Geles/Pomadas/UngÂentos"
"clotrimazol","1% cr.x 20 g","KLOMAZOLE","Klonal","Antimicotico topico","Cremas/Geles/Pomadas/UngÂentos"
"clotrimazol","cr.derm.x 30 g","MICOMAZOL","Siegfried","Antimicotico topico","Cremas/Geles/Pomadas/UngÂentos"
"clotrimazol","pvo.x 50 g","MICOMAZOL","Siegfried","Antimicotico topico","Polvo uso externo/Talco"
"clotrimazol+betametasona","cr.dârm.x 30 g","MICOSEP B","CassarÂ","Antimicotico Antiinflamatorio","Cremas/Geles/Pomadas/UngÂentos"
"clotrimazol+betametasona","cr.x 30 g","LOTRICOMB","Organon Arg.","Antimicotico Antiinflamatorio","Cremas/Geles/Pomadas/UngÂentos"
"clotrimazol+betametasona","cr.derm.x 30 g","MICOMAZOL B","Siegfried","Antimicotico Antiinflamatorio","Cremas/Geles/Pomadas/UngÂentos"
"codeina+paracetamol","60 mg comp.x 30","DOLOFRIX FORTE","Richmond","Analgesico","Comprimidos/Pastillas/Tabletas/Grageas"
"codeina+paracetamol","30 mg comp.x 30","DOLOFRIX","Richmond","Analgesico","Comprimidos/Pastillas/Tabletas/Grageas"
"codeina+paracetamol","comp.x 50","G.N.O. CP","Rospaw","Analgâsico opioide","Comprimidos/Pastillas/Tabletas/Grageas"
"colagenasa+cloranfenicol+asoc.","ung.x 50 g","IRUXOL","Abbott EPD","Cicatrizante","Cremas/Geles/Pomadas/UngÂentos"
"colagenasa+cloranfenicol+asoc.","ung.x 15 g","IRUXOL","Abbott EPD","Cicatrizante","Cremas/Geles/Pomadas/UngÂentos"
"colagenasa+cloranfenicol+asoc.","ung.x 30 g","IRUXOL","Abbott EPD","Cicatrizante","Cremas/Geles/Pomadas/UngÂentos"
"colchicina","comp.x 60","COLCHICINA HOUDE","Ariston","Antigotoso","Comprimidos/Pastillas/Tabletas/Grageas"
"colchicina","comp.x 20","COLCHICINA HOUDE","Ariston","Antigotoso","Comprimidos/Pastillas/Tabletas/Grageas"
"colestiramina","pvo.p/susp.oral sob.x 50","LESTEC","Eczane","Hipolipemiante","Jarabe/SuspensiÂ¢n oral/Polvo para uso oral"
"colestiramina","pvo.p/susp.oral sob.x 30","LESTEC","Eczane","Hipolipemiante","Jarabe/SuspensiÂ¢n oral/Polvo para uso oral"
"colestiramina","pvo.p/susp.oral sob.x 30","NIVELIPOL RESINA","Temis-LostalÂ¢","Hipolipemiante","Jarabe/SuspensiÂ¢n oral/Polvo para uso oral"
"colestiramina","pvo.p/susp.oral sob.x 20","LESTEC","Eczane","Hipolipemiante","Jarabe/SuspensiÂ¢n oral/Polvo para uso oral"
"colestiramina","pvo.p/susp.oral sob.x 10","LESTEC","Eczane","Hipolipemiante","Jarabe/SuspensiÂ¢n oral/Polvo para uso oral"
"dabigatran","75 mg cÂ ps.x 30","DABIDANE","Elea","Anticoagulante","CÂ psulas/Softgels"
"dabigatran","110 mg cÂ ps.x 10","PRADAXA","Boehringer Inge","Anticoagulante","CÂ psulas/Softgels"
"dabigatran","150 mg cÂ ps.x 30","PRADAXA","Boehringer Inge","Anticoagulante","CÂ psulas/Softgels"
"dabigatran","150 mg cÂ ps.x 30","DABIDANE","Elea","Anticoagulante","CÂ psulas/Softgels"
"dabigatran","75 mg cÂ ps.x 30","PRADAXA","Boehringer Inge","Anticoagulante","CÂ psulas/Softgels"
"dabigatran","110 mg cÂ ps.x 30","DABIDANE","Elea","Anticoagulante","CÂ psulas/Softgels"
"dabigatran","110 mg cÂ ps.x 30","PRADAXA","Boehringer Inge","Anticoagulante","CÂ psulas/Softgels"
"darifenacina","15 mg comp.x 30","DARISEC","Elea","Antiespasmodico vesical","CÂ ps./Comp. de LiberaciÂ¢n Controlada"
"darifenacina","7.5 mg comp.x 30","DARISEC","Elea","Antiespasmodico vesical","CÂ ps./Comp. de LiberaciÂ¢n Controlada"
"darifenacina","15 mg comp.lib.prol.x 30","CONTINEX","Baliarda","Antiespasmodico vesical","CÂ ps./Comp. de LiberaciÂ¢n Controlada"
"darifenacina","7.5 mg comp.x 15","DARISEC","Elea","Antiespasmodico vesical","CÂ ps./Comp. de LiberaciÂ¢n Controlada"
"darifenacina","7.5mg comp.lib.prol.x 30","CONTINEX","Baliarda","Antiespasmodico vesical","CÂ ps./Comp. de LiberaciÂ¢n Controlada"
"darifenacina","15 mg comp.lib.prol.x 30","DARIFIN 15","Finadiet","Antiespasmodico vesical","CÂ ps./Comp. de LiberaciÂ¢n Controlada"
"darifenacina","7.5mg comp.lib.prol.x 15","CONTINEX","Baliarda","Antiespasmodico vesical","CÂ ps./Comp. de LiberaciÂ¢n Controlada"
"darifenacina","15 mg comp.lib.prol.x 30","DARINAX 15","Laboratorios Be","Antiespasmodico vesical","CÂ ps./Comp. de LiberaciÂ¢n Controlada"
"darifenacina","7.5 mg comp.lib.prol.x30","DARIFIN 7.5","Finadiet","Antiespasmodico vesical","CÂ ps./Comp. de LiberaciÂ¢n Controlada"
"darifenacina","7.5mg comp.lib.prol.x 30","DARINAX 7.5","Laboratorios Be","Antiespasmodico vesical","CÂ ps./Comp. de LiberaciÂ¢n Controlada"
"deflazacort","6 mg comp.x 20","DEFAS","Rontag","Antiinflam.Corticosteroide","Comprimidos/Pastillas/Tabletas/Grageas"
"deflazacort","30 mg comp.x 20","DEFAS","Rontag","Antiinflam.Corticosteroide","Comprimidos/Pastillas/Tabletas/Grageas"
"desogestrel","comp.rec.x 28","CARMIN","Elea","Anticonceptivo","Comprimidos/Pastillas/Tabletas/Grageas"
"desogestrel","comp.rec.x 28","CERAZETTE","Organon Arg.","Anticonceptivo","Comprimidos/Pastillas/Tabletas/Grageas"
"desogestrel","comp.rec.x 28","LUMILAC","PharmaDorf","Anticonceptivo","Comprimidos/Pastillas/Tabletas/Grageas"
"desogestrel","comp.rec.x 28","CAMELIA","Laboratorios Be","Anticonceptivo","Comprimidos/Pastillas/Tabletas/Grageas"
"desogestrel","comp.rec.x 28","PINK","Craveri","Anovulatorio","Comprimidos/Pastillas/Tabletas/Grageas"
"desogestrel+etinilestradiol","comp.x 21","MARVELON","Organon Arg.","Anticonceptivo","Comprimidos/Pastillas/Tabletas/Grageas"
"desogestrel+etinilestradiol","comp.x 21","MERCILON","Organon Arg.","Anticonceptivo","Comprimidos/Pastillas/Tabletas/Grageas"
"dexametasona","shock 20 mg f.a.x 5 ml","DECADRON","Siegfried","Corticosteroide","Ampollas/Frascos-Ampolla/Liofilizados/Soluc.Parent"
"dexametasona","4 mg comp.x 10","DECADRON","Siegfried","Corticosteroide","Comprimidos/Pastillas/Tabletas/Grageas"
"dexametasona","comp.x 20","DEXAMETASONA FECOFAR","Fecofar","Corticosteroide","Comprimidos/Pastillas/Tabletas/Grageas"
"dexametasona","0.5 mg comp.x 30","DECADRON","Siegfried","Corticosteroide","Comprimidos/Pastillas/Tabletas/Grageas"
"dexametasona","4 mg comp.x 20","DEXAMERAL 4","Megalabs Argent","Corticosteroide","Comprimidos/Pastillas/Tabletas/Grageas"
"dexametasona","8mg/ml f.a.x1 x 2ml+jga.","DECADRON AL","Siegfried","Corticosteroide","Ampollas/Frascos-Ampolla/Liofilizados/Soluc.Parent"
"dexametasona","40 mg comp.x 14","DEXALAF","Lafedar","Corticosteroide","Comprimidos/Pastillas/Tabletas/Grageas"
"dexametasona","8 mg comp.ran.x 20","DEXATOTAL","Ariston","Corticosteroide","Comprimidos/Pastillas/Tabletas/Grageas"
"dexametasona","4 mg comp.x 10","DEXAMERAL 4","Megalabs Argent","Corticosteroide","Comprimidos/Pastillas/Tabletas/Grageas"
"dexametasona","sol.oft.x 10 ml","DEXAMETASONA DORF","PharmaDorf","Corticosteroide oftalmico","Gotas oftÂ lmicas/Colirios"
"dexametasona","40 mg comp.x 14","DEXAMERAL 40","LKM","Corticosteroide","Comprimidos/Pastillas/Tabletas/Grageas"
"dexametasona","sol.oft.x 5 ml","LABSAVENT OFTAL","Labsa","Corticosteroide oftalmico","Gotas oftÂ lmicas/Colirios"
"dexametasona","8 mg comp.x 30","DEXALAF","Lafedar","Corticosteroide","Comprimidos/Pastillas/Tabletas/Grageas"
"dexametasona","gts.oft.x 5 ml","SEDESTEROL","Max Vision","Corticosteroide oftalmico","Gotas oftÂ lmicas/Colirios"
"dexametasona","8mg/2ml iny.a.x 1 c/jga.","DEXAMETASONA 21 FOSFATO RICHET","Richet","Corticosteroide","Ampollas/Frascos-Ampolla/Liofilizados/Soluc.Parent"
"dexametasona","4mg/ml f.a.x2ml+jga.desc","DECADRON","Siegfried","Corticosteroide","Ampollas/Frascos-Ampolla/Liofilizados/Soluc.Parent"
"dexametasona","8 mg comp.ran.x 30","DEXATOTAL","Ariston","Corticosteroide","Comprimidos/Pastillas/Tabletas/Grageas"
"dexametasona","0.1% sol.oft.x 5 ml","NEXADRON OFTAL","Klonal","Antialergico Antiinflamatorio","Gotas oftÂ lmicas/Colirios"
"dexametasona","0.5 mg comp.x 20","RUPEDEX","Duncan","Corticosteroide","Comprimidos/Pastillas/Tabletas/Grageas"
"dexametasona","8 mg iny.x 1 + jga.","DEXAMETASONA FABRA","Fabra","Corticosteroide","Ampollas/Frascos-Ampolla/Liofilizados/Soluc.Parent"
"dexametasona","f.a.x 1 x 2 ml+jga.desc.","DUO DECADRON","Siegfried","Corticosteroide","Ampollas/Frascos-Ampolla/Liofilizados/Soluc.Parent"
"dexametasona","4 mg comp.x 10","DEXALAF","Lafedar","Corticosteroide","Comprimidos/Pastillas/Tabletas/Grageas"
"dexametasona","8 mg comp.x 20","DEXALAF","Lafedar","Corticosteroide","Comprimidos/Pastillas/Tabletas/Grageas"
"dexametasona","8 mg comp.ran.x 10","DEXATOTAL","Ariston","Corticosteroide","Comprimidos/Pastillas/Tabletas/Grageas"
"dexametasona","8 mg iny.a.x 2 ml","RUPEDEX","Duncan","Corticosteroide","Ampollas/Frascos-Ampolla/Liofilizados/Soluc.Parent"
"dexametasona","4 mg comp.x 20","DEXALAF","Lafedar","Corticosteroide","Comprimidos/Pastillas/Tabletas/Grageas"
"dexametasona","8 mg comp.x 10","DECADRON","Siegfried","Corticosteroide","Comprimidos/Pastillas/Tabletas/Grageas"
"dexametasona","8 mg comp.x 10","DEXALAF","Lafedar","Corticosteroide","Comprimidos/Pastillas/Tabletas/Grageas"
"dexametasona","4 mg comp.ran.x 20","DEXATOTAL","Ariston","Corticosteroide","Comprimidos/Pastillas/Tabletas/Grageas"
"dexametasona","0.5 mg comp.x 40","DEXALAF","Lafedar","Corticosteroide","Comprimidos/Pastillas/Tabletas/Grageas"
"dexametasona","4 mg comp.x 20","DECADRON","Siegfried","Corticosteroide","Comprimidos/Pastillas/Tabletas/Grageas"
"dexametasona","4 mg comp.ran.x 10","DEXATOTAL","Ariston","Corticosteroide","Comprimidos/Pastillas/Tabletas/Grageas"
"dexametasona","0.5 mg comp.x 20","DEXALAF","Lafedar","Corticosteroide","Comprimidos/Pastillas/Tabletas/Grageas"
"dexametasona","comp.x 30","DEXAMETASONA FECOFAR","Fecofar","Corticosteroide","Comprimidos/Pastillas/Tabletas/Grageas"
"dexametasona+asoc.","atomiz.x 10 ml","DEXA RHINOSPRAY N","Opella Healthca","Antiinflam.Descongestivo","Aerosoles nasales"
"dexlansoprazol","60 mg cÂ ps.x 30","DEXPRANE","Eczane","Antiulceroso","CÂ psulas/Softgels"
"dexlansoprazol","cÂ ps.x 30","IBEPRAL 60","DomÂ¡nguez","Antiulceroso","CÂ psulas/Softgels"
"dexlansoprazol","cÂ ps.x 30","ARIGASTRIL 60","Ariston","Antiulceroso","CÂ psulas/Softgels"
"dexlansoprazol","cÂ ps. x 30","DEXOPRAL 60","Roemmers","Antiulceroso","CÂ psulas/Softgels"
"dexlansoprazol","cÂ ps.x 30","IBEPRAL 30","DomÂ¡nguez","Antiulceroso","CÂ psulas/Softgels"
"dexlansoprazol","cÂ ps.x 15","ARIGASTRIL 60","Ariston","Antiulceroso","CÂ psulas/Softgels"
"dexlansoprazol","cÂ ps. x 30","DEXOPRAL 30","Roemmers","Antiulceroso","CÂ psulas/Softgels"
"dexlansoprazol","cÂ ps.x 30","ARIGASTRIL 30","Ariston","Antiulceroso","CÂ psulas/Softgels"
"dexlansoprazol","cÂ ps.x 15","ARIGASTRIL 30","Ariston","Antiulceroso","CÂ psulas/Softgels"
"dexlansoprazol","30 mg cÂ ps. x 30","DEXOGASTEC","Laboratorios Be","Antiulceroso","CÂ psulas/Softgels"
"dexlansoprazol","60 mg cÂ ps. x 30","DEXOGASTEC","Laboratorios Be","Antiulceroso","CÂ psulas/Softgels"
"dexlansoprazol","30 mg cÂ ps.x 30","DEXPRANE","Eczane","Antiulceroso","CÂ psulas/Softgels"
"diazepam","5 mg comp.x 20","CUADEL","Cetus","Ansiolitico","Comprimidos/Pastillas/Tabletas/Grageas"
"diazepam","5 mg comp.x 30","VALIUM","Siegfried","Ansiolitico","Comprimidos/Pastillas/Tabletas/Grageas"
"diazepam","5 mg comp.x 20","DIAZEPAM VANNIER","Vannier","Ansiolitico","Comprimidos/Pastillas/Tabletas/Grageas"
"diazepam","2 mg comp.rec.x 20","PLIDAN","Roemmers","Ansiolitico","Comprimidos/Pastillas/Tabletas/Grageas"
"diazepam","5 mg comp.x 20","DIAZEPAN MEDIPHARMA","Medipharma","Ansiolitico","Comprimidos/Pastillas/Tabletas/Grageas"
"diazepam","5 mg comp.x 20","VALIUM","Siegfried","Ansiolitico","Comprimidos/Pastillas/Tabletas/Grageas"
"diazepam","5 mg comp.x 30","DIAZEPAM LEPRET","Pretoria","Ansiolitico","Comprimidos/Pastillas/Tabletas/Grageas"
"diazepam","pomo aplic.x 5 x 2.5 ml","DIACTAL ENEMA","Roemmers","Ansiolitico Anticonvulsivo","Enemas/Polvos para uso rectal"
"diazepam","pomo aplic.x 1 x 2.5 ml","DIACTAL ENEMA","Roemmers","Ansiolitico Anticonvulsivo","Enemas/Polvos para uso rectal"
"diclofenac potasico","50 mg comp.x 20","DIOXAFLEX MIGRA","BagÂ¢","Analgesico Antiinflam.","Comprimidos/Pastillas/Tabletas/Grageas"
"diclofenac potasico","comp.x 20","RODINAC 75 K","Gâminis Farmacâ","Analgesico Antiinflam.","Comprimidos/Pastillas/Tabletas/Grageas"
"diclofenac potasico","75 mg comp.rec.x 10","BEFOL","Biotenk","Antiinflam.Antirreumatico","Comprimidos/Pastillas/Tabletas/Grageas"
"diclofenac potasico","comp.x 10","RODINAC 75 K","Gâminis Farmacâ","Analgesico Antiinflam.","Comprimidos/Pastillas/Tabletas/Grageas"
"diclofenac potasico","75 mg comp.rec.x 30","BEFOL","Biotenk","Antiinflam.Antirreumatico","Comprimidos/Pastillas/Tabletas/Grageas"
"diclofenac potasico","comp.x 15","RODINAC 75 K","Gâminis Farmacâ","Analgesico Antiinflam.","Comprimidos/Pastillas/Tabletas/Grageas"
"diclofenac potasico","comp.x 10","RODINAC 50","Gâminis Farmacâ","Analgesico Antiinflam.","Comprimidos/Pastillas/Tabletas/Grageas"
"diclofenac potasico","75 mg comp.x 20","DICLOMAR","Mar","Analgesico Antirreumatico","Comprimidos/Pastillas/Tabletas/Grageas"
"diclofenac potasico","susp.x 90 ml","METAFLEX","Montpellier","Analgesico Antiinflam.","Jarabe/SuspensiÂ¢n oral/Polvo para uso oral"
"diclofenac potasico","50 mg comp.x 20","DICLOMAR","Mar","Analgesico Antirreumatico","Comprimidos/Pastillas/Tabletas/Grageas"
"diclofenac potasico","comp.x 20","VIMULTISA P","Fabra","Antiinflamatorio","Comprimidos/Pastillas/Tabletas/Grageas"
"diclofenac potasico","75 mg comp.x 30","DICLOMAR","Mar","Analgesico Antirreumatico","Comprimidos/Pastillas/Tabletas/Grageas"
"diclofenac potasico","75 mg iny.a.x 6 x 3 ml","VESALION","Siegfried","Analgesico Antiinflam.","Ampollas/Frascos-Ampolla/Liofilizados/Soluc.Parent"
"diclofenac potasico","75 mg comp.x 30","BLOKIUM P","Casasco","Analgesico Antiinflam.","Comprimidos/Pastillas/Tabletas/Grageas"
"diclofenac potasico","50 mg comp.x 30","DICLOMAR","Mar","Analgesico Antirreumatico","Comprimidos/Pastillas/Tabletas/Grageas"
"diclofenac potasico","75 mg comp.x 10","BLOKIUM P","Casasco","Analgesico Antiinflam.","Comprimidos/Pastillas/Tabletas/Grageas"
"diclofenac potasico","50 mg comp.rec.x 15","OXA 50","Beta","Antiinflamatorio","Comprimidos/Pastillas/Tabletas/Grageas"
"diclofenac potasico","comp.rec.x 30","RODINAC 50","Gâminis Farmacâ","Analgesico Antiinflam.","Comprimidos/Pastillas/Tabletas/Grageas"
"diclofenac potasico","50 mg comp.rec.x 30","OXA 50","Beta","Antiinflamatorio","Comprimidos/Pastillas/Tabletas/Grageas"
"diclofenac potasico","comp.rec.x 15","RODINAC 50","Gâminis Farmacâ","Analgesico Antiinflam.","Comprimidos/Pastillas/Tabletas/Grageas"
"diclofenac potasico","50 mg comp.x 30","NORVIKEN 50 VENT-3","Vent 3","Analgesico Antiinflam.","Comprimidos/Pastillas/Tabletas/Grageas"
"diclofenac potasico","comp.x 30","RODINAC 75 K","Gâminis Farmacâ","Analgesico Antiinflam.","Comprimidos/Pastillas/Tabletas/Grageas"
"diclofenac potasico","75 mg comp.rec.x 20","BEFOL","Biotenk","Antiinflam.Antirreumatico","Comprimidos/Pastillas/Tabletas/Grageas"
"diclofenac potasico","comp.rec.x 20","DICLOFENAC POTASICO ROSPAW","Rospaw","Analgesico Antiinflam.","Comprimidos/Pastillas/Tabletas/Grageas"
"diclofenac potasico+pridinol","comp.x 30","RODINAC FLEX K","Gâminis Farmacâ","Antiinflam.Miorrelajante","Comprimidos/Pastillas/Tabletas/Grageas"
"diclofenac potasico+pridinol","comp.rec.x 15","ALGICLER FLEX","Monserrat","Antiinflam.Miorrelajante","Comprimidos/Pastillas/Tabletas/Grageas"
"diclofenac potasico+pridinol","comp.x 20","RODINAC FLEX K","Gâminis Farmacâ","Antiinflam.Miorrelajante","Comprimidos/Pastillas/Tabletas/Grageas"
"diclofenac potasico+pridinol","comp.x 15","RODINAC FLEX K","Gâminis Farmacâ","Antiinflam.Miorrelajante","Comprimidos/Pastillas/Tabletas/Grageas"
"diclofenac potasico+pridinol","comp.x 10","RODINAC FLEX K","Gâminis Farmacâ","Antiinflam.Miorrelajante","Comprimidos/Pastillas/Tabletas/Grageas"
"diclofenac potasico+pridinol","comp.x 15","DICLOMAR FLEX POTASICO","Mar","Antiinflam.Miorrelajante","Comprimidos/Pastillas/Tabletas/Grageas"
"diclofenac potÂ sico+vit.b12+beta","iny.a.x 6 x 3 ml","DICLOMAR B12","Mar","Analgesico Antineuritico","Ampollas/Frascos-Ampolla/Liofilizados/Soluc.Parent"
"diclofenac potÂ sico+vit.b12+beta","iny.a.x 3 x 3 ml","DICLOMAR B12","Mar","Analgesico Antineuritico","Ampollas/Frascos-Ampolla/Liofilizados/Soluc.Parent"
"diclofenac sodico","comp.rec.x 30","VOLFORTE 50","Omicron","Antiinflamatorio","Comprimidos/Pastillas/Tabletas/Grageas"
"diclofenac sodico","50 mg comp.rec.x 10","METAFLEX 50","Montpellier","Analgesico Antiinflam.","Comprimidos/Pastillas/Tabletas/Grageas"
"diclofenac sodico","75 mg comp.x 30","DIOXAFLEX 75","BagÂ¢","Analgesico Antiinflam.","Comprimidos/Pastillas/Tabletas/Grageas"
"diclofenac sodico","cÂ ps.x 15","DICLOLABSA 100 RETARD","Labsa","Analgesico Antiinflam.","CÂ ps./Comp. de LiberaciÂ¢n Controlada"
"diclofenac sodico","cÂ ps.x 15","CURINFLAM A.P.","Duncan","Antiinflamatorio","CÂ psulas/Softgels"
"diclofenac sodico","75 mg comp.lib.prol.x 30","XEDENOL","Baliarda","Analgesico Antiinflam.","CÂ ps./Comp. de LiberaciÂ¢n Controlada"
"diclofenac sodico","50 mg comp.x 30","BLOKIUM","Casasco","Analgesico Antiinflam.","Comprimidos/Pastillas/Tabletas/Grageas"
"diclofenac sodico","75 mg comp.x 15","KLONAFENAC","Klonal","Analgesico Antiinflam.","Comprimidos/Pastillas/Tabletas/Grageas"
"diclofenac sodico","75 mg comp.rec.x 15","DISIPAN 75 MG","Laboratorios Be","Analgesico Antiinflam.","Comprimidos/Pastillas/Tabletas/Grageas"
"diclofenac sodico","50 mg comp.rec.x 15","DICLOGESIC","Trb-Pharma","Analgesico Antirreumatico","Comprimidos/Pastillas/Tabletas/Grageas"
"diclofenac sodico","comp.x 20","RODINAC 75","Gâminis Farmacâ","Analgesico Antiinflam.","Comprimidos/Pastillas/Tabletas/Grageas"
"diclofenac sodico","150 mg comp.rapirtd.x 5","DICLAC","Siegfried","Analgesico Antiinflam.","Comprimidos/Pastillas/Tabletas/Grageas"
"diclofenac sodico","75 mg comp.rec.x 10","ACLOXIGENAC","Eczane","Analgesico Antiinflam.","Comprimidos/Pastillas/Tabletas/Grageas"
"diclofenac sodico","50 mg comp.rec.x 15","DIFENAC","Lafedar","Analgesico Antirreumatico","Comprimidos/Pastillas/Tabletas/Grageas"
"diclofenac sodico","75 mg comp.rapirtd.x 10","DICLAC","Siegfried","Analgesico Antiinflam.","Comprimidos/Pastillas/Tabletas/Grageas"
"diclofenac sodico","75 mg comp.rec.x 30","FLOGOLISIN","Lazar","Analgesico Antiinflam.","Comprimidos/Pastillas/Tabletas/Grageas"
"diclofenac sodico","comp.rec.x 10","VOLFORTE 50","Omicron","Antiinflamatorio","Comprimidos/Pastillas/Tabletas/Grageas"
"diclofenac sodico","75 mg comp.x 30","DIASTONE","Microsules Arg.","Analgesico Antiinflam.","Comprimidos/Pastillas/Tabletas/Grageas"
"diclofenac sodico","75 mg comp.x 15","DIOXAFLEX 75","BagÂ¢","Analgesico Antiinflam.","Comprimidos/Pastillas/Tabletas/Grageas"
"diclofenac sodico","75 mg comp.x 15","VESALION","Siegfried","Analgesico Antiinflam.","Comprimidos/Pastillas/Tabletas/Grageas"
"diclofenac sodico","75 mg comp.lib.prol.x 15","XEDENOL","Baliarda","Analgesico Antiinflam.","CÂ ps./Comp. de LiberaciÂ¢n Controlada"
"diclofenac sodico","50 mg comp.x 15","BLOKIUM","Casasco","Analgesico Antiinflam.","Comprimidos/Pastillas/Tabletas/Grageas"
"diclofenac sodico","50 mg comp.rec.x 10","ACLOXIGENAC","Eczane","Analgesico Antiinflam.","Comprimidos/Pastillas/Tabletas/Grageas"
"diclofenac sodico","cÂ ps.blandas x 15","DIOXAFLEX CB 75","BagÂ¢","Analgesico Antiinflam.","CÂ psulas/Softgels"
"diclofenac sodico","75 mg comp.rec.x 10","DICLOGESIC","Trb-Pharma","Analgesico Antirreumatico","Comprimidos/Pastillas/Tabletas/Grageas"
"diclofenac sodico","75 mg comp.x 15","DIASTONE","Microsules Arg.","Analgesico Antiinflam.","Comprimidos/Pastillas/Tabletas/Grageas"
"diclofenac sodico","75 mg iny.a.x 3 x 3 ml","BLOKIUM","Casasco","Analgesico Antiinflam.","Ampollas/Frascos-Ampolla/Liofilizados/Soluc.Parent"
"diclofenac sodico","75 mg comp.rec.x 30","IGLODINE 75","Fecofar","Analgesico Antiinflam.","Comprimidos/Pastillas/Tabletas/Grageas"
"diclofenac sodico","50mgcomp.rec.gastror.x30","XEDENOL","Baliarda","Analgesico Antiinflam.","Comprimidos/Pastillas/Tabletas/Grageas"
"diclofenac sodico","comp.x 10","RODINAC 75","Gâminis Farmacâ","Analgesico Antiinflam.","Comprimidos/Pastillas/Tabletas/Grageas"
"diclofenac sodico","comp.x 30","RODINAC 75","Gâminis Farmacâ","Analgesico Antiinflam.","Comprimidos/Pastillas/Tabletas/Grageas"
"diclofenac sodico","100 mg cÂ ps.x 30","FLEXIPLEN RETARD","Savant Generic","Analgesico Antiinflam.","CÂ ps./Comp. de LiberaciÂ¢n Controlada"
"diclofenac sodico","75 mg iny.a.x 5 x 3 ml","BLOKIUM","Casasco","Analgesico Antiinflam.","Ampollas/Frascos-Ampolla/Liofilizados/Soluc.Parent"
"diclofenac sodico","100mg cÂ ps.lib.prol.x 30","NORVIKEN 100 VENT-3","Vent 3","Analgesico Antiinflam.","CÂ ps./Comp. de LiberaciÂ¢n Controlada"
"diclofenac sodico","75 mg comp.rec.x 30","NALGIFLEX 75","Ronnet","Analgesico Antiinflam.","Comprimidos/Pastillas/Tabletas/Grageas"
"diclofenac sodico","50 mg comp.x 30","DIASTONE","Microsules Arg.","Analgesico Antiinflam.","Comprimidos/Pastillas/Tabletas/Grageas"
"diclofenac sodico","50 mg gran.sob.x20","DIOXAFLEX RAPID","BagÂ¢","Analgesico Antiinflam.","Jarabe/SuspensiÂ¢n oral/Polvo para uso oral"
"diclofenac sodico","75 mg comp.rec.x 30","DICLOGESIC","Trb-Pharma","Analgesico Antirreumatico","Comprimidos/Pastillas/Tabletas/Grageas"
"diclofenac sodico","75 mg comp.rec.x 15","VENZIDIAK","Biosintex","Analgesico Antirreumatico","Comprimidos/Pastillas/Tabletas/Grageas"
"diclofenac sodico","50mgcomp.rec.gastror.x15","XEDENOL","Baliarda","Analgesico Antiinflam.","Comprimidos/Pastillas/Tabletas/Grageas"
"diclofenac sodico","comp.x 15","RODINAC 75","Gâminis Farmacâ","Analgesico Antiinflam.","Comprimidos/Pastillas/Tabletas/Grageas"
"diclofenac sodico","75 mg cÂ ps.bl.x 10","FLEXIPLEN CAPSULA BLANDA","Savant Generic","Analgesico Antiinflam.","CÂ psulas/Softgels"
"diclofenac sodico","comp.rec.x 15","DICLOLABSA 75 R","Labsa","Analgesico Antiinflam.","Comprimidos/Pastillas/Tabletas/Grageas"
"diclofenac sodico","75 mg comp.rec.x 15","IGLODINE 75","Fecofar","Analgesico Antiinflam.","Comprimidos/Pastillas/Tabletas/Grageas"
"diclofenac sodico","75 mg comp.x 30","VESALION","Siegfried","Analgesico Antiinflam.","Comprimidos/Pastillas/Tabletas/Grageas"
"diclofenac sodico","100mg comp.acc.prol.x 15","BLOKIUM","Casasco","Analgesico Antiinflam.","Comprimidos/Pastillas/Tabletas/Grageas"
"diclofenac sodico","150 mg comp.rapirtd.x 20","DICLAC","Siegfried","Analgesico Antiinflam.","Comprimidos/Pastillas/Tabletas/Grageas"
"diclofenac sodico","50 mg comp.rec.x 30","NALGIFLEX","Ronnet","Analgesico Antiinflam.","Comprimidos/Pastillas/Tabletas/Grageas"
"diclofenac sodico","50 mg comp.x 15","DIASTONE","Microsules Arg.","Analgesico Antiinflam.","Comprimidos/Pastillas/Tabletas/Grageas"
"diclofenac sodico","75 mg comp.lib.prol.x 30","NORVIKEN 75 VENT-3","Vent 3","Analgesico Antiinflam.","CÂ ps./Comp. de LiberaciÂ¢n Controlada"
"diclofenac sodico","75 mg comp.rec.x 15","DICLOGESIC","Trb-Pharma","Analgesico Antirreumatico","Comprimidos/Pastillas/Tabletas/Grageas"
"diclofenac sodico","75 mg comp.rec.x 20","METAFLEX 75","Montpellier","Analgesico Antiinflam.","Comprimidos/Pastillas/Tabletas/Grageas"
"diclofenac sodico","iny.a.x 5 x 3 ml","DIOXAFLEX INY","BagÂ¢","Analgesico Antiinflam.","Ampollas/Frascos-Ampolla/Liofilizados/Soluc.Parent"
"diclofenac sodico","150 mg comp.rapirtd.x 10","DICLAC","Siegfried","Analgesico Antiinflam.","Comprimidos/Pastillas/Tabletas/Grageas"
"diclofenac sodico","75 mg comp.x 15","DICLOLAM","Austral","Analgesico Antiinflam.","Comprimidos/Pastillas/Tabletas/Grageas"
"diclofenac sodico","cÂ ps.blandas x 30","DIOXAFLEX CB 75","BagÂ¢","Analgesico Antiinflam.","CÂ psulas/Softgels"
"diclofenac sodico","100mgcomp.rec.lib.prox15","XEDENOL","Baliarda","Analgesico Antiinflam.","Comprimidos/Pastillas/Tabletas/Grageas"
"diclofenac sodico","50 mg cÂ ps.bl.x 10","FLEXIPLEN CAPSULA BLANDA","Savant Generic","Analgesico Antiinflam.","CÂ psulas/Softgels"
"diclofenac sodico","comp.x 20","DIOXAFLEX 50","BagÂ¢","Analgesico Antiinflam.","Comprimidos/Pastillas/Tabletas/Grageas"
"diclofenac sodico","cÂ ps.blandas x 15","METAFLEX 75 CB","Montpellier","Analgesico Antiinflam.","CÂ psulas/Softgels"
"diclofenac sodico","75 mg comp.x 30","BLOKIUM","Casasco","Analgesico Antiinflam.","Comprimidos/Pastillas/Tabletas/Grageas"
"diclofenac sodico","100 mg cÂ ps.x 15","BEFOL AP RETARD","Biotenk","Antiinflam.Antirreumatico","CÂ ps./Comp. de LiberaciÂ¢n Controlada"
"diclofenac sodico","100 mg comp.rec.x 15","DIFENAC RETARD","Lafedar","Analgesico Antirreumatico","CÂ ps./Comp. de LiberaciÂ¢n Controlada"
"diclofenac sodico","cÂ ps.blandas x 30","DIOXAFLEX CB 50","BagÂ¢","Analgesico Antiinflam.","CÂ psulas/Softgels"
"diclofenac sodico","comp.rec.x 30","OXA 75","Beta","Analgesico Antiinflam.","Comprimidos/Pastillas/Tabletas/Grageas"
"diclofenac sodico","75 mg comp.rec.x 15","NALGIFLEX 75","Ronnet","Analgesico Antiinflam.","Comprimidos/Pastillas/Tabletas/Grageas"
"diclofenac sodico","75 mg/3 ml a.x 6","DICLOFENAC DENVER FARMA","Denver Farma","Analgesico Antirreumatico","Ampollas/Frascos-Ampolla/Liofilizados/Soluc.Parent"
"diclofenac sodico","50 mg comp.rec.x 15","NALGIFLEX","Ronnet","Analgesico Antiinflam.","Comprimidos/Pastillas/Tabletas/Grageas"
"diclofenac sodico","cÂ ps.blandas x 15","DIOXAFLEX CB 50","BagÂ¢","Analgesico Antiinflam.","CÂ psulas/Softgels"
"diclofenac sodico","comp.rec.x 30","VOLFORTE 75","Omicron","Antiinflamatorio","Comprimidos/Pastillas/Tabletas/Grageas"
"diclofenac sodico","iny.a.x 6 x 3 ml","CURINFLAM","Duncan","Antiinflamatorio","Ampollas/Frascos-Ampolla/Liofilizados/Soluc.Parent"
"diclofenac sodico","75 mg iny.a.x 5 x 3 ml","XEDENOL","Baliarda","Analgesico Antiinflam.","Ampollas/Frascos-Ampolla/Liofilizados/Soluc.Parent"
"diclofenac sodico","75 mg comp.x 15","BLOKIUM","Casasco","Analgesico Antiinflam.","Comprimidos/Pastillas/Tabletas/Grageas"
"diclofenac sodico","75 mg comp.rec.x 15","CURINFLAM GESIC","Duncan","Analgesico Antirreumatico","Comprimidos/Pastillas/Tabletas/Grageas"
"diclofenac sodico","75 mg comp.x 10","DOLOFENAC 75","Sanitas","Analgesico Antiinflam.","Comprimidos/Pastillas/Tabletas/Grageas"
"diclofenac sodico","100mg comp.acc.prol.x 10","DICLOGESIC 100 AP","Trb-Pharma","Analgesico Antiinflam.","CÂ ps./Comp. de LiberaciÂ¢n Controlada"
"diclofenac sodico","75 mg comp.rec.x 15","DIFENAC","Lafedar","Analgesico Antirreumatico","Comprimidos/Pastillas/Tabletas/Grageas"
"diclofenac sodico","comp.rec.x 15","DICLOLABSA 75 AP","Labsa","Analgesico Antiinflam.","CÂ ps./Comp. de LiberaciÂ¢n Controlada"
"diclofenac sodico","75 mg comp.rapirtd.x 20","DICLAC","Siegfried","Analgesico Antiinflam.","Comprimidos/Pastillas/Tabletas/Grageas"
"diclofenac sodico","comp.rec.x 15","OXA 75","Beta","Analgesico Antiinflam.","Comprimidos/Pastillas/Tabletas/Grageas"
"diclofenac sodico","75 mg comp.rec.x 10","METAFLEX 75","Montpellier","Analgesico Antiinflam.","Comprimidos/Pastillas/Tabletas/Grageas"
"diclofenac sÂ¢dico+paracetamol","cÂ ps.blandas x 10","DIOXAFLEX GESIC CB","BagÂ¢","Analgesico Antiinflam.","CÂ psulas/Softgels"
"diclofenac sÂ¢dico+paracetamol","cÂ ps.blandas x 20","OXAGESIC CB","Beta","Analgesico Antiinflam.","CÂ psulas/Softgels"
"diclofenac+paracetamol","50/300 mg comp.rec.x 30","PANCLOGESIC","Denver Farma","Analgesico Antiinflam.","Comprimidos/Pastillas/Tabletas/Grageas"
"diclofenac+paracetamol","comp.rec.x 30","RODINAC GESIC","Gâminis Farmacâ","Analgesico Antiinflam.","Comprimidos/Pastillas/Tabletas/Grageas"
"diclofenac+paracetamol","comp.rec.x 30","OXAGESIC FORTE","Beta","Analgesico Antiinflam.","Comprimidos/Pastillas/Tabletas/Grageas"
"diclofenac+paracetamol","comp.rec.x 10","ARIFLENAC FORTE","Ariston","Analgesico Antiinflam.","Comprimidos/Pastillas/Tabletas/Grageas"
"diclofenac+paracetamol","comp.rec.x 10","XEDENOL GESIC","Baliarda","Analgesico Antiinflam.","Comprimidos/Pastillas/Tabletas/Grageas"
"diclofenac+paracetamol","50/400 mg comp.x 30","BLOKIUM GESIC","Casasco","Analgesico Antiinflam.","Comprimidos/Pastillas/Tabletas/Grageas"
"diclofenac+paracetamol","50/300 mg comp.rec.x 10","PANCLOGESIC","Denver Farma","Analgesico Antiinflam.","Comprimidos/Pastillas/Tabletas/Grageas"
"diclofenac+paracetamol","comp.rec.x 10","RODINAC GESIC","Gâminis Farmacâ","Analgesico Antiinflam.","Comprimidos/Pastillas/Tabletas/Grageas"
"diclofenac+paracetamol","comp.rec.x 30","RODINAC GESIC F","Gâminis Farmacâ","Analgesico Antiinflam.","Comprimidos/Pastillas/Tabletas/Grageas"
"diclofenac+paracetamol","comp.rec.x 15","OXAGESIC","Beta","Analgesico Antiinflam.","Comprimidos/Pastillas/Tabletas/Grageas"
"diclofenac+paracetamol","comp.rec.x 30","PARACETAMOL FORTE RAFFO","Adium","Analgesico Antiinflam.","Comprimidos/Pastillas/Tabletas/Grageas"
"diclofenac+paracetamol","50/400 mg comp.x 15","BLOKIUM GESIC","Casasco","Analgesico Antiinflam.","Comprimidos/Pastillas/Tabletas/Grageas"
"diclofenac+paracetamol","50/500 mg comp.x 30","DICLOGESIC FORTE","Trb-Pharma","Analgesico Antiinflam.","Comprimidos/Pastillas/Tabletas/Grageas"
"diclofenac+paracetamol","comp.rec.x 20","RODINAC GESIC F","Gâminis Farmacâ","Analgesico Antiinflam.","Comprimidos/Pastillas/Tabletas/Grageas"
"diclofenac+paracetamol","comp.rec.x 15","PARACETAMOL FORTE RAFFO","Adium","Analgesico Antiinflam.","Comprimidos/Pastillas/Tabletas/Grageas"
"diclofenac+paracetamol","comp.rec.x 10","ALGICLER","Monserrat","Analgesico Antiinflam.","Comprimidos/Pastillas/Tabletas/Grageas"
"diclofenac+paracetamol","50/500 mg comp.rec.x 30","DICLOMAR GESIC","Mar","Analgesico Antiinflam.","Comprimidos/Pastillas/Tabletas/Grageas"
"diclofenac+paracetamol","comp.x 30","VALUCA PLUS","Vannier","Analgesico Antiinflam.","Comprimidos/Pastillas/Tabletas/Grageas"
"diclofenac+paracetamol","comp.rec.x 20","ARTRO RED","Siegfried","Analgesico Antiinflam.","Comprimidos/Pastillas/Tabletas/Grageas"
"diclofenac+paracetamol","50/500 mg comp.x 10","DICLOGESIC FORTE","Trb-Pharma","Analgesico Antiinflam.","Comprimidos/Pastillas/Tabletas/Grageas"
"diclofenac+paracetamol","comp.rec.x 10","RODINAC GESIC F","Gâminis Farmacâ","Analgesico Antiinflam.","Comprimidos/Pastillas/Tabletas/Grageas"
"diclofenac+paracetamol","50/500 mg comp.rec.x 20","DICLOMAR GESIC","Mar","Analgesico Antiinflam.","Comprimidos/Pastillas/Tabletas/Grageas"
"diclofenac+paracetamol","comp.rec.x 30","OXAGESIC","Beta","Analgesico Antiinflam.","Comprimidos/Pastillas/Tabletas/Grageas"
"diclofenac+paracetamol","50/500 mg comp.x 30","BLOKIUM GESIC FORTE","Casasco","Analgesico Antiinflam.","Comprimidos/Pastillas/Tabletas/Grageas"
"diclofenac+paracetamol","comp.rec.x 20","METAFLEX GESIC","Montpellier","Analgesico Antiinflam.","Comprimidos/Pastillas/Tabletas/Grageas"
"diclofenac+paracetamol","comp.rec.x 20","METAFLEX GESIC FORTE","Montpellier","Analgesico Antiinflam.","Comprimidos/Pastillas/Tabletas/Grageas"
"diclofenac+paracetamol","50/500 mg comp.x 15","BLOKIUM GESIC FORTE","Casasco","Analgesico Antiinflam.","Comprimidos/Pastillas/Tabletas/Grageas"
"diclofenac+paracetamol","comp.rec.x 10","DOLOFENAC GESIC","Sanitas","Analgesico Antiinflam.","Comprimidos/Pastillas/Tabletas/Grageas"
"diclofenac+paracetamol","comp.x 20","DIOXAFLEX GESIC","BagÂ¢","Analgesico Antiinflam.","Comprimidos/Pastillas/Tabletas/Grageas"
"diclofenac+paracetamol","comp.rec.x 10","METAFLEX GESIC","Montpellier","Analgesico Antiinflam.","Comprimidos/Pastillas/Tabletas/Grageas"
"diclofenac+paracetamol","comp.rec.x 10","METAFLEX GESIC FORTE","Montpellier","Analgesico Antiinflam.","Comprimidos/Pastillas/Tabletas/Grageas"
"diclofenac+paracetamol","comp.rec.x 15","OXAGESIC FORTE","Beta","Analgesico Antiinflam.","Comprimidos/Pastillas/Tabletas/Grageas"
"diclofenac+paracetamol","comp.x 15","VESALION GESIC","Siegfried","Analgesico Antiinflam.","Comprimidos/Pastillas/Tabletas/Grageas"
"diclofenac+paracetamol","50/500 mg comp.rec.x 20","TAFIROL ARTRO","Genomma Lab.","Analgesico Antiinflam.","Comprimidos/Pastillas/Tabletas/Grageas"
"diclofenac+paracetamol","comp.rec.x 20","RODINAC GESIC","Gâminis Farmacâ","Analgesico Antiinflam.","Comprimidos/Pastillas/Tabletas/Grageas"
"diclofenac+paracetamol","comp.x 10","DIOXAFLEX GESIC","BagÂ¢","Analgesico Antiinflam.","Comprimidos/Pastillas/Tabletas/Grageas"
"diclofenac+paracetamol","comp.rec.x 20","XEDENOL GESIC","Baliarda","Analgesico Antiinflam.","Comprimidos/Pastillas/Tabletas/Grageas"
"diclofenac+pridinol","cÂ ps.blandas x 15","METAFLEX PLUS CB","Montpellier","Antiinflam.Miorrelajante","CÂ psulas/Softgels"
"diclofenac+pridinol","comp.rec.x 20","ACLOXIGENAC PLUS","Eczane","Antiinflam.Miorrelajante","Comprimidos/Pastillas/Tabletas/Grageas"
"diclofenac+pridinol","comp.rec.x 20","PANCLOFLEX","Denver Farma","Antiinflam.Miorrelajante","Comprimidos/Pastillas/Tabletas/Grageas"
"diclofenac+pridinol","comp.rec.x 10","DOLOFENAC FLEX","Sanitas","Antiinflam.Miorrelajante","Comprimidos/Pastillas/Tabletas/Grageas"
"diclofenac+pridinol","comp.x 10","DICLOGESIC RELAX","Trb-Pharma","Antiinflam.Miorrelajante","Comprimidos/Pastillas/Tabletas/Grageas"
"diclofenac+pridinol","comp.x 10","VALUCA FLEX","Vannier","Antiinflam.Miorrelajante","Comprimidos/Pastillas/Tabletas/Grageas"
"diclofenac+pridinol","cÂ ps.bl.x 30","XEDENOL FLEX CB","Baliarda","Antiinflam.Miorrelajante","CÂ psulas/Softgels"
"diclofenac+pridinol","comp.rec.x 10","ACLOXIGENAC PLUS","Eczane","Antiinflam.Miorrelajante","Comprimidos/Pastillas/Tabletas/Grageas"
"diclofenac+pridinol","comp.x 30","IGLODINE FLEX","Fecofar","Antiinflam.Miorrelajante","Comprimidos/Pastillas/Tabletas/Grageas"
"diclofenac+pridinol","comp.rec.x 10","PANCLOFLEX","Denver Farma","Antiinflam.Miorrelajante","Comprimidos/Pastillas/Tabletas/Grageas"
"diclofenac+pridinol","50/4 mg cÂ ps.x 10","FABOGESIC PLEN","Savant Generic","Antiinflam.Miorrelajante","Comprimidos/Pastillas/Tabletas/Grageas"
"diclofenac+pridinol","comp.rec.x 10","DIASTONE FLEX","Microsules Arg.","Antiinflam.Miorrelajante","Comprimidos/Pastillas/Tabletas/Grageas"
"diclofenac+pridinol","cÂ ps.blandas x 15","OXADISTEN CB","Beta","Antiinflam.Miorrelajante","CÂ psulas/Softgels"
"diclofenac+pridinol","comp.rec.x 20","OXADISTEN","Beta","Antiinflam.Miorrelajante","Comprimidos/Pastillas/Tabletas/Grageas"
"diclofenac+pridinol","comp.x 30","RODINAC FLEX","Gâminis Farmacâ","Antiinflam.Miorrelajante","Comprimidos/Pastillas/Tabletas/Grageas"
"diclofenac+pridinol","cÂ ps.bl.x 15","XEDENOL FLEX CB","Baliarda","Antiinflam.Miorrelajante","CÂ psulas/Softgels"
"diclofenac+pridinol","comp.x 30","DIOXAFLEX PLUS","BagÂ¢","Antiinflam.Miorrelajante","Comprimidos/Pastillas/Tabletas/Grageas"
"diclofenac+pridinol","comp.x 20","DICLOGESIC RELAX","Trb-Pharma","Antiinflam.Miorrelajante","Comprimidos/Pastillas/Tabletas/Grageas"
"diclofenac+pridinol","iny.a.sol.x 6","BLOKIUM FLEX","Casasco","Antiinflam.Miorrelajante","Ampollas/Frascos-Ampolla/Liofilizados/Soluc.Parent"
"diclofenac+pridinol","cr.x 50 g","OXADISTEN","Beta","Antiinflam.Miorrelajante","Cremas/Geles/Pomadas/UngÂentos"
"diclofenac+pridinol","comp.x 15","RODINAC FLEX","Gâminis Farmacâ","Antiinflam.Miorrelajante","Comprimidos/Pastillas/Tabletas/Grageas"
"diclofenac+pridinol","comp.x 15","DIOXAFLEX PLUS","BagÂ¢","Antiinflam.Miorrelajante","Comprimidos/Pastillas/Tabletas/Grageas"
"diclofenac+pridinol","iny.a.sol.x 3","BLOKIUM FLEX","Casasco","Antiinflam.Miorrelajante","Ampollas/Frascos-Ampolla/Liofilizados/Soluc.Parent"
"diclofenac+pridinol","comp.x 30","BLOKIUM FLEX","Casasco","Antiinflam.Miorrelajante","Comprimidos/Pastillas/Tabletas/Grageas"
"diclofenac+pridinol","comp.x 30","VALUCA FLEX","Vannier","Antiinflam.Miorrelajante","Comprimidos/Pastillas/Tabletas/Grageas"
"diclofenac+pridinol","comp.rec.x 40","OXADISTEN","Beta","Antiinflam.Miorrelajante","Comprimidos/Pastillas/Tabletas/Grageas"
"diclofenac+pridinol","comp.rec.x 20","BEFOL FLEX","Biotenk","Antiinflam.Miorrelajante","Comprimidos/Pastillas/Tabletas/Grageas"
"diclofenac+pridinol","comp.rec.gastrorr.x 15","NALGIFLEX RELAX","Ronnet","Antiinflam.Miorrelajante","Comprimidos/Pastillas/Tabletas/Grageas"
"diclofenac+pridinol","comp.rec.x 30","XEDENOL FLEX","Baliarda","Antiinflam.Miorrelajante","Comprimidos/Pastillas/Tabletas/Grageas"
"diclofenac+pridinol","cÂ ps.blandas x 15","DIOXAFLEX PLUS CB","BagÂ¢","Antiinflam.Miorrelajante","CÂ psulas/Softgels"
"diclofenac+pridinol","comp.x 15","BLOKIUM FLEX","Casasco","Antiinflam.Miorrelajante","Comprimidos/Pastillas/Tabletas/Grageas"
"diclofenac+pridinol","comp.x 15","IGLODINE FLEX","Fecofar","Antiinflam.Miorrelajante","Comprimidos/Pastillas/Tabletas/Grageas"
"diclofenac+pridinol","comp.x 30","VESALION FLEX","Siegfried","Antiinflam.Miorrelajante","Comprimidos/Pastillas/Tabletas/Grageas"
"diclofenac+pridinol","comp.rec.x 10","BEFOL FLEX","Biotenk","Antiinflam.Miorrelajante","Comprimidos/Pastillas/Tabletas/Grageas"
"diclofenac+pridinol","comp.rec.x 10","XEDENOL FLEX","Baliarda","Antiinflam.Miorrelajante","Comprimidos/Pastillas/Tabletas/Grageas"
"diclofenac+pridinol","comp.x 15","VESALION FLEX","Siegfried","Antiinflam.Miorrelajante","Comprimidos/Pastillas/Tabletas/Grageas"
"diclofenac+pridinol","cÂ ps.blandas x 30","METAFLEX PLUS CB","Montpellier","Antiinflam.Miorrelajante","CÂ psulas/Softgels"
"diclofenac+pridinol","comp.x 15","VIMULTISA FLEX","Fabra","Antiinflam.Miorrelajante","Comprimidos/Pastillas/Tabletas/Grageas"
"diclofenac+pridinol","comp.x 15","CURINFLAM PLUS","Duncan","Antiinflam.Miorrelajante","Comprimidos/Pastillas/Tabletas/Grageas"
"diclofenac+pridinol","comp.rec.x 10","VENZIDIAK FLEX","Biosintex","Antiinflam.Miorrelajante","Comprimidos/Pastillas/Tabletas/Grageas"
"diclofenac+pridinol","comp.rec.x 20","METAFLEX PLUS","Montpellier","Antiinflam.Miorrelajante","Comprimidos/Pastillas/Tabletas/Grageas"
"diclofenac+vit.b12+betametasona","comp.rec.x 10","XEDENOL B12","Baliarda","Analgesico Antirreumatico","Comprimidos/Pastillas/Tabletas/Grageas"
"diclofenac+vit.b12+betametasona","comp.x 30","RODINAC B12","Gâminis Farmacâ","Analgesico Antineuritico","Comprimidos/Pastillas/Tabletas/Grageas"
"diclofenac+vit.b12+betametasona","comp.x 20","DIOXAFLEX B12","BagÂ¢","Antiinflam.Antineuritico","Comprimidos/Pastillas/Tabletas/Grageas"
"diclofenac+vit.b12+betametasona","comp.x 15","VESALION B12","Siegfried","Analgesico Antineuritico","Comprimidos/Pastillas/Tabletas/Grageas"
"diclofenac+vit.b12+betametasona","comp.x 15","RODINAC B12","Gâminis Farmacâ","Analgesico Antineuritico","Comprimidos/Pastillas/Tabletas/Grageas"
"diclofenac+vit.b12+betametasona","iny.a.x 5","XEDENOL B12","Baliarda","Analgesico Antirreumatico","Ampollas/Frascos-Ampolla/Liofilizados/Soluc.Parent"
"diclofenac+vit.b12+betametasona","comp.rec.x 15","DIFENAC FORTE","Lafedar","Antiinflam.Antineuritico","Comprimidos/Pastillas/Tabletas/Grageas"
"diclofenac+vit.b12+betametasona","comp.rec.x 20","XEDENOL B12","Baliarda","Analgesico Antirreumatico","Comprimidos/Pastillas/Tabletas/Grageas"
"diclofenac+vit.b12+betametasona","iny.a.x 6","DIOXAFLEX B12","BagÂ¢","Antiinflam.Antineuritico","Ampollas/Frascos-Ampolla/Liofilizados/Soluc.Parent"
"diclofenac+vit.b12+betametasona","comp.rec.x 15","OXA B12","Beta","Analgesico Antineuritico","Comprimidos/Pastillas/Tabletas/Grageas"
"diclofenac+vit.b12+betametasona","comp.rec.x 30","OXA B12","Beta","Analgesico Antineuritico","Comprimidos/Pastillas/Tabletas/Grageas"
"diclofenac+vit.b12+betametasona","comp.x 20","RODINAC B12","Gâminis Farmacâ","Analgesico Antineuritico","Comprimidos/Pastillas/Tabletas/Grageas"
"diclofenac+vit.b12+betametasona","iny.a.x 6","RODINAC B12 INY","Gâminis Farmacâ","Analgesico Antineuritico","Ampollas/Frascos-Ampolla/Liofilizados/Soluc.Parent"
"diclofenac+vit.b12+betametasona","iny.a.x 3","OXA B12 I.M.","Beta","Analgesico Antineuritico","Ampollas/Frascos-Ampolla/Liofilizados/Soluc.Parent"
"diclofenac+vit.b12+betametasona","iny.a.x 6 x 3 ml","PANCLO B12","Denver Farma","Antiinflam.Antineuritico","Ampollas/Frascos-Ampolla/Liofilizados/Soluc.Parent"
"diclofenac+vit.b12+betametasona","iny.x 3","VESALION B12","Siegfried","Analgesico Antineuritico","Ampollas/Frascos-Ampolla/Liofilizados/Soluc.Parent"
"diclofenac+vit.b12+betametasona","iny.a.x 3","DIOXAFLEX B12","BagÂ¢","Antiinflam.Antineuritico","Ampollas/Frascos-Ampolla/Liofilizados/Soluc.Parent"
"diclofenac+vit.b12+betametasona","iny.a.x 3","XEDENOL B12","Baliarda","Analgesico Antirreumatico","Ampollas/Frascos-Ampolla/Liofilizados/Soluc.Parent"
"diclofenac+vit.b12+betametasona","iny.x 3","BLOKIUM B12","Casasco","Antiinflam.Antineuritico","Ampollas/Frascos-Ampolla/Liofilizados/Soluc.Parent"
"diclofenac+vit.b12+betametasona","iny.f.a.x 3/3 x 3 ml","METAFLEX B12","Montpellier","Analgesico Antiinflam.","Ampollas/Frascos-Ampolla/Liofilizados/Soluc.Parent"
"diclofenac+vit.b12+betametasona","iny.x 5","BLOKIUM B12","Casasco","Antiinflam.Antineuritico","Ampollas/Frascos-Ampolla/Liofilizados/Soluc.Parent"
"diclofenac+vit.b12+betametasona","comp.x 10","RODINAC B12","Gâminis Farmacâ","Analgesico Antineuritico","Comprimidos/Pastillas/Tabletas/Grageas"
"diclofenac+vit.b12+betametasona","iny.x 5","BLOKIUM B12 IM","Casasco","Antiinflam.Antineuritico","Ampollas/Frascos-Ampolla/Liofilizados/Soluc.Parent"
"diclofenac+vit.b12+betametasona","iny.a.x 3","RODINAC B12 INY","Gâminis Farmacâ","Analgesico Antineuritico","Ampollas/Frascos-Ampolla/Liofilizados/Soluc.Parent"
"diclofenac+vit.b12+betametasona","iny.a.x 3 x 3 ml","PANCLO B12","Denver Farma","Antiinflam.Antineuritico","Ampollas/Frascos-Ampolla/Liofilizados/Soluc.Parent"
"diclofenac+vit.b12+betametasona","comp.rec.x 15","METAFLEX B12","Montpellier","Analgesico Antiinflam.","Comprimidos/Pastillas/Tabletas/Grageas"
"diclofenac+vit.b12+betametasona","comp.rec.x 20","PANCLO B12","Denver Farma","Antiinflam.Antineuritico","Comprimidos/Pastillas/Tabletas/Grageas"
"diclofenac+vit.b12+betametasona","comp.x 15","BLOKIUM B12","Casasco","Antiinflam.Antineuritico","Comprimidos/Pastillas/Tabletas/Grageas"
"diclofenac+vit.b12+betametasona","iny.x 3","BLOKIUM B12 IM","Casasco","Antiinflam.Antineuritico","Ampollas/Frascos-Ampolla/Liofilizados/Soluc.Parent"
"diclofenac+vit.b12+betametasona","comp.rec.x 15","FLEXIPLEN B12","Savant Generic","Analgesico Antineuritico","Comprimidos/Pastillas/Tabletas/Grageas"
"diclofenac+vit.b12+betametasona","iny.a.x 6","OXA B12 I.M.","Beta","Analgesico Antineuritico","Ampollas/Frascos-Ampolla/Liofilizados/Soluc.Parent"
"dienogest","2 mg comp.rec.x 28","DESIRE","Gador","Antiendometriosico","Comprimidos/Pastillas/Tabletas/Grageas"
"dienogest","2mg tab. x 28 comp.","VISANNE","Bayer (PH)","Antiendometriosico","Comprimidos/Pastillas/Tabletas/Grageas"
"dienogest+etinilestradiol","comp.x 21","DIENOPIL","PharmaDorf","Anticonceptivo","Comprimidos/Pastillas/Tabletas/Grageas"
"dienogest+etinilestradiol","comp.rec.x 28","DIENOPIL 28","PharmaDorf","Anticonceptivo","Comprimidos/Pastillas/Tabletas/Grageas"
"dienogest+etinilestradiol","comp.rec.x 21","FLORENCE","Elea","Anticonceptivo","Comprimidos/Pastillas/Tabletas/Grageas"
"dienogest+valerato de estradiol","comp.rec.x 28","AZUCENA","Laboratorios Be","Anticonceptivo","Comprimidos/Pastillas/Tabletas/Grageas"
"dienogest+valerato de estradiol","comp.rec.x 28","RUBI","Gador","Anticonceptivo","Comprimidos/Pastillas/Tabletas/Grageas"
"dienogest+valerato de estradiol","comp.rec.x 28","QLAIRA","Bayer (PH)","Anticonceptivo","Comprimidos/Pastillas/Tabletas/Grageas"
"difenhidramina","250 mg% jbe.x 120 ml","KLONADRYL ANTIALERGICO","Klonal","Antihistaminico","Jarabe/SuspensiÂ¢n oral/Polvo para uso oral"
"difenhidramina","jbe.x 120 ml","DIFENHIDRAMINA DENVER FARMA","Denver Farma","Antihistaminico","Jarabe/SuspensiÂ¢n oral/Polvo para uso oral"
"difenhidramina","jbe.x 240 ml","BENADRYL","Elea","Antihistaminico","Jarabe/SuspensiÂ¢n oral/Polvo para uso oral"
"difenhidramina","2.5 mg/ml jbe.x 120 ml","FADALEX","Biosintex Retai","Antihistaminico","Jarabe/SuspensiÂ¢n oral/Polvo para uso oral"
"difenhidramina","50 mg comp.x 20","FADALEX","Biosintex Retai","Antihistaminico","Comprimidos/Pastillas/Tabletas/Grageas"
"difenhidramina","jbe.x 120 ml","AMODORMIN","Omicron","Inductor del sueÂ¤o","Jarabe/SuspensiÂ¢n oral/Polvo para uso oral"
"difenhidramina","jbe.x 1 x 120 ml","HISTALER","Duncan","Antihistaminico","Jarabe/SuspensiÂ¢n oral/Polvo para uso oral"
"difenhidramina","comp.x 30","AMODORMIN","Omicron","Inductor del sueÂ¤o","Comprimidos/Pastillas/Tabletas/Grageas"
"difenhidramina","50 mg comp.x 20","DIFENHIDRAMINA DENVER FARMA","Denver Farma","Antihistaminico","Comprimidos/Pastillas/Tabletas/Grageas"
"difenhidramina","comp.x 10","AMODORMIN","Omicron","Inductor del sueÂ¤o","Comprimidos/Pastillas/Tabletas/Grageas"
"difenhidramina","iny.a.x 1 x 5 ml","BENADRYL","Elea","Antihistaminico","Ampollas/Frascos-Ampolla/Liofilizados/Soluc.Parent"
"difenhidramina","cÂ ps.x 30","BENADRYL","Elea","Antihistaminico","CÂ psulas/Softgels"
"difenhidramina","50 mg comp.x 30","KLONADRYL","Klonal","Antihistaminico","Comprimidos/Pastillas/Tabletas/Grageas"
"difenilhidantoinato de calcio","comp.x 100","LOTOQUIS SIMPLE","Beta","Anticonvulsivo","Comprimidos/Pastillas/Tabletas/Grageas"
"difenilhidantoinato de calcio","comp.x 50","LOTOQUIS SIMPLE","Beta","Anticonvulsivo","Comprimidos/Pastillas/Tabletas/Grageas"
"digoxina","0.25 mg comp.x 60","CARDIOGOXIN","Medipharma","Cardiotonico","Comprimidos/Pastillas/Tabletas/Grageas"
"digoxina","75 mg gts.x 10 ml","DIGOXINA LAFEDAR","Lafedar","Cardiotonico","Gotas orales"
"digoxina","0.25 mg comp.x 40","DIGOXINA LAFEDAR","Lafedar","Cardiotonico","Comprimidos/Pastillas/Tabletas/Grageas"
"digoxina","0.25 mg comp.x 30","CARDIOGOXIN","Medipharma","Cardiotonico","Comprimidos/Pastillas/Tabletas/Grageas"
"digoxina","0.25 mg comp.x 50","LANOXIN (DIGOXINA)","Roemmers","Cardiotonico","Comprimidos/Pastillas/Tabletas/Grageas"
"digoxina","0.25 mg comp.x 25","LANOXIN (DIGOXINA)","Roemmers","Cardiotonico","Comprimidos/Pastillas/Tabletas/Grageas"
"dihidroxiprogesterona+estradiol","iny.a.x 1","ATRIMON","MR Pharma","Anovulatorio","Ampollas/Frascos-Ampolla/Liofilizados/Soluc.Parent"
"diltiazem","240 mg comp.x 30","INCORIL MONODOSIS 240","BagÂ¢","Antihipertensivo","Comprimidos/Pastillas/Tabletas/Grageas"
"diltiazem","180 mg comp.x 30","INCORIL MONODOSIS 180","BagÂ¢","Antihipertensivo","Comprimidos/Pastillas/Tabletas/Grageas"
"diltiazem","120 mg comp.x 50","ACALIX","Roemmers","Antianginoso","Comprimidos/Pastillas/Tabletas/Grageas"
"diltiazem","120 mg cÂ ps.x 30","ACALIX AP","Roemmers","Antihipertensivo","CÂ ps./Comp. de LiberaciÂ¢n Controlada"
"diltiazem","60 mg comp.x 50","HART","Teva Argentina","Antianginoso","Comprimidos/Pastillas/Tabletas/Grageas"
"diltiazem","120 mg comp.x 30","INCORIL AP 120","BagÂ¢","Antihipertensivo","CÂ ps./Comp. de LiberaciÂ¢n Controlada"
"diltiazem","120 mg comp.x 20","ACALIX","Roemmers","Antianginoso","Comprimidos/Pastillas/Tabletas/Grageas"
"diltiazem","60 mg comp.x 50","ACALIX","Roemmers","Antianginoso","Comprimidos/Pastillas/Tabletas/Grageas"
"diltiazem","300 mg cÂ ps.x 30","ACALIX CRONOS","Roemmers","Antianginoso","CÂ psulas/Softgels"
"diltiazem","300 mg comp.x 30","INCORIL MONODOSIS 300","BagÂ¢","Antihipertensivo","Comprimidos/Pastillas/Tabletas/Grageas"
"diltiazem","90 mg comp.x 50","ACALIX","Roemmers","Antianginoso","Comprimidos/Pastillas/Tabletas/Grageas"
"diltiazem","240 mg cÂ ps.x 30","ACALIX CRONOS","Roemmers","Antianginoso","CÂ psulas/Softgels"
"diltiazem","90 mg comp.x 60","INCORIL AP 90","BagÂ¢","Antihipertensivo","CÂ ps./Comp. de LiberaciÂ¢n Controlada"
"diltiazem","180 mg cÂ ps.x 30","ACALIX CRONOS","Roemmers","Antianginoso","CÂ psulas/Softgels"
"diltiazem","90 mg comp.x 30","INCORIL AP 90","BagÂ¢","Antihipertensivo","CÂ ps./Comp. de LiberaciÂ¢n Controlada"
"diltiazem","60 mg comp.x 60","INCORIL 60","BagÂ¢","Antianginoso","Comprimidos/Pastillas/Tabletas/Grageas"
"dimenhidrinato","comp.x 12","DRAMAMINE","Kenvue Argentin","Antiemetico","Comprimidos/Pastillas/Tabletas/Grageas"
"dimenhidrinato","50 mg comp.rec.x 12","DR. AMIN","Eurolab","Antiemetico","Comprimidos/Pastillas/Tabletas/Grageas"
"dimenhidrinato","comp.x 24","DRAMAMINE","Kenvue Argentin","Antiemetico","Comprimidos/Pastillas/Tabletas/Grageas"
"dimenhidrinato","sol.x 100 ml","VERTIGMINE","Lafedar","Antiemetico","Jarabe/SuspensiÂ¢n oral/Polvo para uso oral"
"dimenhidrinato","comp.x 20","AGIRAX","Montpellier","Antiemetico","Comprimidos/Pastillas/Tabletas/Grageas"
"dimenhidrinato","50 mg comp.rec.x 6","DR. AMIN","Eurolab","Antiemetico","Comprimidos/Pastillas/Tabletas/Grageas"
"dimenhidrinato","50 mg comp.x 24","VERTIGMINE","Lafedar","Antiemetico","Comprimidos/Pastillas/Tabletas/Grageas"
"dimenhidrinato","comp.x 10","AGIRAX","Montpellier","Antiemetico","Comprimidos/Pastillas/Tabletas/Grageas"
"dimenhidrinato","50 mg comp.x 12","VERTIGMINE","Lafedar","Antiemetico","Comprimidos/Pastillas/Tabletas/Grageas"
"diosmina+hesperidina micronizada","comp.rec.x 30","DAFLON 1000","Servier","Vasculoprotector","Comprimidos/Pastillas/Tabletas/Grageas"
"diosmina+hesperidina micronizada","500 mg comp.rec.x 60","DIPEMINA","Lazar","Flebotonico Antihemorroidal","Comprimidos/Pastillas/Tabletas/Grageas"
"diosmina+hesperidina micronizada","comp.rec.x 30","MILCANOR 1000","Casasco","Vasculoprotector","Comprimidos/Pastillas/Tabletas/Grageas"
"diosmina+hesperidina micronizada","comp.rec.x 100","DIOSMIN","Craveri","Vasculoprotector","Comprimidos/Pastillas/Tabletas/Grageas"
"diosmina+hesperidina micronizada","sob.x 30","DIOSMIN","Craveri","Vasculoprotector","Granulados"
"diosmina+hesperidina micronizada","1000 mg comp.x 30","VEDIPAL","Nolter","Flebotonico Antihemorroidal","Comprimidos/Pastillas/Tabletas/Grageas"
"diosmina+hesperidina micronizada","500 mg comp.x 60","DAFLON 500","Servier","Vasculoprotector","Comprimidos/Pastillas/Tabletas/Grageas"
"diosmina+hesperidina micronizada","500 mg comp.rec.x 60","FLEVOMAX","Elea","Flebotonico Antihemorroidal","Comprimidos/Pastillas/Tabletas/Grageas"
"diosmina+hesperidina micronizada","1000mg granulado sob.x30","DIPEMINA","Lazar","Flebotonico Antihemorroidal","Granulados"
"diosmina+hesperidina micronizada","500 mg comp.rec.x 30","DIPEMINA","Lazar","Flebotonico Antihemorroidal","Comprimidos/Pastillas/Tabletas/Grageas"
"diosmina+hesperidina micronizada","comp.rec.x 60","MILCANOR 500","Casasco","Vasculoprotector","Comprimidos/Pastillas/Tabletas/Grageas"
"diosmina+hesperidina micronizada","comp.x 30","FLEBOTROPIN 500","BagÂ¢","Flebotonico Antihemorroidal","Comprimidos/Pastillas/Tabletas/Grageas"
"diosmina+hesperidina micronizada","500 mg comp.x 30","DAFLON 500","Servier","Vasculoprotector","Comprimidos/Pastillas/Tabletas/Grageas"
"diosmina+hesperidina micronizada","1000 mg comp. x 30","TERBENOL DUO 1000","Laboratorios Be","Flebotonico Antihemorroidal","Comprimidos/Pastillas/Tabletas/Grageas"
"diosmina+hesperidina micronizada","500 mg comp.rec.x 30","FLEVOMAX","Elea","Flebotonico Antihemorroidal","Comprimidos/Pastillas/Tabletas/Grageas"
"diosmina+hesperidina micronizada","comp.rec.x 30","MILCANOR 500","Casasco","Vasculoprotector","Comprimidos/Pastillas/Tabletas/Grageas"
"diosmina+hesperidina micronizada","500 mg comp.rec.x 60","ALIVIAFLEB","Denver Farma","Flebotonico Antihemorroidal","Comprimidos/Pastillas/Tabletas/Grageas"
"diosmina+hesperidina micronizada","comp.rec.x 30","VARINON","Savant Generic","Venotonico","Comprimidos/Pastillas/Tabletas/Grageas"
"diosmina+hesperidina micronizada","500 mg comp.x 60","VEDIPAL","Nolter","Flebotonico Antihemorroidal","Comprimidos/Pastillas/Tabletas/Grageas"
"diosmina+hesperidina micronizada","1000 mg comp.rec.x 30","ATUREN","Gador","Flebotonico Antihemorroidal","Comprimidos/Pastillas/Tabletas/Grageas"
"diosmina+hesperidina micronizada","comp.x 60","DIOSMIN","Craveri","Vasculoprotector","Comprimidos/Pastillas/Tabletas/Grageas"
"diosmina+hesperidina micronizada","500 mg comp.rec.x 30","NIKZON","Genomma Lab.","Flebotonico","Comprimidos/Pastillas/Tabletas/Grageas"
"diosmina+hesperidina micronizada","comp.x 60","JATAMANSIN PLUS","Siegfried","Venotonico","Comprimidos/Pastillas/Tabletas/Grageas"
"diosmina+hesperidina micronizada","500 mg comp.rec.x 30","ALIVIAFLEB","Denver Farma","Flebotonico Antihemorroidal","Comprimidos/Pastillas/Tabletas/Grageas"
"diosmina+hesperidina micronizada","500 mg comp.x 30","VEDIPAL","Nolter","Flebotonico Antihemorroidal","Comprimidos/Pastillas/Tabletas/Grageas"
"diosmina+hesperidina micronizada","comp.x 30","TERBENOL DUO","Laboratorios Be","Flebotonico Antihemorroidal","Comprimidos/Pastillas/Tabletas/Grageas"
"diosmina+hesperidina micronizada","500 mg comp.rec.x 60","ATUREN","Gador","Flebotonico Antihemorroidal","Comprimidos/Pastillas/Tabletas/Grageas"
"diosmina+hesperidina micronizada","comp.x 30","DIOSMIN","Craveri","Vasculoprotector","Comprimidos/Pastillas/Tabletas/Grageas"
"diosmina+hesperidina micronizada","sachets x 30","DAFLON 1000","Servier","Vasculoprotector","Jarabe/SuspensiÂ¢n oral/Polvo para uso oral"
"diosmina+hesperidina micronizada","comp.x 60","TERBENOL DUO","Laboratorios Be","Flebotonico Antihemorroidal","Comprimidos/Pastillas/Tabletas/Grageas"
"diosmina+hesperidina micronizada","comp.x 30","JATAMANSIN PLUS","Siegfried","Venotonico","Comprimidos/Pastillas/Tabletas/Grageas"
"diosmina+hesperidina micronizada","comp.rec.x 60","DAFLON 1000","Servier","Vasculoprotector","Comprimidos/Pastillas/Tabletas/Grageas"
"diosmina+hesperidina micronizada","1000 mg comp.rec.x 30","DIPEMINA","Lazar","Flebotonico Antihemorroidal","Comprimidos/Pastillas/Tabletas/Grageas"
"diosmina+hesperidina micronizada","500 mg comp.rec.x 30","ATUREN","Gador","Flebotonico Antihemorroidal","Comprimidos/Pastillas/Tabletas/Grageas"
"dipirona","comp.x 10","NOVALGINA","Opella Healthca","Analgesico","Comprimidos/Pastillas/Tabletas/Grageas"
"dipirona","jbe.x 200 ml","NOVALGINA","Opella Healthca","Analgesico","Jarabe/SuspensiÂ¢n oral/Polvo para uso oral"
"dipirona","comp.x 30","NOVALGINA","Opella Healthca","Analgesico","Comprimidos/Pastillas/Tabletas/Grageas"
"domperidona","ped.iny.a.x 5 x 2 ml","PERIDON","Lafedar","Antidispeptico","Ampollas/Frascos-Ampolla/Liofilizados/Soluc.Parent"
"domperidona","gts.x 20 ml","GASTRODOM","Siegfried","Antidispeptico","Gotas orales"
"domperidona","10 mg comp.x 20","ESTOCALM","Eczane","Antidispeptico","Comprimidos/Pastillas/Tabletas/Grageas"
"domperidona","ad.iny.a.x 5 x 5 ml","PERIDON","Lafedar","Antidispeptico","Ampollas/Frascos-Ampolla/Liofilizados/Soluc.Parent"
"domperidona","gts.x 20 ml","ECUAMON","Lazar","Antidispeptico","Gotas orales"
"domperidona","10 mg comp.x 50","ESTOCALM","Eczane","Antidispeptico","Comprimidos/Pastillas/Tabletas/Grageas"
"domperidona","10 mg comp.x 30","GASTRODOM","Siegfried","Antidispeptico","Comprimidos/Pastillas/Tabletas/Grageas"
"domperidona","1% gts.x 20 ml","PERIDON","Lafedar","Antidispeptico","Gotas orales"
"domperidona","comp.rec.x 20","ECUAMON","Lazar","Antidispeptico","Comprimidos/Pastillas/Tabletas/Grageas"
"domperidona","comp.x 20","MOPERIDONA","Siegfried","Antidispeptico","Comprimidos/Pastillas/Tabletas/Grageas"
"domperidona","iny.a.x 5","MOPERIDONA","Siegfried","Antidispeptico","Ampollas/Frascos-Ampolla/Liofilizados/Soluc.Parent"
"domperidona","10 mg comp.x 50","PERIDON","Lafedar","Antidispeptico","Comprimidos/Pastillas/Tabletas/Grageas"
"domperidona","gts.x 20 ml","MOPERIDONA","Siegfried","Antidispeptico","Gotas orales"
"domperidona","10 mg comp.x 20","PERIDON","Lafedar","Antidispeptico","Comprimidos/Pastillas/Tabletas/Grageas"
"domperidona","comp.x 20","KINETIDOM","Cetus","Antidispeptico","Comprimidos/Pastillas/Tabletas/Grageas"
"dorzolamida","sol.oft.x 5 ml","DORLAMIDA","Lab Internacion","Antiglaucomatoso","Gotas oftÂ lmicas/Colirios"
"dorzolamida+timolol","sol.oft.x 5 ml","ZOPIROL DM","Elea","Antiglaucomatoso","Gotas oftÂ lmicas/Colirios"
"dorzolamida+timolol","sol.oft.x 5 ml","PRESS OUT T","Max Vision","Antiglaucomatoso","Gotas oftÂ lmicas/Colirios"
"dorzolamida+timolol","sol.oft.x 5 ml","DORLAMIDA T","Lab Internacion","Antiglaucomatoso","Gotas oftÂ lmicas/Colirios"
"dorzolamida+timolol","sol.oft.x 5 ml","DORZOLAMIDA T DORF","PharmaDorf","Antiglaucomatoso","Gotas oftÂ lmicas/Colirios"
"dorzolamida+timolol","sol.oft.x 5 ml","TIMED D","Bausch & Lomb A","Antiglaucomatoso","Gotas oftÂ lmicas/Colirios"
"dorzolamida+timolol","gts.oft.x 5 ml","DORZOFLAX","Sidus","Antiglaucomatoso","Gotas oftÂ lmicas/Colirios"
"dorzolamida+timolol","c/dosif. sol.oft.x 5 ml","ELIPTIC OFTENO PF","Siegfried","Antiglaucomatoso","Gotas oftÂ lmicas/Colirios"
"dorzolamida+timolol","sol.oft.x 5 ml","GLAUCOTENSIL TD LC","Poen","Antiglaucomatoso","Gotas oftÂ lmicas/Colirios"
"dorzolamida+timolol","colirio x 5 ml","GLAUCOTENSIL TD","Poen","Antiglaucomatoso","Gotas oftÂ lmicas/Colirios"
"dorzolamida+timolol","sol.oft.x 5 ml","ELIPTIC","Siegfried","Antiglaucomatoso","Gotas oftÂ lmicas/Colirios"
"dorzolamida+timolol","sol.oft.x 5 ml","ALIVIAPRES","Denver Farma","Antiglaucomatoso","Gotas oftÂ lmicas/Colirios"
"dorzolamida+timolol+brimonidina","c/dosif. sol.oft.x 5 ml","KRYTANTEK OFTENO PF","Siegfried","Antiglaucomatoso","Gotas oftÂ lmicas/Colirios"
"dorzolamida+timolol+brimonidina","sol.oft.x 5 ml","XEGREX","Poen","Antiglaucomatoso","Gotas oftÂ lmicas/Colirios"
"doxiciclina","40 mg cÂ ps.x 28","ORACEA","Galderma","Antibiotico","CÂ psulas/Softgels"
"doxiciclina","40 mg cÂ ps.x 28","ROSATRAT","Panalab","Antibiotico","Comprimidos/Pastillas/Tabletas/Grageas"
"doxiciclina","100 mg comp.rec.x 16","VERBORIL","Trb-Pharma","Antibiotico","Comprimidos/Pastillas/Tabletas/Grageas"
"doxiciclina","100 mg tab.x 16","VIBRAMICINA","Pfizer","Antibiotico","Comprimidos/Pastillas/Tabletas/Grageas"
"doxiciclina","100 mg comp.x 20","DOXIBIOT","Siegfried","Antibiotico","Comprimidos/Pastillas/Tabletas/Grageas"
"doxiciclina","100 mg comp.rec.x 20","DOXICLINA","Eurolab","Antibiotico","Comprimidos/Pastillas/Tabletas/Grageas"
"doxiciclina","100 mg comp.rec.x 8","VERBORIL","Trb-Pharma","Antibiotico","Comprimidos/Pastillas/Tabletas/Grageas"
"doxiciclina","100 mg comp.rec.x 30","ASOLMICINA.DOX","Megalabs Argent","Antibiotico","Comprimidos/Pastillas/Tabletas/Grageas"
"doxiciclina","100 mg comp.x 10","DOXIBIOT","Siegfried","Antibiotico","Comprimidos/Pastillas/Tabletas/Grageas"
"doxiciclina","100 mg comp.rec.x 15","ASOLMICINA.DOX","Megalabs Argent","Antibiotico","Comprimidos/Pastillas/Tabletas/Grageas"
"doxiciclina","100 mg tab.x 5","VIBRAMICINA","Pfizer","Antibiotico","Comprimidos/Pastillas/Tabletas/Grageas"
"drospirenona","comp.rec.x 24 + 4","SLINDA SIN ESTROGENOS","Elea","Anticonceptivo","Comprimidos/Pastillas/Tabletas/Grageas"
"drospirenona","comp.rec.x 28","FUCSIA SIN ESTROGENOS","Gador","Anticonceptivo","Comprimidos/Pastillas/Tabletas/Grageas"
"drospirenona","comp.rec.x 28","KALI SIN ESTROGENOS","Laboratorios Be","Anticonceptivo","Comprimidos/Pastillas/Tabletas/Grageas"
"drospirenona","comp.rec.x 28","ONE SIN ESTROGENOS","Craveri","Anticonceptivo","Comprimidos/Pastillas/Tabletas/Grageas"
"drospirenona","comp.rec.x 28 (24+4)","IFENIL LE LIBRE DE ESTROGENOS","Casasco","Anovulatorio","Comprimidos/Pastillas/Tabletas/Grageas"
"drospirenona","comp.rec.x 84 (28 x 3)","ISIS FREE SIN ESTROGENOS","Siegfried","Anticonceptivo","Comprimidos/Pastillas/Tabletas/Grageas"
"drospirenona","comp.rec.x 56 (28 x 2)","ISIS FREE SIN ESTROGENOS","Siegfried","Anticonceptivo","Comprimidos/Pastillas/Tabletas/Grageas"
"drospirenona","comp.rec.x 28","ISIS FREE SIN ESTROGENOS","Siegfried","Anticonceptivo","Comprimidos/Pastillas/Tabletas/Grageas"
"drospirenona+estradiol","comp.rec.x 28","EQUIFEM","Elea","Hormonoterapia","Comprimidos/Pastillas/Tabletas/Grageas"
"drospirenona+estradiol","env.calend.comp.rec.x 28","GADOFEM","Gador","Hormonoterapia","Comprimidos/Pastillas/Tabletas/Grageas"
"drospirenona+etinilestradiol","comp.rec.x 28 (21+7)","IFENIL MD","Casasco","Anticonceptivo","Comprimidos/Pastillas/Tabletas/Grageas"
"drospirenona+etinilestradiol","comp.rec.x 56","DIVA TOTAL","Elea","Anticonceptivo","Comprimidos/Pastillas/Tabletas/Grageas"
"drospirenona+etinilestradiol","comp.rec.x 28","MAXIMA MD","PharmaDorf","Anovulatorio","Comprimidos/Pastillas/Tabletas/Grageas"
"drospirenona+etinilestradiol","comp.rec.x 28","KALA MD 24","Laboratorios Be","Anticonceptivo","Comprimidos/Pastillas/Tabletas/Grageas"
"drospirenona+etinilestradiol","comp.rec.x 28","YAZ","Bayer (PH)","Anticonceptivo","Comprimidos/Pastillas/Tabletas/Grageas"
"drospirenona+etinilestradiol","comp.rec.x 28","UMMA MD","Biotenk","Anticonceptivo","Comprimidos/Pastillas/Tabletas/Grageas"
"drospirenona+etinilestradiol","comp.rec.x 28","KIR 28","Adium","Anovulatorio","Comprimidos/Pastillas/Tabletas/Grageas"
"drospirenona+etinilestradiol","comp.rec.x 28 (21+7)","IFENIL","Casasco","Anticonceptivo","Comprimidos/Pastillas/Tabletas/Grageas"
"drospirenona+etinilestradiol","comp.rec.x 28","MAXIMA","PharmaDorf","Anticonceptivo","Comprimidos/Pastillas/Tabletas/Grageas"
"drospirenona+etinilestradiol","comp.rec.x 56","DIVA","Elea","Anticonceptivo","Comprimidos/Pastillas/Tabletas/Grageas"
"drospirenona+etinilestradiol","comp.rec.x 28","ISIS","Siegfried","Anticonceptivo","Comprimidos/Pastillas/Tabletas/Grageas"
"drospirenona+etinilestradiol","comp.rec.x 28","KIRUM","Adium","Anticonceptivo","Comprimidos/Pastillas/Tabletas/Grageas"
"drospirenona+etinilestradiol","comp.rec.x 28","YASMINELLE","Bayer (PH)","Anticonceptivo","Comprimidos/Pastillas/Tabletas/Grageas"
"drospirenona+etinilestradiol","comp.rec.x 84","ISIS MINI 24","Siegfried","Anticonceptivo","Comprimidos/Pastillas/Tabletas/Grageas"
"drospirenona+etinilestradiol","comp.rec.x 28","DAMSEL","Gador","Anticonceptivo","Comprimidos/Pastillas/Tabletas/Grageas"
"drospirenona+etinilestradiol","comp.rec.x 24 + plac.x 4","DAMSELLA","Gador","Anticonceptivo","Comprimidos/Pastillas/Tabletas/Grageas"
"drospirenona+etinilestradiol","comp.rec.x 28 (21+7)","KIRUMELLE","Adium","Anticonceptivo","Comprimidos/Pastillas/Tabletas/Grageas"
"drospirenona+etinilestradiol","comp.rec.x 28","DIVA","Elea","Anticonceptivo","Comprimidos/Pastillas/Tabletas/Grageas"
"drospirenona+etinilestradiol","comp.rec.x 28","YASMIN","Bayer (PH)","Anticonceptivo","Comprimidos/Pastillas/Tabletas/Grageas"
"drospirenona+etinilestradiol","comp.rec.x 56 env.doble","ISIS MINI 24","Siegfried","Anticonceptivo","Comprimidos/Pastillas/Tabletas/Grageas"
"drospirenona+etinilestradiol","comp.rec.x 56 env.doble","ISIS MINI","Siegfried","Anticonceptivo","Comprimidos/Pastillas/Tabletas/Grageas"
"drospirenona+etinilestradiol","comp.rec.x 84","ISIS MINI","Siegfried","Anticonceptivo","Comprimidos/Pastillas/Tabletas/Grageas"
"drospirenona+etinilestradiol","comp.rec.x 28","KALA MD","Laboratorios Be","Anticonceptivo","Comprimidos/Pastillas/Tabletas/Grageas"
"drospirenona+etinilestradiol","comp.rec.x 56 env.doble","ISIS","Siegfried","Anticonceptivo","Comprimidos/Pastillas/Tabletas/Grageas"
"drospirenona+etinilestradiol","comp.rec.x 28","UMMA","Biotenk","Anticonceptivo","Comprimidos/Pastillas/Tabletas/Grageas"
"drospirenona+etinilestradiol","comp.rec.x 28","ISIS MINI 24","Siegfried","Anticonceptivo","Comprimidos/Pastillas/Tabletas/Grageas"
"drospirenona+etinilestradiol","comp.rec.x 28","ISIS MINI","Siegfried","Anticonceptivo","Comprimidos/Pastillas/Tabletas/Grageas"
"drospirenona+etinilestradiol","comp.rec.x 84","ISIS","Siegfried","Anticonceptivo","Comprimidos/Pastillas/Tabletas/Grageas"
"drospirenona+etinilestradiol","comp.x 28","JADE MD 24","Craveri","Anovulatorio","Comprimidos/Pastillas/Tabletas/Grageas"
"drospirenona+etinilestradiol","comp.rec.x 28 (24+4)","IFENIL MD 24","Casasco","Anticonceptivo","Comprimidos/Pastillas/Tabletas/Grageas"
"drospirenona+etinilestradiol","comp.x 28","JADE MD","Craveri","Anovulatorio","Comprimidos/Pastillas/Tabletas/Grageas"
"drospirenona+etinilestradiol","comp.rec.x 28","KALA","Laboratorios Be","Anticonceptivo","Comprimidos/Pastillas/Tabletas/Grageas"
"drospirenona+etinilestradiol","comp.rec.x 24 + plac.x 4","DIVA TOTAL","Elea","Anticonceptivo","Comprimidos/Pastillas/Tabletas/Grageas"
"drospirenona+etinilestradiol","comp.rec.x 28","DIVINA","Elea","Anticonceptivo","Comprimidos/Pastillas/Tabletas/Grageas"
"drospirenona+etinilestradiol","comp.rec.x 24 + plac.x 4","MAXIMA MD 24","PharmaDorf","Anovulatorio","Comprimidos/Pastillas/Tabletas/Grageas"
"drospirenona+etinilestradiol","comp.x 28","JADE","Craveri","Anovulatorio","Comprimidos/Pastillas/Tabletas/Grageas"
"drospirenona+etinilestradiol","comp.rec.x 84","DIVINA","Elea","Anticonceptivo","Comprimidos/Pastillas/Tabletas/Grageas"
"DTaP+IPV+Hep.B+Hib","jga.prell.x 0.5ml","HEXAXIM","Sanofi Health A","Vac.sâxtuple acelular","Jeringa prellenada"
"enalapril","2.5 mg comp.x 60","LOTRIAL","Roemmers","Antihipertensivo","Comprimidos/Pastillas/Tabletas/Grageas"
"enalapril","5 mg comp.ran.x 60","GADOPRIL","Gador","Antihipertensivo","Comprimidos/Pastillas/Tabletas/Grageas"
"enalapril","5 mg comp.x 30","VAPRESAN","Temis-LostalÂ¢","Antihipertensivo","Comprimidos/Pastillas/Tabletas/Grageas"
"enalapril","5 mg comp.rec.ran.x 30","MAXEN","Baliarda","Antihipertensivo","Comprimidos/Pastillas/Tabletas/Grageas"
"enalapril","20 mg comp.x 30","KINFIL","Siegfried","Antihipertensivo","Comprimidos/Pastillas/Tabletas/Grageas"
"enalapril","20 mg comp.x 60","LOTRIAL","Roemmers","Antihipertensivo","Comprimidos/Pastillas/Tabletas/Grageas"
"enalapril","10 mg comp.x 50","ENALAPRIL RICHET","Richet","Antihipertensivo","Comprimidos/Pastillas/Tabletas/Grageas"
"enalapril","20 mg comp.x 30","RENITEC","Organon Arg.","Antihipertensivo","Comprimidos/Pastillas/Tabletas/Grageas"
"enalapril","10 mg comp.x 50","LOTRIAL","Roemmers","Antihipertensivo","Comprimidos/Pastillas/Tabletas/Grageas"
"enalapril","20 mg comp.x 30","VAPRESAN","Temis-LostalÂ¢","Antihipertensivo","Comprimidos/Pastillas/Tabletas/Grageas"
"enalapril","5 mg comp.x 60","ENATRAL 5 MG","Lepetit","Antihipertensivo","Comprimidos/Pastillas/Tabletas/Grageas"
"enalapril","5 mg comp.x 30","GLIOTEN 5","BagÂ¢","Antihipertensivo","Comprimidos/Pastillas/Tabletas/Grageas"
"enalapril","2.5 mg comp.x 30","LOTRIAL","Roemmers","Antihipertensivo","Comprimidos/Pastillas/Tabletas/Grageas"
"enalapril","20 mg comp.x 50","PRESI REGUL","Fabra","Antihipertensivo","Comprimidos/Pastillas/Tabletas/Grageas"
"enalapril","5 mg comp.ran.x 30","GADOPRIL","Gador","Antihipertensivo","Comprimidos/Pastillas/Tabletas/Grageas"
"enalapril","20 mg comp.rec.ran.x 60","MAXEN","Baliarda","Antihipertensivo","Comprimidos/Pastillas/Tabletas/Grageas"
"enalapril","10 mg comp.x 60","KINFIL","Siegfried","Antihipertensivo","Comprimidos/Pastillas/Tabletas/Grageas"
"enalapril","20 mg comp.x 30","LOTRIAL","Roemmers","Antihipertensivo","Comprimidos/Pastillas/Tabletas/Grageas"
"enalapril","10 mg comp.x 60","RENITEC","Organon Arg.","Antihipertensivo","Comprimidos/Pastillas/Tabletas/Grageas"
"enalapril","5 mg comp.x 50","LOTRIAL","Roemmers","Antihipertensivo","Comprimidos/Pastillas/Tabletas/Grageas"
"enalapril","10 mg comp.x 60","VAPRESAN","Temis-LostalÂ¢","Antihipertensivo","Comprimidos/Pastillas/Tabletas/Grageas"
"enalapril","20 mg comp.x 60","PRESI REGUL","Fabra","Antihipertensivo","Comprimidos/Pastillas/Tabletas/Grageas"
"enalapril","20 mg comp.x 60","GLIOTEN 20","BagÂ¢","Antihipertensivo","Comprimidos/Pastillas/Tabletas/Grageas"
"enalapril","10 mg comp.x 30","NALAPRIL","Klonal","Antihipertensivo","Comprimidos/Pastillas/Tabletas/Grageas"
"enalapril","10 mg comp.x 60","PRILTENK","Biotenk","Antihipertensivo","Comprimidos/Pastillas/Tabletas/Grageas"
"enalapril","10 mg comp.x 20","PRESI REGUL","Fabra","Antihipertensivo","Comprimidos/Pastillas/Tabletas/Grageas"
"enalapril","5 mg comp.x 30","TENCAS","Casasco","Antihipertensivo","Comprimidos/Pastillas/Tabletas/Grageas"
"enalapril","2.5 mg comp.ran.x 60","GADOPRIL","Gador","Antihipertensivo","Comprimidos/Pastillas/Tabletas/Grageas"
"enalapril","10 mg comp.rec.ran.x 60","MAXEN","Baliarda","Antihipertensivo","Comprimidos/Pastillas/Tabletas/Grageas"
"enalapril","20 mg comp.x 30","TENCAS","Casasco","Antihipertensivo","Comprimidos/Pastillas/Tabletas/Grageas"
"enalapril","10 mg comp.x 30","KINFIL","Siegfried","Antihipertensivo","Comprimidos/Pastillas/Tabletas/Grageas"
"enalapril","10 mg comp.x 60","LOTRIAL","Roemmers","Antihipertensivo","Comprimidos/Pastillas/Tabletas/Grageas"
"enalapril","10 mg comp.x 30","RENITEC","Organon Arg.","Antihipertensivo","Comprimidos/Pastillas/Tabletas/Grageas"
"enalapril","20 mg comp.x 60","ECAPRILAT","Lazar","Antihipertensivo","Comprimidos/Pastillas/Tabletas/Grageas"
"enalapril","10 mg comp.x 50","PRILTENK","Biotenk","Antihipertensivo","Comprimidos/Pastillas/Tabletas/Grageas"
"enalapril","10 mg comp.x 30","VAPRESAN","Temis-LostalÂ¢","Antihipertensivo","Comprimidos/Pastillas/Tabletas/Grageas"
"enalapril","20 mg comp.x 30","PRESI REGUL","Fabra","Antihipertensivo","Comprimidos/Pastillas/Tabletas/Grageas"
"enalapril","20 mg comp.ran.x 60","GADOPRIL","Gador","Antihipertensivo","Comprimidos/Pastillas/Tabletas/Grageas"
"enalapril","20 mg comp.x 30","GLIOTEN 20","BagÂ¢","Antihipertensivo","Comprimidos/Pastillas/Tabletas/Grageas"
"enalapril","10 mg comp.x 60","SULOCTEN","Microsules Arg.","Antihipertensivo","Comprimidos/Pastillas/Tabletas/Grageas"
"enalapril","20 mg comp.x 30","ENALDUN","Duncan","Antihipertensivo","Comprimidos/Pastillas/Tabletas/Grageas"
"enalapril","5 mg comp.x 30","ENALDUN","Duncan","Antihipertensivo","Comprimidos/Pastillas/Tabletas/Grageas"
"enalapril","10 mg comp.x 50","PRESI REGUL","Fabra","Antihipertensivo","Comprimidos/Pastillas/Tabletas/Grageas"
"enalapril","2.5 mg comp.ran.x 30","GADOPRIL","Gador","Antihipertensivo","Comprimidos/Pastillas/Tabletas/Grageas"
"enalapril","20 mg comp.x 30","ECAPRILAT","Lazar","Antihipertensivo","Comprimidos/Pastillas/Tabletas/Grageas"
"enalapril","5 mg comp.rec.ran.x 60","MAXEN","Baliarda","Antihipertensivo","Comprimidos/Pastillas/Tabletas/Grageas"
"enalapril","10 mg comp.x 30","TENCAS","Casasco","Antihipertensivo","Comprimidos/Pastillas/Tabletas/Grageas"
"enalapril","5 mg comp.x 60","KINFIL","Siegfried","Antihipertensivo","Comprimidos/Pastillas/Tabletas/Grageas"
"enalapril","10 mg comp.x 30","LOTRIAL","Roemmers","Antihipertensivo","Comprimidos/Pastillas/Tabletas/Grageas"
"enalapril","20 mg comp.x 30","ENATRAL 20 MG","Lepetit","Antihipertensivo","Comprimidos/Pastillas/Tabletas/Grageas"
"enalapril","10 mg comp.x 30","PRESIPRIL","Lafedar","Antihipertensivo","Comprimidos/Pastillas/Tabletas/Grageas"
"enalapril","10 mg comp.x 60","PRESI REGUL","Fabra","Antihipertensivo","Comprimidos/Pastillas/Tabletas/Grageas"
"enalapril","20 mg comp.ran.x 30","GADOPRIL","Gador","Antihipertensivo","Comprimidos/Pastillas/Tabletas/Grageas"
"enalapril","10 mg comp.x 60","ENALAPRIL RICHET","Richet","Antihipertensivo","Comprimidos/Pastillas/Tabletas/Grageas"
"enalapril","10 mg comp.x 60","GLIOTEN 10","BagÂ¢","Antihipertensivo","Comprimidos/Pastillas/Tabletas/Grageas"
"enalapril","10 mg comp.x 30","SULOCTEN","Microsules Arg.","Antihipertensivo","Comprimidos/Pastillas/Tabletas/Grageas"
"enalapril","10 mg comp.x 30","ENATRAL 10 MG","Lepetit","Antihipertensivo","Comprimidos/Pastillas/Tabletas/Grageas"
"enalapril","20 mg comp.x 60","ENALDUN","Duncan","Antihipertensivo","Comprimidos/Pastillas/Tabletas/Grageas"
"enalapril","10 mg comp.x 30","ENALAPRIL 10 MG","Vent 3","Antihipertensivo","Comprimidos/Pastillas/Tabletas/Grageas"
"enalapril","20 mg comp.x 60","SULOCTEN","Microsules Arg.","Antihipertensivo","Comprimidos/Pastillas/Tabletas/Grageas"
"enalapril","10 mg comp.x 30","ECAPRILAT","Lazar","Antihipertensivo","Comprimidos/Pastillas/Tabletas/Grageas"
"enalapril","5 mg comp.x 30","KINFIL","Siegfried","Antihipertensivo","Comprimidos/Pastillas/Tabletas/Grageas"
"enalapril","5 mg comp.x 60","LOTRIAL","Roemmers","Antihipertensivo","Comprimidos/Pastillas/Tabletas/Grageas"
"enalapril","5 mg comp.x 30","ENATRAL 5 MG","Lepetit","Antihipertensivo","Comprimidos/Pastillas/Tabletas/Grageas"
"enalapril","10 mg comp.x 30","ENALDUN","Duncan","Antihipertensivo","Comprimidos/Pastillas/Tabletas/Grageas"
"enalapril","10 mg comp.x 30","PRESI REGUL","Fabra","Antihipertensivo","Comprimidos/Pastillas/Tabletas/Grageas"
"enalapril","10 mg comp.ran.x 60","GADOPRIL","Gador","Antihipertensivo","Comprimidos/Pastillas/Tabletas/Grageas"
"enalapril","20 mg comp.rec.ran.x 30","MAXEN","Baliarda","Antihipertensivo","Comprimidos/Pastillas/Tabletas/Grageas"
"enalapril","10 mg comp.x 30","ENALAPRIL RICHET","Richet","Antihipertensivo","Comprimidos/Pastillas/Tabletas/Grageas"
"enalapril","10 mg comp.x 30","GLIOTEN 10","BagÂ¢","Antihipertensivo","Comprimidos/Pastillas/Tabletas/Grageas"
"enalapril","5 mg comp.x 60","SULOCTEN","Microsules Arg.","Antihipertensivo","Comprimidos/Pastillas/Tabletas/Grageas"
"enalapril","10 mg comp.x 60","ENALDUN","Duncan","Antihipertensivo","Comprimidos/Pastillas/Tabletas/Grageas"
"enalapril","20 mg comp.x 30","SULOCTEN","Microsules Arg.","Antihipertensivo","Comprimidos/Pastillas/Tabletas/Grageas"
"enalapril","10 mg comp.x 60","TENCAS","Casasco","Antihipertensivo","Comprimidos/Pastillas/Tabletas/Grageas"
"enalapril","5 mg comp.x 30","LOTRIAL","Roemmers","Antihipertensivo","Comprimidos/Pastillas/Tabletas/Grageas"
"enalapril","10 mg comp.x 60","ECAPRILAT","Lazar","Antihipertensivo","Comprimidos/Pastillas/Tabletas/Grageas"
"enalapril","5 mg comp.x 60","RENITEC","Organon Arg.","Antihipertensivo","Comprimidos/Pastillas/Tabletas/Grageas"
"enalapril","10 mg comp.x 60","ENATRAL 10 MG","Lepetit","Antihipertensivo","Comprimidos/Pastillas/Tabletas/Grageas"
"enalapril","2.5 mg comp.x 60","GLIOTEN 2.5","BagÂ¢","Antihipertensivo","Comprimidos/Pastillas/Tabletas/Grageas"
"enalapril","10 mg comp.ran.x 30","GADOPRIL","Gador","Antihipertensivo","Comprimidos/Pastillas/Tabletas/Grageas"
"enalapril","5 mg comp.x 60","VAPRESAN","Temis-LostalÂ¢","Antihipertensivo","Comprimidos/Pastillas/Tabletas/Grageas"
"enalapril","10 mg comp.rec.ran.x 30","MAXEN","Baliarda","Antihipertensivo","Comprimidos/Pastillas/Tabletas/Grageas"
"enalapril","20 mg comp.x 60","KINFIL","Siegfried","Antihipertensivo","Comprimidos/Pastillas/Tabletas/Grageas"
"enalapril","5 mg comp.x 30","SULOCTEN","Microsules Arg.","Antihipertensivo","Comprimidos/Pastillas/Tabletas/Grageas"
"enalapril","20 mg comp.x 60","RENITEC","Organon Arg.","Antihipertensivo","Comprimidos/Pastillas/Tabletas/Grageas"
"enalapril","20 mg comp.x 60","VAPRESAN","Temis-LostalÂ¢","Antihipertensivo","Comprimidos/Pastillas/Tabletas/Grageas"
"enalapril","20 mg comp.x 60","ENATRAL 20 MG","Lepetit","Antihipertensivo","Comprimidos/Pastillas/Tabletas/Grageas"
"enalapril","5 mg comp.x 60","GLIOTEN 5","BagÂ¢","Antihipertensivo","Comprimidos/Pastillas/Tabletas/Grageas"
"enalapril","10 mg comp.x 30","PRILTENK","Biotenk","Antihipertensivo","Comprimidos/Pastillas/Tabletas/Grageas"
"enalapril","5 mg comp.x 60","TENCAS","Casasco","Antihipertensivo","Comprimidos/Pastillas/Tabletas/Grageas"
"enalapril+hidroclorotiazida","comp.x 30","VAPRESAN DIUR","Temis-LostalÂ¢","Antihipertensivo Diuretico","Comprimidos/Pastillas/Tabletas/Grageas"
"enalapril+hidroclorotiazida","10 mg/25 mg comp.ran.x30","MAXEN D","Baliarda","Antihipertensivo Diuretico","Comprimidos/Pastillas/Tabletas/Grageas"
"enalapril+hidroclorotiazida","10 mg comp.x 30","PRESI REGUL D","Fabra","Antihipertensivo Diuretico","Comprimidos/Pastillas/Tabletas/Grageas"
"enalapril+hidroclorotiazida","10/25 mg comp.x 60","CO-RENITEC","Organon Arg.","Antihipertensivo Diuretico","Comprimidos/Pastillas/Tabletas/Grageas"
"enalapril+hidroclorotiazida","20/12.5 mg comp.x 30","TENCAS D","Casasco","Antihipertensivo Diuretico","Comprimidos/Pastillas/Tabletas/Grageas"
"enalapril+hidroclorotiazida","10 mg comp.x 20","PRESI REGUL D","Fabra","Antihipertensivo Diuretico","Comprimidos/Pastillas/Tabletas/Grageas"
"enalapril+hidroclorotiazida","10/25 mg comp.x 20","CO-RENITEC","Organon Arg.","Antihipertensivo Diuretico","Comprimidos/Pastillas/Tabletas/Grageas"
"enalapril+hidroclorotiazida","10 mg comp.x 30","GLIOTENZIDE 10/25","BagÂ¢","Antihipertensivo Diuretico","Comprimidos/Pastillas/Tabletas/Grageas"
"enalapril+hidroclorotiazida","10/25 mg comp.x 30","TENCAS D","Casasco","Antihipertensivo Diuretico","Comprimidos/Pastillas/Tabletas/Grageas"
"enalapril+hidroclorotiazida","20 mg comp.x 30","GLIOTENZIDE","BagÂ¢","Antihipertensivo Diuretico","Comprimidos/Pastillas/Tabletas/Grageas"
"enalapril+hidroclorotiazida","10 mg comp.x 30","SULOCTEN D","Microsules Arg.","Antihipertensivo Diuretico","Comprimidos/Pastillas/Tabletas/Grageas"
"enalapril+hidroclorotiazida","10/25 mg comp.x 30","KINFIL D","Siegfried","Antihipertensivo Diuretico","Comprimidos/Pastillas/Tabletas/Grageas"
"enalapril+hidroclorotiazida","10/25 mg comp.x 30","GADOPRIL D","Gador","Antihipertensivo Diuretico","Comprimidos/Pastillas/Tabletas/Grageas"
"enalapril+hidroclorotiazida","20/12.5 mg comp.x 60","CO-RENITEC","Organon Arg.","Antihipertensivo Diuretico","Comprimidos/Pastillas/Tabletas/Grageas"
"enalapril+hidroclorotiazida","comp.x 30","LOTRIAL D-20","Roemmers","Antihipertensivo Diuretico","Comprimidos/Pastillas/Tabletas/Grageas"
"enalapril+hidroclorotiazida","comp.x 30","LOTRIAL D","Roemmers","Antihipertensivo Diuretico","Comprimidos/Pastillas/Tabletas/Grageas"
"eritromicina","ung.oft.unids.x 1g x20 u","ERISINE","Lafedar","Antibiotico oftalmico","Geles oftÂ lmicos"
"eritromicina","4% gel x 30 g","ERI ACNE","AndrÂ¢maco","Antiacneico","Cremas/Geles/Pomadas/UngÂentos"
"eritromicina","E.S.400 mg susp.x 60 ml","PANTOMICINA 400","BagÂ¢","Antibiotico","Jarabe/SuspensiÂ¢n oral/Polvo para uso oral"
"eritromicina","pomo x 30 g","KITACNE","Fortbenton","Antiacneico","Cremas/Geles/Pomadas/UngÂentos"
"eritromicina","200 mg susp.ext.x 100 ml","ERISINE","Lafedar","Antibiotico","Jarabe/SuspensiÂ¢n oral/Polvo para uso oral"
"eritromicina","200 mg susp.ext.x 60 ml","ERISINE","Lafedar","Antibiotico","Jarabe/SuspensiÂ¢n oral/Polvo para uso oral"
"eritromicina","gts.oft.x 5 ml","ERITROMICINA ATLAS","Lab Internacion","Antibiotico oftalmico","Gotas oftÂ lmicas/Colirios"
"eritromicina","E.S.200 mg susp.x 100 ml","PANTOMICINA 200","BagÂ¢","Antibiotico","Jarabe/SuspensiÂ¢n oral/Polvo para uso oral"
"eritromicina","400 mg susp.ext.x 60 ml","ERISINE","Lafedar","Antibiotico","Jarabe/SuspensiÂ¢n oral/Polvo para uso oral"
"eritromicina","colirio x 5 ml","ERITROFARM","Poen","Antibiotico oftalmico","Gotas oftÂ lmicas/Colirios"
"eritromicina","4% gel x 30 g","ERISOL","CassarÂ","Antiacneico","Cremas/Geles/Pomadas/UngÂentos"
"eritromicina","gts.oft.prep.extemp.x5ml","OFTALMOLETS","Lab Internacion","Antibiotico oftalmico","Gotas oftÂ lmicas/Colirios"
"eritromicina","loc.x 100 ml","VALUCNE E 4%","Valuge","Antiacneico","SoluciÂ¢n de uso externo/LociÂ¢n"
"eritromicina","ung.oft.x 3.5 g","ERITROPLOS","Novoplos","Antibiotico oftalmico","Geles oftÂ lmicos"
"eritromicina","1000 mg comp.x 8","ERISINE","Lafedar","Antibiotico","Comprimidos/Pastillas/Tabletas/Grageas"
"eritromicina","gel x 30 ml","ERITRODERM","Siegfried","Antiacneico","Cremas/Geles/Pomadas/UngÂentos"
"eritromicina","ung.x 3.5 g","ERITROMICINA ELEA","Elea","Antibiotico oftalmico","Cremas/Geles/Pomadas/UngÂentos"
"eritromicina","500 mg comp.x 16","ERIT BIOQUIM","Duncan","Antibiotico","Comprimidos/Pastillas/Tabletas/Grageas"
"eritromicina","loc.x 50 ml","ERI LOCION","AndrÂ¢maco","Antibiotico topico","SoluciÂ¢n de uso externo/LociÂ¢n"
"eritromicina","500 mg comp.x 12","ERISINE","Lafedar","Antibiotico","Comprimidos/Pastillas/Tabletas/Grageas"
"eritromicina","fco.x 120 ml","ILOTICINA 4%","Siegfried","Antiacneico","SoluciÂ¢n de uso externo/LociÂ¢n"
"eritromicina","gts.oft.x 5 ml","ERISINE","Lafedar","Antibiotico oftalmico","Gotas oftÂ lmicas/Colirios"
"eritromicina","ung.oft.unidosis x 20","ERITROFARM","Poen","Antibiotico oftalmico","Geles oftÂ lmicos"
"eritromicina","comp.x 16","ERITROMICINA FABRA","Fabra","Antibiotico","Comprimidos/Pastillas/Tabletas/Grageas"
"eritromicina","gts.x 5 ml","ERITROMICINA ELEA","Elea","Antibiotico oftalmico","Gotas oftÂ lmicas/Colirios"
"eritromicina","E.S.500 mg comp.x 16","PANTOMICINA 500","BagÂ¢","Antibiotico","Comprimidos/Pastillas/Tabletas/Grageas"
"eritromicina","200 mg susp.x 60 ml","ERITROMICINA KLONAL","Klonal","Antibiotico","Jarabe/SuspensiÂ¢n oral/Polvo para uso oral"
"esomeprazol","10 mg sobres x 28","NEXIUM","AstraZeneca","Antiulceroso","Jarabe/SuspensiÂ¢n oral/Polvo para uso oral"
"esomeprazol","40 mg cÂ ps.x 56","ESOMEPRA 40 MG","Laboratorio Mil","Antiulceroso","CÂ psulas/Softgels"
"espiramicina","3 MUI comp.x 20","ROVAMYCINE","Sanofi-Aventis","Antibiotico","Comprimidos/Pastillas/Tabletas/Grageas"
"espironolactona","25 mg comp.x 30","ALDACTONE A","Pfizer","Diuretico","Comprimidos/Pastillas/Tabletas/Grageas"
"espironolactona","25 mg comp.x 30","KENOB 25","Montpellier","Diuretico","Comprimidos/Pastillas/Tabletas/Grageas"
"espironolactona","100 mg comp.x 30","ESPIMAX","Klonal","Diuretico","Comprimidos/Pastillas/Tabletas/Grageas"
"espironolactona","100 mg comp.birran.x 30","REDIUN-E 100","Baliarda","Diuretico","Comprimidos/Pastillas/Tabletas/Grageas"
"espironolactona","25 mg comp.x 30","ESPIMAX","Klonal","Diuretico","Comprimidos/Pastillas/Tabletas/Grageas"
"espironolactona","25 mg comp.x 30","ESPIRONOLACTONA DENVER FARMA","Denver Farma","Diuretico","Comprimidos/Pastillas/Tabletas/Grageas"
"espironolactona","25 mg comp.x 60","ALDACTONE A","Pfizer","Diuretico","Comprimidos/Pastillas/Tabletas/Grageas"
"espironolactona","100 mg comp.x 60","ALDACTONE A","Pfizer","Diuretico","Comprimidos/Pastillas/Tabletas/Grageas"
"espironolactona","50 mg comp.ran.x 30","REDIUN-E 50","Baliarda","Diuretico","Comprimidos/Pastillas/Tabletas/Grageas"
"espironolactona","100 mg comp.x 30","LANX","Elea","Diuretico","Comprimidos/Pastillas/Tabletas/Grageas"
"espironolactona","25 mg comp.ran.x 30","REDIUN-E 25","Baliarda","Diuretico","Comprimidos/Pastillas/Tabletas/Grageas"
"espironolactona","100 mg comp.x 30","MODULACTONE 100","Panalab","Diuretico","Comprimidos/Pastillas/Tabletas/Grageas"
"espironolactona","25 mg comp.x 30","LANX","Elea","Diuretico","Comprimidos/Pastillas/Tabletas/Grageas"
"espironolactona","25 mg comp.x 20","ALDACTONE A","Pfizer","Diuretico","Comprimidos/Pastillas/Tabletas/Grageas"
"espironolactona","100 mg comp.x 30","ALDACTONE A","Pfizer","Diuretico","Comprimidos/Pastillas/Tabletas/Grageas"
"espironolactona","25 mg comp.x 30","MODULACTONE 25","Panalab","Diuretico","Comprimidos/Pastillas/Tabletas/Grageas"
"espironolactona","100 mg comp.x 30","DRIMUX A","Gador","Diuretico","Comprimidos/Pastillas/Tabletas/Grageas"
"espironolactona","100 mg comp.x 30","KENOB 100","Montpellier","Diuretico","Comprimidos/Pastillas/Tabletas/Grageas"
"espironolactona","50 mg comp.x 30","DRIMUX A","Gador","Diuretico","Comprimidos/Pastillas/Tabletas/Grageas"
"espironolactona","50 mg comp.x 30","KENOB 50","Montpellier","Diuretico","Comprimidos/Pastillas/Tabletas/Grageas"
"espironolactona","50 mg comp.x 30","ALDACTONE A","Pfizer","Diuretico","Comprimidos/Pastillas/Tabletas/Grageas"
"espironolactona","100 mg comp.x 30","ESPIRONOLACTONA DENVER FARMA","Denver Farma","Diuretico","Comprimidos/Pastillas/Tabletas/Grageas"
"espironolactona","25 mg comp.x 30","DRIMUX A","Gador","Diuretico","Comprimidos/Pastillas/Tabletas/Grageas"
"espironolactona+furosemida","25/40 mg comp.x 30","ERROLON E","Siegfried","Diuretico","Comprimidos/Pastillas/Tabletas/Grageas"
"espironolactona+furosemida","25/20 mg comp.x 30","ERROLON E","Siegfried","Diuretico","Comprimidos/Pastillas/Tabletas/Grageas"
"espironolactona+furosemida","comp.x 60","ALDACTONE D 25/40","Pfizer","Diuretico","Comprimidos/Pastillas/Tabletas/Grageas"
"espironolactona+furosemida","comp.x 60","ALDACTONE D 25/20","Pfizer","Diuretico","Comprimidos/Pastillas/Tabletas/Grageas"
"espironolactona+furosemida","comp.x 30","ALDACTONE D 25/20","Pfizer","Diuretico","Comprimidos/Pastillas/Tabletas/Grageas"
"espironolactona+furosemida","comp.x 30","ALDACTONE D 25/40","Pfizer","Diuretico","Comprimidos/Pastillas/Tabletas/Grageas"
"estradiol","env.x 80 g","RONTAGEL","Ferring","Estrogenoterapia","Cremas/Geles/Pomadas/UngÂentos"
"estradiol","gel x 80 g","TRIAL GEL","Beta","Estrogenoterapia","Cremas/Geles/Pomadas/UngÂentos"
"estradiol","2 mg comp.x 28","PROGYNOVA","Adium","Estrogenoterapia","Comprimidos/Pastillas/Tabletas/Grageas"
"estradiol","2 mg comp.x 28","RONFASE","Pfizer","Estrogenoterapia","Comprimidos/Pastillas/Tabletas/Grageas"
"estradiol+noretisterona","jga.prell. x 1 ml","MESIGYNA","Bayer (PH)","Anticonceptivo","Jeringa prellenada"
"estradiol+noretisterona","iny.IM a.x 1 ml","MESIGYNA","Bayer (PH)","Anticonceptivo","Ampollas/Frascos-Ampolla/Liofilizados/Soluc.Parent"
"estriol","cr.x 15 g","MENOCLIM CREMA","Beta","Estrogenoterapia","Cremas/Geles/Pomadas/UngÂentos"
"estriol","Â¢v.x 10","ORGESTRIOL","Aspen Pharma","Estrogenoterapia","Ovulos/Comprimidos vaginales"
"estriol","Â¢v.x 15","COLPOESTRIOL","Temis-LostalÂ¢","Estrogenoterapia","Ovulos/Comprimidos vaginales"
"estriol","cr.x 15 g","COLPOESTRIOL","Temis-LostalÂ¢","Estrogenoterapia","Cremas/Geles/Pomadas/UngÂentos"
"estriol","Â¢v.x 10","MENOCLIM","Beta","Estrogenoterapia","Ovulos/Comprimidos vaginales"
"estriol","cr.vag.x 15 g c/aplic.","ORGESTRIOL","Aspen Pharma","Estrogenoterapia","Cremas/Geles/Pomadas/UngÂentos"
"etinilestradiol+gestodeno","comp.rec.x 28","LIVIANNE 28","PharmaDorf","Anticonceptivo","Comprimidos/Pastillas/Tabletas/Grageas"
"etinilestradiol+gestodeno","comp.rec.x 28","SECRET 28","Elea","Anticonceptivo","Comprimidos/Pastillas/Tabletas/Grageas"
"etinilestradiol+gestodeno","comp.rec.x 21","CUIDAFEM","Laboratorios Be","Anticonceptivo","Comprimidos/Pastillas/Tabletas/Grageas"
"etinilestradiol+gestodeno","comp.rec.x 28","ALELI","Laboratorios Be","Anticonceptivo","Comprimidos/Pastillas/Tabletas/Grageas"
"etinilestradiol+gestodeno","grag.x 21","FEMIANE","Adium","Anticonceptivo","Comprimidos/Pastillas/Tabletas/Grageas"
"etinilestradiol+gestodeno","comp.x 21","GINELEA MD","Elea","Anticonceptivo","Comprimidos/Pastillas/Tabletas/Grageas"
"etinilestradiol+gestodeno","comp.rec.x 28","VENISSE","PharmaDorf","Anticonceptivo","Comprimidos/Pastillas/Tabletas/Grageas"
"etinilestradiol+gestodeno","grag.x 21","GINELEA","Elea","Anovulatorio","Comprimidos/Pastillas/Tabletas/Grageas"
"etinilestradiol+gestodeno","comp.rec.x 21","BIOFEM","Biotenk","Anovulatorio","Comprimidos/Pastillas/Tabletas/Grageas"
"etinilestradiol+gestodeno","comp.x 28","GINELEA MD 28","Elea","Anticonceptivo","Comprimidos/Pastillas/Tabletas/Grageas"
"etoricoxib","90 mg comp.rec.x 14","COX-QUIN","Finadiet","Analgesico Antiinflam.","Comprimidos/Pastillas/Tabletas/Grageas"
"etoricoxib","120 mg comp.rec.x 10","DORICOXIB 120","Roemmers","Analgesico Antiinflam.","Comprimidos/Pastillas/Tabletas/Grageas"
"etoricoxib","60 mg comp.x 28","ETOREX","Sidus","Analgesico Antiinflam.","Comprimidos/Pastillas/Tabletas/Grageas"
"etoricoxib","60 mg comp.rec.x 30","COX-QUIN","Finadiet","Analgesico Antiinflam.","Comprimidos/Pastillas/Tabletas/Grageas"
"etoricoxib","90 mg comp.rec.x 30","ETIX","Siegfried","Analgesico Antiinflam.","Comprimidos/Pastillas/Tabletas/Grageas"
"etoricoxib","90 mg comp.rec.x 14","XUMER","Adium","Analgesico Antiinflam.","Comprimidos/Pastillas/Tabletas/Grageas"
"etoricoxib","60 mg comp.rec.x 14","RODICOX 60","Gâminis Farmacâ","Analgesico Antiinflam.","Comprimidos/Pastillas/Tabletas/Grageas"
"etoricoxib","90 mg comp.rec.x 28","ERICOB","Laboratorios Be","Analgesico Antiinflam.","Comprimidos/Pastillas/Tabletas/Grageas"
"etoricoxib","60 mg comp. x 28","SIATEX","Donato Zurlo","Analgesico Antiinflam.","Comprimidos/Pastillas/Tabletas/Grageas"
"etoricoxib","60 mg comp.x 28","FLOGOCOX 60","BagÂ¢","Analgesico Antiinflam.","Comprimidos/Pastillas/Tabletas/Grageas"
"etoricoxib","120 mg comp.rec.x 7","ARCOXIA","Organon Arg.","Analgesico Antiinflam.","Comprimidos/Pastillas/Tabletas/Grageas"
"etoricoxib","60 mg comp.rec.x 28","COX-QUIN","Finadiet","Analgesico Antiinflam.","Comprimidos/Pastillas/Tabletas/Grageas"
"etoricoxib","60 mg comp.rec.x 30","DORICOXIB 60","Roemmers","Analgesico Antiinflam.","Comprimidos/Pastillas/Tabletas/Grageas"
"etoricoxib","90 mg comp.x 28","OXUS 90","Eczane","Analgesico Antiinflam.","Comprimidos/Pastillas/Tabletas/Grageas"
"etoricoxib","90 mg comp.rec.x 10","ETIX","Siegfried","Analgesico Antiinflam.","Comprimidos/Pastillas/Tabletas/Grageas"
"etoricoxib","120 mg comp.rec.x 10","TALGIAX","Montpellier","Analgesico Antiinflam.","Comprimidos/Pastillas/Tabletas/Grageas"
"etoricoxib","60 mg comp.rec.x 28","XUMER","Adium","Analgesico Antiinflam.","Comprimidos/Pastillas/Tabletas/Grageas"
"etoricoxib","90 mg comp.rec.x 14","ERICOB","Laboratorios Be","Analgesico Antiinflam.","Comprimidos/Pastillas/Tabletas/Grageas"
"etoricoxib","60 mg comp.rec.x 14","COX-QUIN","Finadiet","Analgesico Antiinflam.","Comprimidos/Pastillas/Tabletas/Grageas"
"etoricoxib","60 mg comp.rec.x 10","DORICOXIB 60","Roemmers","Analgesico Antiinflam.","Comprimidos/Pastillas/Tabletas/Grageas"
"etoricoxib","90 mg comp.x 14","OXUS 90","Eczane","Analgesico Antiinflam.","Comprimidos/Pastillas/Tabletas/Grageas"
"etoricoxib","60 mg comp.rec.x 30","ETIX","Siegfried","Analgesico Antiinflam.","Comprimidos/Pastillas/Tabletas/Grageas"
"etoricoxib","90 mg cÂ ps. bl. x 28","FLOGOCOX CB 90","BagÂ¢","Analgesico Antiinflam.","CÂ psulas/Softgels"
"etoricoxib","90 mg comp.rec.x 30","RODICOX 90","Gâminis Farmacâ","Analgesico Antiinflam.","Comprimidos/Pastillas/Tabletas/Grageas"
"etoricoxib","90 mg comp.rec.x 28","CRACOX 90","Microsules Arg.","Analgesico Antiinflam.","Comprimidos/Pastillas/Tabletas/Grageas"
"etoricoxib","90 mg comp.rec.x 30","TALGIAX","Montpellier","Analgesico Antiinflam.","Comprimidos/Pastillas/Tabletas/Grageas"
"etoricoxib","60 mg comp.rec.x 14","XUMER","Adium","Analgesico Antiinflam.","Comprimidos/Pastillas/Tabletas/Grageas"
"etoricoxib","60 mg comp.rec.x 28","ERICOB","Laboratorios Be","Analgesico Antiinflam.","Comprimidos/Pastillas/Tabletas/Grageas"
"etoricoxib","120 mg comp.x 10","RODICOX 120","Gâminis Farmacâ","Analgesico Antiinflam.","Comprimidos/Pastillas/Tabletas/Grageas"
"etoricoxib","120 mg comp.x 7","BLOKIUM COX","Casasco","Analgesico Antiinflam.","Comprimidos/Pastillas/Tabletas/Grageas"
"etoricoxib","120 mg comp.rec.x 7","RODICOX 120","Gâminis Farmacâ","Analgesico Antiinflam.","Comprimidos/Pastillas/Tabletas/Grageas"
"etoricoxib","120 mg comp.x 7","COXAL","Beta","Analgesico Antiinflam.","Comprimidos/Pastillas/Tabletas/Grageas"
"etoricoxib","90 mg cÂ ps. bl. x 14","FLOGOCOX CB 90","BagÂ¢","Analgesico Antiinflam.","CÂ psulas/Softgels"
"etoricoxib","120 mg comp.x 7","ETOREX","Sidus","Analgesico Antiinflam.","Comprimidos/Pastillas/Tabletas/Grageas"
"etoricoxib","90 mg comp.rec.x 15","RODICOX 90","Gâminis Farmacâ","Analgesico Antiinflam.","Comprimidos/Pastillas/Tabletas/Grageas"
"etoricoxib","90 mg comp.rec.x 14","CRACOX 90","Microsules Arg.","Analgesico Antiinflam.","Comprimidos/Pastillas/Tabletas/Grageas"
"etoricoxib","90 mg comp.rec.x 15","TALGIAX","Montpellier","Analgesico Antiinflam.","Comprimidos/Pastillas/Tabletas/Grageas"
"etoricoxib","90 mg comp.rec.x 28","ARCOXIA","Organon Arg.","Analgesico Antiinflam.","Comprimidos/Pastillas/Tabletas/Grageas"
"etoricoxib","120 mg comp.rec.x 7","COX-QUIN","Finadiet","Analgesico Antiinflam.","Comprimidos/Pastillas/Tabletas/Grageas"
"etoricoxib","90 mg comp.rec.x 14","ARCOXIA","Organon Arg.","Analgesico Antiinflam.","Comprimidos/Pastillas/Tabletas/Grageas"
"etoricoxib","60 mg comp.rec.x 14","ERICOB","Laboratorios Be","Analgesico Antiinflam.","Comprimidos/Pastillas/Tabletas/Grageas"
"etoricoxib","120 mg comp.rec.x 10","DOLOCOX","Baliarda","Analgesico Antiinflam.","Comprimidos/Pastillas/Tabletas/Grageas"
"etoricoxib","90 mg comp.x 10","RODICOX 90","Gâminis Farmacâ","Analgesico Antiinflam.","Comprimidos/Pastillas/Tabletas/Grageas"
"etoricoxib","90 mg comp.x 28","BLOKIUM COX","Casasco","Analgesico Antiinflam.","Comprimidos/Pastillas/Tabletas/Grageas"
"etoricoxib","90 mg comp.rec.x 28","RODICOX 90","Gâminis Farmacâ","Analgesico Antiinflam.","Comprimidos/Pastillas/Tabletas/Grageas"
"etoricoxib","90 mg comp.x 28","COXAL","Beta","Analgesico Antiinflam.","Comprimidos/Pastillas/Tabletas/Grageas"
"etoricoxib","90 mg comp.x 30","ETORICOXIB TEVA","Teva Argentina","Antiinflam.Antirreumatico","Comprimidos/Pastillas/Tabletas/Grageas"
"etoricoxib","120 mg comp.rec.x 7","FLOGOCOX 120","BagÂ¢","Analgesico Antiinflam.","Comprimidos/Pastillas/Tabletas/Grageas"
"etoricoxib","120 mg cÂ ps. bl. x 7","FLOGOCOX CB 120","BagÂ¢","Analgesico Antiinflam.","CÂ psulas/Softgels"
"etoricoxib","90 mg comp.rec.x 30","DORICOXIB 90","Roemmers","Analgesico Antiinflam.","Comprimidos/Pastillas/Tabletas/Grageas"
"etoricoxib","90 mg comp.x 28","ETOREX","Sidus","Analgesico Antiinflam.","Comprimidos/Pastillas/Tabletas/Grageas"
"etoricoxib","60 mg comp.rec.x 30","TALGIAX","Montpellier","Analgesico Antiinflam.","Comprimidos/Pastillas/Tabletas/Grageas"
"etoricoxib","60 mg comp.rec.x 28","ARCOXIA","Organon Arg.","Analgesico Antiinflam.","Comprimidos/Pastillas/Tabletas/Grageas"
"etoricoxib","90 mg comp.rec.x 30","COX-QUIN","Finadiet","Analgesico Antiinflam.","Comprimidos/Pastillas/Tabletas/Grageas"
"etoricoxib","90 mg comp.rec.x 30","DOLOCOX","Baliarda","Analgesico Antiinflam.","Comprimidos/Pastillas/Tabletas/Grageas"
"etoricoxib","90 mg comp.x 14","BLOKIUM COX","Casasco","Analgesico Antiinflam.","Comprimidos/Pastillas/Tabletas/Grageas"
"etoricoxib","120 mg comp.rec.x 7","XUMER","Adium","Analgesico Antiinflam.","Comprimidos/Pastillas/Tabletas/Grageas"
"etoricoxib","90 mg comp.rec.x 10","DOLOCOX","Baliarda","Analgesico Antiinflam.","Comprimidos/Pastillas/Tabletas/Grageas"
"etoricoxib","90 mg comp.rec.x 14","RODICOX 90","Gâminis Farmacâ","Analgesico Antiinflam.","Comprimidos/Pastillas/Tabletas/Grageas"
"etoricoxib","90 mg comp. x 28","SIATEX","Donato Zurlo","Analgesico Antiinflam.","Comprimidos/Pastillas/Tabletas/Grageas"
"etoricoxib","90 mg comp.x 14","COXAL","Beta","Analgesico Antiinflam.","Comprimidos/Pastillas/Tabletas/Grageas"
"etoricoxib","90 mg comp.x 15","ETORICOXIB TEVA","Teva Argentina","Antiinflam.Antirreumatico","Comprimidos/Pastillas/Tabletas/Grageas"
"etoricoxib","90 mg comp.rec.x 28","FLOGOCOX 90","BagÂ¢","Analgesico Antiinflam.","Comprimidos/Pastillas/Tabletas/Grageas"
"etoricoxib","90 mg comp.rec.x 28","COX-QUIN","Finadiet","Analgesico Antiinflam.","Comprimidos/Pastillas/Tabletas/Grageas"
"etoricoxib","90 mg comp.rec.x 10","DORICOXIB 90","Roemmers","Analgesico Antiinflam.","Comprimidos/Pastillas/Tabletas/Grageas"
"etoricoxib","90 mg comp.x 14","ETOREX","Sidus","Analgesico Antiinflam.","Comprimidos/Pastillas/Tabletas/Grageas"
"etoricoxib","90 mg comp.rec.x 30","KINALGIN ETO","Teva Argentina","Analgesico Antiinflam.","Comprimidos/Pastillas/Tabletas/Grageas"
"etoricoxib","90 mg comp.rec.x 15","COX-QUIN","Finadiet","Analgesico Antiinflam.","Comprimidos/Pastillas/Tabletas/Grageas"
"etoricoxib","120 mg comp.rec.x 10","ETIX","Siegfried","Analgesico Antiinflam.","Comprimidos/Pastillas/Tabletas/Grageas"
"etoricoxib","60 mg comp.rec.x 30","DOLOCOX","Baliarda","Analgesico Antiinflam.","Comprimidos/Pastillas/Tabletas/Grageas"
"etoricoxib","60 mg comp.x 28","BLOKIUM COX","Casasco","Analgesico Antiinflam.","Comprimidos/Pastillas/Tabletas/Grageas"
"etoricoxib","90 mg comp.rec.x 28","XUMER","Adium","Analgesico Antiinflam.","Comprimidos/Pastillas/Tabletas/Grageas"
"etoricoxib","60 mg comp.rec.x 28","RODICOX 60","Gâminis Farmacâ","Analgesico Antiinflam.","Comprimidos/Pastillas/Tabletas/Grageas"
"etoricoxib","120 mg comp.rec.x 7","ERICOB","Laboratorios Be","Analgesico Antiinflam.","Comprimidos/Pastillas/Tabletas/Grageas"
"etoricoxib","90 mg comp. x 14","SIATEX","Donato Zurlo","Analgesico Antiinflam.","Comprimidos/Pastillas/Tabletas/Grageas"
"etoricoxib","60 mg comp.x 28","COXAL","Beta","Analgesico Antiinflam.","Comprimidos/Pastillas/Tabletas/Grageas"
"etoricoxib","90 mg comp.rec.x 14","FLOGOCOX 90","BagÂ¢","Analgesico Antiinflam.","Comprimidos/Pastillas/Tabletas/Grageas"
"etosuximida","lÂ¡q.x 120 ml","ZARONTIN","Elea","Anticonvulsivo","Jarabe/SuspensiÂ¢n oral/Polvo para uso oral"
"etosuximida","cÂ ps.x 25","ZARONTIN","Elea","Anticonvulsivo","CÂ psulas/Softgels"
"ezetimibe","10 mg comp.x 30","EZETROL","Organon Arg.","Inhibid.absorcion de colesterol","Comprimidos/Pastillas/Tabletas/Grageas"
"ezetimibe","10 mg comp.x 30","CORACIL","Gador","Inhibid.absorcion de colesterol","Comprimidos/Pastillas/Tabletas/Grageas"
"ezetimibe","10 mg comp.x 30","VADEL","Teva Argentina","Inhibid.absorcion de colesterol","Comprimidos/Pastillas/Tabletas/Grageas"
"ezetimibe","10 mg comp.x 28","ZETIA","Organon Arg.","Inhibid.absorcion de colesterol","Comprimidos/Pastillas/Tabletas/Grageas"
"ezetimibe","10 mg comp.x 30","NALECOL","Casasco","Inhibid.absorcion de colesterol","Comprimidos/Pastillas/Tabletas/Grageas"
"ezetimibe","10 mg comp.x 30","ALIPAS","Laboratorios Be","Inhibid.absorcion de colesterol","Comprimidos/Pastillas/Tabletas/Grageas"
"ezetimibe","10 mg comp.x 30","ALIN","Lazar","Inhibid.absorcion de colesterol","Comprimidos/Pastillas/Tabletas/Grageas"
"ezetimibe","10 mg comp.x 30","IXACOR","Roemmers","Inhibid.absorcion de colesterol","Comprimidos/Pastillas/Tabletas/Grageas"
"ezetimibe","10 mg comp.x 30","TRILIP","Elea","Inhibid.absorcion de colesterol","Comprimidos/Pastillas/Tabletas/Grageas"
"ezetimibe+fenofibrato","200/10mg comp.x60(30+30)","CRAVERIL DUO","Craveri","Hipolipemiante","Comprimidos/Pastillas/Tabletas/Grageas"
"ezetimibe+fenofibrato","200/10mg cÂ psx30+compx30","MINUSLIP DUO","Teva Argentina","Hipolipemiante","Comprimidos/Pastillas/Tabletas/Grageas"
"ezetimibe+simvastatin","10/10 mg comp.x 30","ALIPAS DUO","Laboratorios Be","Hipolipemiante","Comprimidos/Pastillas/Tabletas/Grageas"
"ezetimibe+simvastatin","10/40 mg comp.x 30","VYTORIN","Organon Arg.","Hipolipemiante","Comprimidos/Pastillas/Tabletas/Grageas"
"ezetimibe+simvastatin","10/80 mg comp.rec.x 30","COLEFLUX DUO","Lafedar","Hipolipemiante","Comprimidos/Pastillas/Tabletas/Grageas"
"ezetimibe+simvastatin","10/10 mg comp.x 30","VASOTENAL EZ","Roemmers","Hipolipemiante","Comprimidos/Pastillas/Tabletas/Grageas"
"ezetimibe+simvastatin","10/20 mg comp.x 30","VYTORIN","Organon Arg.","Hipolipemiante","Comprimidos/Pastillas/Tabletas/Grageas"
"ezetimibe+simvastatin","10/40 mg comp.x 30","REDUSTEROL DUO","Adium","Hipolipemiante","Comprimidos/Pastillas/Tabletas/Grageas"
"ezetimibe+simvastatin","10/40 mg comp.rec.x 30","COLEFLUX DUO","Lafedar","Hipolipemiante","Comprimidos/Pastillas/Tabletas/Grageas"
"ezetimibe+simvastatin","10/10 mg comp.x 30","VYTORIN","Organon Arg.","Hipolipemiante","Comprimidos/Pastillas/Tabletas/Grageas"
"ezetimibe+simvastatin","20/10 mg comp.x 30","VASOTENAL EZ","Roemmers","Hipolipemiante","Comprimidos/Pastillas/Tabletas/Grageas"
"ezetimibe+simvastatin","10/20 mg comp.x 30","REDUSTEROL DUO","Adium","Hipolipemiante","Comprimidos/Pastillas/Tabletas/Grageas"
"ezetimibe+simvastatin","10/20 mg comp.rec.x 30","COLEFLUX DUO","Lafedar","Hipolipemiante","Comprimidos/Pastillas/Tabletas/Grageas"
"ezetimibe+simvastatin","10/10 mg comp.x 30","REDUSTEROL DUO","Adium","Hipolipemiante","Comprimidos/Pastillas/Tabletas/Grageas"
"ezetimibe+simvastatin","10/10 mg comp.rec.x 30","COLEFLUX DUO","Lafedar","Hipolipemiante","Comprimidos/Pastillas/Tabletas/Grageas"
"ezetimibe+simvastatin","10/40 mg comp.x 30","ALIPAS DUO","Laboratorios Be","Hipolipemiante","Comprimidos/Pastillas/Tabletas/Grageas"
"ezetimibe+simvastatin","10/20 mg comp.x 30","ALIPAS DUO","Laboratorios Be","Hipolipemiante","Comprimidos/Pastillas/Tabletas/Grageas"
"famotidina","40 mg comp.x 30","GASTROSEDOL NF","Siegfried","Antiulceroso","Comprimidos/Pastillas/Tabletas/Grageas"
"famotidina","40 mg comp.x 30","TAURAL F 40","Roemmers","Antiulceroso","Comprimidos/Pastillas/Tabletas/Grageas"
"famotidina","40 mg comp.rec.x 60","LAZARTIDINA","Lazar","Antiulceroso","Comprimidos/Pastillas/Tabletas/Grageas"
"famotidina","20 mg comp.x 60","GASTROSEDOL NF","Siegfried","Antiulceroso","Comprimidos/Pastillas/Tabletas/Grageas"
"famotidina","40 mg comp.rec.x 30","LAZARTIDINA","Lazar","Antiulceroso","Comprimidos/Pastillas/Tabletas/Grageas"
"famotidina","20 mg comp.x 30","GASTROSEDOL NF","Siegfried","Antiulceroso","Comprimidos/Pastillas/Tabletas/Grageas"
"famotidina","20 mg comp.rec.x 60","LAZARTIDINA","Lazar","Antiulceroso","Comprimidos/Pastillas/Tabletas/Grageas"
"famotidina","20 mg comp.rec.x 30","LAZARTIDINA","Lazar","Antiulceroso","Comprimidos/Pastillas/Tabletas/Grageas"
"famotidina","20 mg susp.extemp.x 90ml","TAURAL F 20","Roemmers","Antiulceroso","Jarabe/SuspensiÂ¢n oral/Polvo para uso oral"
"famotidina","20 mg comp.x 60","TAURAL F 20","Roemmers","Antiulceroso","Comprimidos/Pastillas/Tabletas/Grageas"
"famotidina","20 mg comp.x 30","TAURAL F 20","Roemmers","Antiulceroso","Comprimidos/Pastillas/Tabletas/Grageas"
"fenilefrina+tropicamida","gts.oft.x 5 ml","SENSU","Bausch & Lomb A","Midriatico","Gotas oftÂ lmicas/Colirios"
"fenilefrina+tropicamida","colirio x 5 ml","FOTORRETIN","Poen","Midriatico","Gotas oftÂ lmicas/Colirios"
"fenilefrina+tropicamida","sol.oft.x 5 ml","TROPIOFTAL F","Denver Farma","Midriatico","Gotas oftÂ lmicas/Colirios"
"fenitoina","cÂ ps.x 60","EPAMIN","Elea","Anticonvulsivo","CÂ psulas/Softgels"
"fenitoina","100 mg comp.rec.x 30","FENITENK","Biotenk","Antiepileptico","Comprimidos/Pastillas/Tabletas/Grageas"
"fenitoina","100 mg cÂ ps.x 50","FENITOINA DENVER FARMA","Denver Farma","Anticonvulsivo","CÂ psulas/Softgels"
"fenitoina","lÂ¡q.x 120 ml","EPAMIN","Elea","Anticonvulsivo","Jarabe/SuspensiÂ¢n oral/Polvo para uso oral"
"fenitoina","cÂ ps.x 90","EPAMIN","Elea","Anticonvulsivo","CÂ psulas/Softgels"
"fenitoina","cÂ ps.x 30","EPAMIN","Elea","Anticonvulsivo","CÂ psulas/Softgels"
"fenitoina","100 mg comp.rec.x 60","FENITENK","Biotenk","Antiepileptico","Comprimidos/Pastillas/Tabletas/Grageas"
"fenitoina","100 mg cÂ ps.x 30","FENITOINA DENVER FARMA","Denver Farma","Anticonvulsivo","CÂ psulas/Softgels"
"fenofibrato","350 mg comp.rec.x 30","SCLEROFIN U.D.","Teva Argentina","Hipolipemiante","Comprimidos/Pastillas/Tabletas/Grageas"
"fenofibrato","160 mg cÂ ps.x 30","CONTROLIP","Abbott EPD","Hipolipemiante","CÂ psulas/Softgels"
"fenofibrato micronizado","200 mg cÂ ps.x 30","FENOSANE","Eczane","Hipolipemiante","CÂ psulas/Softgels"
"fenofibrato micronizado","200 mg cÂ ps.x 30","PROCETOKEN","Laboratorios Be","Hipolipemiante","CÂ psulas/Softgels"
"fenofibrato micronizado","200 mg cÂ ps.x 60","MINUSLIP","Teva Argentina","Hipolipemiante","CÂ psulas/Softgels"
"fenofibrato micronizado","200 mg cÂ ps.x 30","MINUSLIP","Teva Argentina","Hipolipemiante","CÂ psulas/Softgels"
"fenofibrato micronizado","200 mg cÂ ps.x 60","FENOFIBRATO MICRONIZADO RICHET","Richet","Hipolipemiante","CÂ psulas/Softgels"
"fenofibrato micronizado","comp.rec.x 30","CRAVERIL","Roemmers","Hipolipemiante","Comprimidos/Pastillas/Tabletas/Grageas"
"fenofibrato micronizado","200 mg cÂ ps.x 30","SEGREN","Casasco","Hipolipemiante","CÂ psulas/Softgels"
"fenofibrato micronizado","200 mg cÂ ps.x 30","FENOFIBRATO MICRONIZADO RICHET","Richet","Hipolipemiante","CÂ psulas/Softgels"
"fenofibrato micronizado","200 mg cÂ ps.x 60","TEMPLARIS","Francelab","Hipolipemiante","CÂ psulas/Softgels"
"fenofibrato micronizado","200 mg cÂ ps.x 30","LIPTUIN","Temis-LostalÂ¢","Hipolipemiante","CÂ psulas/Softgels"
"fenofibrato micronizado","cÂ ps.x 60","DAUNLIP","Montpellier","Hipolipemiante","CÂ psulas/Softgels"
"fenofibrato micronizado","100 mg comp.x 60","PROCETOKEN","Laboratorios Be","Hipolipemiante","Comprimidos/Pastillas/Tabletas/Grageas"
"fenofibrato micronizado","200 mg cÂ ps.x 30","TEMPLARIS","Francelab","Hipolipemiante","CÂ psulas/Softgels"
"fenofibrato micronizado","cÂ ps.x 30","DAUNLIP","Montpellier","Hipolipemiante","CÂ psulas/Softgels"
"fenofibrato micronizado","300 mg comp.x 30","PROCETOKEN","Laboratorios Be","Hipolipemiante","Comprimidos/Pastillas/Tabletas/Grageas"
"fenofibrato micronizado","comp.rec.x 60","CRAVERIL","Roemmers","Hipolipemiante","Comprimidos/Pastillas/Tabletas/Grageas"
"fenofibrico,ac.","135 mg cÂ ps.x 30","GADOLIP","Gador","Hipolipemiante","CÂ ps./Comp. de LiberaciÂ¢n Controlada"
"fenofibrico,ac.","45 mg cÂ ps.x 30","GADOLIP","Gador","Hipolipemiante","CÂ ps./Comp. de LiberaciÂ¢n Controlada"
"fenofibrico,ac.","135 mg cÂ ps.lib.prol.x30","MAGNOFEN","Baliarda","Hipolipemiante","CÂ ps./Comp. de LiberaciÂ¢n Controlada"
"fenofibrico,ac.","105 mg comp.x 30","LIPOMAX 105","BagÂ¢","Hipolipemiante","Comprimidos/Pastillas/Tabletas/Grageas"
"fenofibrico,ac.","45 mg cÂ ps.lib.prol.x 30","MAGNOFEN","Baliarda","Hipolipemiante","CÂ ps./Comp. de LiberaciÂ¢n Controlada"
"fenofibrico,ac.","35 mg comp.x 30","LIPOMAX 35","BagÂ¢","Hipolipemiante","Comprimidos/Pastillas/Tabletas/Grageas"
"fenofibrico,ac.","135 mg cÂ ps.lib.prol.x30","SERUBEL 135","Montpellier","Hipolipemiante","CÂ ps./Comp. de LiberaciÂ¢n Controlada"
"fenofibrico,ac.","105 mg comp.x 30","MAGNOFEN TAB","Baliarda","Hipolipemiante","Comprimidos/Pastillas/Tabletas/Grageas"
"fenofibrico,ac.","135 mg cÂ ps.lib.prol.x30","CRAVERIL XR","Roemmers","Hipolipemiante","CÂ ps./Comp. de LiberaciÂ¢n Controlada"
"fenofibrico,ac.","45 mg cÂ ps.lib.prol.x 30","SERUBEL 45","Montpellier","Hipolipemiante","CÂ ps./Comp. de LiberaciÂ¢n Controlada"
"fenofibrico,ac.","45 mg cÂ ps.lib.prol.x 30","CRAVERIL XR","Roemmers","Hipolipemiante","CÂ ps./Comp. de LiberaciÂ¢n Controlada"
"fenofibrico,ac.","45 mg cÂ ps.x 30","PROCETOKEN XR","Laboratorios Be","Hipolipemiante","CÂ ps./Comp. de LiberaciÂ¢n Controlada"
"fenofibrico,ac.","135 mg cÂ ps.x 30","PROCETOKEN XR","Laboratorios Be","Hipolipemiante","CÂ ps./Comp. de LiberaciÂ¢n Controlada"
"fenoterol","aerosol hfa x 10 ml","BEROTEC HFA","Boehringer Inge","Broncodilatador","Sprays/Aerosoles/Soluc.p/nebulizar CON APLICADOR"
"fenoximetilpenicilina","1500000 UI comp.x 12","FENOXIPEN","Lafedar","Antibiotico","Comprimidos/Pastillas/Tabletas/Grageas"
"fenoximetilpenicilina","300000 UI/5ml jbe.x100ml","FENOXIMETILPENICILINA FABRA","Fabra","Antibiotico","Jarabe/SuspensiÂ¢n oral/Polvo para uso oral"
"fenoximetilpenicilina","1000000 UI comp.x 24","FENOXIPEN","Lafedar","Antibiotico","Comprimidos/Pastillas/Tabletas/Grageas"
"fenoximetilpenicilina","1500000 UI comp.x 12","PENICILINA ORAL RICHET","Richet","Antibiotico","Comprimidos/Pastillas/Tabletas/Grageas"
"fenoximetilpenicilina","1500000 UI comp.x 12","PENFANTIL ORAL","Klonal","Antibiotico","Comprimidos/Pastillas/Tabletas/Grageas"
"fenoximetilpenicilina","1500000 UI comp.x 24","FENOXIPEN","Lafedar","Antibiotico","Comprimidos/Pastillas/Tabletas/Grageas"
"fenoximetilpenicilina","1500000 UI comp.x 18","PENICILINA ORAL RICHET","Richet","Antibiotico","Comprimidos/Pastillas/Tabletas/Grageas"
"fenoximetilpenicilina","1000000 UI comp.x 18","PENICILINA ORAL RICHET","Richet","Antibiotico","Comprimidos/Pastillas/Tabletas/Grageas"
"fenoximetilpenicilina","1500000 UI comp.x 12","FENOXIMETILPENICILINA FABRA","Fabra","Antibiotico","Comprimidos/Pastillas/Tabletas/Grageas"
"fenoximetilpenicilina","1000000 UI comp.x 18","FENOXIPEN","Lafedar","Antibiotico","Comprimidos/Pastillas/Tabletas/Grageas"
"fenoximetilpenicilina","1000000 UI comp.x 12","FENOXIMETILPENICILINA FABRA","Fabra","Antibiotico","Comprimidos/Pastillas/Tabletas/Grageas"
"fenoximetilpenicilina","500000 UI comp.x 18","PEN ORAL","Lepetit","Antibiotico","Comprimidos/Pastillas/Tabletas/Grageas"
"fenoximetilpenicilina","1500000 UI comp.x 18","FENOXIPEN","Lafedar","Antibiotico","Comprimidos/Pastillas/Tabletas/Grageas"
"fenoximetilpenicilina","1000000 UI comp.x 24","PENICILINA ORAL RICHET","Richet","Antibiotico","Comprimidos/Pastillas/Tabletas/Grageas"
"fenoximetilpenicilina","1500000 UI comp.x 20","PEN ORAL","Lepetit","Antibiotico","Comprimidos/Pastillas/Tabletas/Grageas"
"fenoximetilpenicilina","1500000 UI comp.x 24","PENICILINA ORAL RICHET","Richet","Antibiotico","Comprimidos/Pastillas/Tabletas/Grageas"
"fenoximetilpenicilina","jbe.concent.x 60 g","PEN ORAL","Lepetit","Antibiotico","Jarabe/SuspensiÂ¢n oral/Polvo para uso oral"
"fenoximetilpenicilina","jbe.concent.x 90 g","PEN ORAL","Lepetit","Antibiotico","Jarabe/SuspensiÂ¢n oral/Polvo para uso oral"
"fenoximetilpenicilina","300000 UI/5ml jbe.x100ml","FENOXIPEN","Lafedar","Antibiotico","Jarabe/SuspensiÂ¢n oral/Polvo para uso oral"
"fenoximetilpenicilina","1000000 UI comp.x 12","PENICILINA ORAL RICHET","Richet","Antibiotico","Comprimidos/Pastillas/Tabletas/Grageas"
"fenoximetilpenicilina","1000000 UI comp.x 20","PEN ORAL","Lepetit","Antibiotico","Comprimidos/Pastillas/Tabletas/Grageas"
"fenoximetilpenicilina","1500000 UI comp.x 18","PEN ORAL","Lepetit","Antibiotico","Comprimidos/Pastillas/Tabletas/Grageas"
"fenoximetilpenicilina","300000 UI/5ml jbe.x180ml","GRAMPENIL","Siegfried","Antibiotico","Jarabe/SuspensiÂ¢n oral/Polvo para uso oral"
"fenoximetilpenicilina","1000000 UI comp.x 12","FENOXIPEN","Lafedar","Antibiotico","Comprimidos/Pastillas/Tabletas/Grageas"
"fenoximetilpenicilina","300000UI/5ml susp.x100ml","PENFANTIL ORAL","Klonal","Antibiotico","Jarabe/SuspensiÂ¢n oral/Polvo para uso oral"
"fenoximetilpenicilina","1000000 UI comp.x 18","PEN ORAL","Lepetit","Antibiotico","Comprimidos/Pastillas/Tabletas/Grageas"
"fenoximetilpenicilina","300000 UI/5ml jbe.x120ml","GRAMPENIL","Siegfried","Antibiotico","Jarabe/SuspensiÂ¢n oral/Polvo para uso oral"
"fexofenadina","180 mg comp.rec.x 20","ALERFEDINE","Lazar","Antihistaminico","Comprimidos/Pastillas/Tabletas/Grageas"
"fexofenadina","180 mg comp.x 10","ALERCAS","Casasco","Antihistaminico","Comprimidos/Pastillas/Tabletas/Grageas"
"fexofenadina","120 mg comp.rec.x 10","ALERFEDINE","Lazar","Antihistaminico","Comprimidos/Pastillas/Tabletas/Grageas"
"fexofenadina","180 mg comp.rec.x 10","ALERFEDINE","Lazar","Antihistaminico","Comprimidos/Pastillas/Tabletas/Grageas"
"fexofenadina","susp. x 90 ml","ALERCAS","Casasco","Antihistaminico","Jarabe/SuspensiÂ¢n oral/Polvo para uso oral"
"fexofenadina","susp.oral x 100 ml","ALERFEDINE","Lazar","Antihistaminico","Jarabe/SuspensiÂ¢n oral/Polvo para uso oral"
"fexofenadina","60 mg comp.x 10","ALERCAS","Casasco","Antihistaminico","Comprimidos/Pastillas/Tabletas/Grageas"
"fexofenadina","susp.x 150 ml","ALLEGRA","Opella Healthca","Antihistaminico","Jarabe/SuspensiÂ¢n oral/Polvo para uso oral"
"fexofenadina","susp. x 150 ml","ALERCAS","Casasco","Antihistaminico","Jarabe/SuspensiÂ¢n oral/Polvo para uso oral"
"fexofenadina","180 mg comp.x 20","MUDANTIL F","Gâminis Farmacâ","Antihistaminico","Comprimidos/Pastillas/Tabletas/Grageas"
"fexofenadina","180 mg comp.x 10","ALLEGRA","Opella Healthca","Antihistaminico","Comprimidos/Pastillas/Tabletas/Grageas"
"fexofenadina","180 mg comp.x 10","MUDANTIL F","Gâminis Farmacâ","Antihistaminico","Comprimidos/Pastillas/Tabletas/Grageas"
"fexofenadina","180 mg comp.x 10","VAGRAN 180","Finadiet","Antihistaminico","Comprimidos/Pastillas/Tabletas/Grageas"
"fexofenadina","180 mg comp.rec.x 10","ALERTIAL","Baliarda","Antihistaminico","Comprimidos/Pastillas/Tabletas/Grageas"
"fexofenadina","120 mg comp.x 30","MUDANTIL F","Gâminis Farmacâ","Antihistaminico","Comprimidos/Pastillas/Tabletas/Grageas"
"fexofenadina","120 mg comp.x 30","VAGRAN 120","Finadiet","Antihistaminico","Comprimidos/Pastillas/Tabletas/Grageas"
"fexofenadina","120 mg comp.x 30","ALERCAS","Casasco","Antihistaminico","Comprimidos/Pastillas/Tabletas/Grageas"
"fexofenadina","120 mg comp.rec.x 10","ALERTIAL","Baliarda","Antihistaminico","Comprimidos/Pastillas/Tabletas/Grageas"
"fexofenadina","120 mg comp.x 10","MUDANTIL F","Gâminis Farmacâ","Antihistaminico","Comprimidos/Pastillas/Tabletas/Grageas"
"fexofenadina","120 mg comp.rec.x 30","ALERFEDINE","Lazar","Antihistaminico","Comprimidos/Pastillas/Tabletas/Grageas"
"fexofenadina","120 mg comp.x 10","VAGRAN 120","Finadiet","Antihistaminico","Comprimidos/Pastillas/Tabletas/Grageas"
"fexofenadina","120 mg comp.x 10","ALERCAS","Casasco","Antihistaminico","Comprimidos/Pastillas/Tabletas/Grageas"
"finasteride","5 mg comp.rec.x 30","PROSTANIL","Austral","Inhibidor de la conv.testost.","Comprimidos/Pastillas/Tabletas/Grageas"
"finasteride","5 mg comp.rec.x 30","FINTERAC","Eurolab","Inhibidor de la conv.testost.","Comprimidos/Pastillas/Tabletas/Grageas"
"finasteride","5 mg comp.x 30","PROSMIN","Biotenk","Inhibidor de la conv.testost.","Comprimidos/Pastillas/Tabletas/Grageas"
"finasteride","comp.x 30","PROSCAR","Organon Arg.","Inhibidor de la conv.testost.","Comprimidos/Pastillas/Tabletas/Grageas"
"finasteride","5 mg comp.x 30","Q-PROST","Ariston","Inhibidor de la conv.testost.","Comprimidos/Pastillas/Tabletas/Grageas"
"finasteride","comp.rec.x 30","FINASTERIN","Finadiet","Inhibidor de la conv.testost.","Comprimidos/Pastillas/Tabletas/Grageas"
"finasteride","comp.rec.x 60","FINASTERIN","Finadiet","Inhibidor de la conv.testost.","Comprimidos/Pastillas/Tabletas/Grageas"
"finasteride","5 mg comp.rec.x 56","HPB PANALAB","Panalab","Inhibidor de la conv.testost.","Comprimidos/Pastillas/Tabletas/Grageas"
"finasteride","5 mg comp.rec.x 28","HPB PANALAB","Panalab","Inhibidor de la conv.testost.","Comprimidos/Pastillas/Tabletas/Grageas"
"finasteride","comp.x 30","FLUTIAMIK","Microsules Arg.","Inhibidor de la conv.testost.","Comprimidos/Pastillas/Tabletas/Grageas"
"finasteride","5 mg comp.x 30","PROSTENE","Teva Argentina","Inhibidor de la conv.testost.","Comprimidos/Pastillas/Tabletas/Grageas"
"flecainida","200 mg cÂ ps.lib.prol.x30","FLENOMID XR","Elea","Antiarritmico","CÂ ps./Comp. de LiberaciÂ¢n Controlada"
"flecainida","100 mg cÂ ps.lib.prol.x30","FLENOMID XR","Elea","Antiarritmico","CÂ ps./Comp. de LiberaciÂ¢n Controlada"
"flecainida","comp.x 60","DIONDEL","Roemmers","Antiarritmico","Comprimidos/Pastillas/Tabletas/Grageas"
"flecainida","comp.x 50","DIONDEL","Roemmers","Antiarritmico","Comprimidos/Pastillas/Tabletas/Grageas"
"fluconazol","150 mg comp.x 8","ANTIMICON","Casasco","Antimicotico","Comprimidos/Pastillas/Tabletas/Grageas"
"fluconazol","150 mg comp.x 4","FLUCOLAF","Lafedar","Antimicotico","Comprimidos/Pastillas/Tabletas/Grageas"
"fluconazol","150 mg cÂ ps.x 4","MICOLIS NOVO","Roemmers","Antimicotico","CÂ psulas/Softgels"
"fluconazol","cÂ ps.oral x 8","HONGUIL PLUS","Megalabs Argent","Antimicotico","CÂ psulas/Softgels"
"fluconazol","150 mg comp.x 1","MUTUM","Adium","Antimicotico","Comprimidos/Pastillas/Tabletas/Grageas"
"fluconazol","150 mg comp.x 4","FLUZOL","Megalabs Argent","Antimicotico","Comprimidos/Pastillas/Tabletas/Grageas"
"fluconazol","150 mg comp.x 2","FLUPEC","AndrÂ¢maco","Antimicotico","Comprimidos/Pastillas/Tabletas/Grageas"
"fluconazol","200 mg comp.x 12","FUNGOCINA","Lazar","Antimicotico","Comprimidos/Pastillas/Tabletas/Grageas"
"fluconazol","150 mg comp.x 4","FUNGOCINA","Lazar","Antimicotico","Comprimidos/Pastillas/Tabletas/Grageas"
"fluconazol","150 mg comp.x 2","KLONARIZOL","Klonal","Antimicotico","Comprimidos/Pastillas/Tabletas/Grageas"
"fluconazol","150 mg comp.x 8","FLUCONAZOL RICHET","Richet","Antimicotico","Comprimidos/Pastillas/Tabletas/Grageas"
"fluconazol","150 mg comp.x 8","NIMIC 150","Gâminis Farmacâ","Antimicotico uso sistemico","Comprimidos/Pastillas/Tabletas/Grageas"
"fluconazol","200 mg comp.x 10","FLUCONAZOL RICHET","Richet","Antimicotico","Comprimidos/Pastillas/Tabletas/Grageas"
"fluconazol","150 mg comp.x 2","FLUCOLAF","Lafedar","Antimicotico","Comprimidos/Pastillas/Tabletas/Grageas"
"fluconazol","150 mg comp.x 8","KEMICOL F 150","Fecofar","Antimicotico","Comprimidos/Pastillas/Tabletas/Grageas"
"fluconazol","150 mg comp.x 8","FUNGOCINA","Lazar","Antimicotico","Comprimidos/Pastillas/Tabletas/Grageas"
"fluconazol","200 mg comp.x 30","MUTUM","Adium","Antimicotico","Comprimidos/Pastillas/Tabletas/Grageas"
"fluconazol","150 mg comp.x 4","FLUCONAZOL RICHET","Richet","Antimicotico","Comprimidos/Pastillas/Tabletas/Grageas"
"fluconazol","150 mg comp.x 4","NIMIC 150","Gâminis Farmacâ","Antimicotico uso sistemico","Comprimidos/Pastillas/Tabletas/Grageas"
"fluconazol","150 mg comp.x 2","FLUCONAZOL RICHET","Richet","Antimicotico","Comprimidos/Pastillas/Tabletas/Grageas"
"fluconazol","150 mg comp.x 1","FLUCOLAF","Lafedar","Antimicotico","Comprimidos/Pastillas/Tabletas/Grageas"
"fluconazol","150 mg comp.x 4","KEMICOL F 150","Fecofar","Antimicotico","Comprimidos/Pastillas/Tabletas/Grageas"
"fluconazol","cÂ ps.oral x 4","HONGUIL PLUS","Megalabs Argent","Antimicotico","CÂ psulas/Softgels"
"fluconazol","150 mg comp.x 8","PONARIS","Panalab","Antimicotico","Comprimidos/Pastillas/Tabletas/Grageas"
"fluconazol","150 mg cÂ ps.x 2","MICOLIS NOVO","Roemmers","Antimicotico","CÂ psulas/Softgels"
"fluconazol","100 mg comp.x 16","FUNGOCINA","Lazar","Antimicotico","Comprimidos/Pastillas/Tabletas/Grageas"
"fluconazol","cÂ ps.x 4","MICORAL FLUCO","Siegfried","Antimicotico","CÂ psulas/Softgels"
"fluconazol","150 mg comp.x 2","NIMIC 150","Gâminis Farmacâ","Antimicotico uso sistemico","Comprimidos/Pastillas/Tabletas/Grageas"
"fluconazol","150 mg comp.x 1","FLUCONAZOL RICHET","Richet","Antimicotico","Comprimidos/Pastillas/Tabletas/Grageas"
"fluconazol","100 mg comp.x 9","FLUCOLAF","Lafedar","Antimicotico","Comprimidos/Pastillas/Tabletas/Grageas"
"fluconazol","150 mg comp.x 2","KEMICOL F 150","Fecofar","Antimicotico","Comprimidos/Pastillas/Tabletas/Grageas"
"fluconazol","150 mg comp.ran.x 1","FLUCOGINKAN","Baliarda","Antimicotico","Comprimidos/Pastillas/Tabletas/Grageas"
"fluconazol","150 mg comp.x 4","PONARIS","Panalab","Antimicotico","Comprimidos/Pastillas/Tabletas/Grageas"
"fluconazol","150 mg comp.x 4","ANTIMICON","Casasco","Antimicotico","Comprimidos/Pastillas/Tabletas/Grageas"
"fluconazol","150 mg comp.x 2","NIPAR 150","Biotenk","Antimicotico uso sistemico","Comprimidos/Pastillas/Tabletas/Grageas"
"fluconazol","150 mg comp.ran.x 4","FLUCOGINKAN","Baliarda","Antimicotico","Comprimidos/Pastillas/Tabletas/Grageas"
"fluconazol","cÂ ps.x 2","MICORAL FLUCO","Siegfried","Antimicotico","CÂ psulas/Softgels"
"fluconazol","150 mg comp.x 1","NIMIC 150","Gâminis Farmacâ","Antimicotico uso sistemico","Comprimidos/Pastillas/Tabletas/Grageas"
"fluconazol","50mg/5ml susp.oral x35ml","FLUCONAZOL RICHET","Richet","Antimicotico","Jarabe/SuspensiÂ¢n oral/Polvo para uso oral"
"fluconazol","100 mg comp.x 10","FLUCONAZOL RICHET","Richet","Antimicotico","Comprimidos/Pastillas/Tabletas/Grageas"
"fluconazol","150 mg cÂ ps.x 4","PERIPLUM","Fortbenton","Antimicotico","CÂ psulas/Softgels"
"fluconazol","50 mg comp.x 9","FLUCOLAF","Lafedar","Antimicotico","Comprimidos/Pastillas/Tabletas/Grageas"
"fluconazol","150 mg comp.x 1","KEMICOL F 150","Fecofar","Antimicotico","Comprimidos/Pastillas/Tabletas/Grageas"
"fluconazol","comp.x 2","FLUCONAZOL FABRA 150","Fabra","Antimicotico","Comprimidos/Pastillas/Tabletas/Grageas"
"fluconazol","150 mg comp.x 2","ANTIMICON","Casasco","Antimicotico","Comprimidos/Pastillas/Tabletas/Grageas"
"fluconazol","150 mg comp.ran.x 2","FLUCOGINKAN","Baliarda","Antimicotico","Comprimidos/Pastillas/Tabletas/Grageas"
"fluconazol","150 mg comp.rec.x 1","FUNGOTOTAL GYNO","Trb-Pharma","Antimicotico","Comprimidos/Pastillas/Tabletas/Grageas"
"fluconazol","cÂ ps.x 1","MICORAL FLUCO","Siegfried","Antimicotico","CÂ psulas/Softgels"
"fluconazol","150 mg comp.x 8","FLUPEC","AndrÂ¢maco","Antimicotico","Comprimidos/Pastillas/Tabletas/Grageas"
"fluconazol","150 mg cÂ ps.x 2","PERIPLUM","Fortbenton","Antimicotico","CÂ psulas/Softgels"
"fluconazol","50 mg comp.x 3","FLUCOLAF","Lafedar","Antimicotico","Comprimidos/Pastillas/Tabletas/Grageas"
"fluconazol","150 mg comp.x 8","MUTUM","Adium","Antimicotico","Comprimidos/Pastillas/Tabletas/Grageas"
"fluconazol","150 mg comp.x 2","FLUCONAZOL VANNIER","Vannier","Antimicotico","Comprimidos/Pastillas/Tabletas/Grageas"
"fluconazol","cÂ ps.oral x 2","HONGUIL PLUS","Megalabs Argent","Antimicotico","CÂ psulas/Softgels"
"fluconazol","150 mg comp.x 4","FLUCONAL","Craveri","Antimicotico","Comprimidos/Pastillas/Tabletas/Grageas"
"fluconazol","150 mg comp.x 2","FUNGOCINA","Lazar","Antimicotico","Comprimidos/Pastillas/Tabletas/Grageas"
"fluconazol","200 mg comp.x 10","MUTUM","Adium","Antimicotico","Comprimidos/Pastillas/Tabletas/Grageas"
"fluconazol","150 mg comp.x 4","MUTUM","Adium","Antimicotico","Comprimidos/Pastillas/Tabletas/Grageas"
"fluconazol","150 mg comp.ran.x 4","FLUCODERM","CassarÂ","Antimicotico","Comprimidos/Pastillas/Tabletas/Grageas"
"fluconazol","150 mg comp.x 2","MUTUM","Adium","Antimicotico","Comprimidos/Pastillas/Tabletas/Grageas"
"fluconazol","150 mg comp.x 4","FLUPEC","AndrÂ¢maco","Antimicotico","Comprimidos/Pastillas/Tabletas/Grageas"
"fluconazol","100 mg comp.x 15","MUTUM","Adium","Antimicotico","Comprimidos/Pastillas/Tabletas/Grageas"
"fluconazol","150 mg cÂ ps.x 8","PERIPLUM","Fortbenton","Antimicotico","CÂ psulas/Softgels"
"fluconazol","cÂ ps.oral x 1","HONGUIL PLUS","Megalabs Argent","Antimicotico","CÂ psulas/Softgels"
"fluconazol","150 mg comp.x 2","FLUCONAL","Craveri","Antimicotico","Comprimidos/Pastillas/Tabletas/Grageas"
"fluconazol","150 mg comp.x 1","FUNGOCINA","Lazar","Antimicotico","Comprimidos/Pastillas/Tabletas/Grageas"
"fluconazol","200 mg comp.x 30","FLUCONAZOL RICHET","Richet","Antimicotico","Comprimidos/Pastillas/Tabletas/Grageas"
"fludrocortisona","comp.x 50","LONIKAN","Elea","Antialergico Antiinflamatorio","Comprimidos/Pastillas/Tabletas/Grageas"
"fluticasona","250 mcg inh.dosis x 60","FLIXOTIDE","GlaxoSmithKline","Antiasmatico","Sprays/Aerosoles/Soluciones para nebulizar"
"fluticasona","50mcg spray nas.x120 ds.","FLUTICORT","CassarÂ","Antiasmatico","Sprays/Aerosoles/Soluciones para nebulizar"
"fluticasona","250 mcg inh. dosis x 120","FLIXOTIDE","GlaxoSmithKline","Antiasmatico","Sprays/Aerosoles/Soluciones para nebulizar"
"fluticasona","spray nasal x 120 ds.","INHALAN","Casasco","Corticosteroide topico","Sprays/Aerosoles/Soluciones para nebulizar"
"fluticasona","spray nasal x 120 ds.","LIDIL CORT","Roemmers","Antialergico Antiinflamatorio","Sprays/Aerosoles/Soluciones para nebulizar"
"fluticasona","125 mcg inh. dosis x 120","FLIXOTIDE","GlaxoSmithKline","Antiasmatico","Sprays/Aerosoles/Soluciones para nebulizar"
"fluticasona","spray nasal x 60 ds.","INHALAN","Casasco","Corticosteroide topico","Sprays/Aerosoles/Soluciones para nebulizar"
"fluticasona","susp.ac.nasal x 120 ds.","PROAIR NASAL","Montpellier","Antialergico Antiinflamatorio","Sprays/Aerosoles/Soluciones para nebulizar"
"fluticasona","50 mcg spray nas.x60 ds.","FLUTICORT","CassarÂ","Antiasmatico","Sprays/Aerosoles/Soluciones para nebulizar"
"fluticasona","spray nasal x 120 ds.","BRONQUILAIR NASAL","Lab Internacion","Antialergico Antiinflamatorio","Sprays/Aerosoles/Soluciones para nebulizar"
"fluticasona","250 mcg aer.hfa x 120ds.","FLUTICORT","CassarÂ","Antiasmatico","Sprays/Aerosoles/Soluciones para nebulizar"
"fluticasona","125 mcg inh. dosis x 60","FLIXOTIDE","GlaxoSmithKline","Antiasmatico","Sprays/Aerosoles/Soluciones para nebulizar"
"fluticasona","125 mcg aer.hfa x 120ds.","FLUTICORT","CassarÂ","Antiasmatico","Sprays/Aerosoles/Soluciones para nebulizar"
"fluticasona","50 mcg inh. dosis x 120","FLIXOTIDE","GlaxoSmithKline","Antiasmatico","Sprays/Aerosoles/Soluciones para nebulizar"
"fluticasona","inh.dosis x 120","FLIXONASE ACUOSO NASAL","GlaxoSmithKline","Antialergico Antiinflamatorio","Sprays/Aerosoles/Soluciones para nebulizar"
"fluticasona","susp.ac.nasal x 60 ds.","PROAIR NASAL","Montpellier","Antialergico Antiinflamatorio","Sprays/Aerosoles/Soluciones para nebulizar"
"fluticasona","50mcg spray nasalx120ds.","DEXALERGIN CORT","Teva Argentina","Antialergico Antiinflamatorio","Sprays/Aerosoles/Soluciones para nebulizar"
"fluticasona","spray nasal x 60 ds.","LIDIL CORT","Roemmers","Antialergico Antiinflamatorio","Sprays/Aerosoles/Soluciones para nebulizar"
"fluticasona+salmeterol","50/500 mcg dosis x 60","SERETIDE DISKUS","GlaxoSmithKline","Antiinflam.respirat.Broncodil.","CÂ psulas para inhalar+aplicador"
"fluticasona+salmeterol","125/25mcg aer.x 120dosis","PROAIR BRONQUIAL","Montpellier","Antiasmatico","Sprays/Aerosoles/Soluciones para nebulizar"
"fluticasona+salmeterol","250/25 mcg dosis x 120","FLUTIVENT HFA","CassarÂ","Antiinflam.respirat.Broncodil.","Sprays/Aerosoles/Soluciones para nebulizar"
"fluticasona+salmeterol","250/25 c/cont.dosis x120","ASMABRON","Denver Farma","Antiinflam.respirat.Broncodil.","Sprays/Aerosoles/Soluciones para nebulizar"
"fluticasona+salmeterol","25/250mcg HFA dosis x120","SERETIDE AEROSOL HFA","GlaxoSmithKline","Antiinflam.respirat.Broncodil.","Sprays/Aerosoles/Soluciones para nebulizar"
"fluticasona+salmeterol","125/25 mcg aer.x 120 ds.","ASMABRON","Denver Farma","Antiinflam.respirat.Broncodil.","Sprays/Aerosoles/Soluciones para nebulizar"
"fluticasona+salmeterol","125/25 mcg x 120 dosis","NEUMOTIDE AEROSOL","Elea","Antiinflam.respirat.Broncodil.","Sprays/Aerosoles/Soluciones para nebulizar"
"fluticasona+salmeterol","125/25 c/cont.dosis x120","ASMABRON","Denver Farma","Antiinflam.respirat.Broncodil.","Sprays/Aerosoles/Soluciones para nebulizar"
"fluticasona+salmeterol","25/125mcg HFA dosis x120","SERETIDE AEROSOL HFA","GlaxoSmithKline","Antiinflam.respirat.Broncodil.","Sprays/Aerosoles/Soluciones para nebulizar"
"fluticasona+salmeterol","cÂ ps.p/inh.x 60+aplic.","PROAIR BRONQUIAL 500/50","Montpellier","Antiasmatico","CÂ psulas para inhalar+aplicador"
"fluticasona+salmeterol","250/25 mcg dosis x 60","FLUTIVENT HFA","CassarÂ","Antiinflam.respirat.Broncodil.","Sprays/Aerosoles/Soluciones para nebulizar"
"fluticasona+salmeterol","cÂ ps.p/inh.x 60+aplic.","NEUMOTIDE POLVO 500/50","Elea","Antiasmatico","CÂ psulas para inhalar+aplicador"
"fluticasona+salmeterol","25/50 mcg HFA dosis x120","SERETIDE AEROSOL HFA","GlaxoSmithKline","Antiinflam.respirat.Broncodil.","Sprays/Aerosoles/Soluciones para nebulizar"
"fluticasona+salmeterol","125/25 mcg dosis x 60","FLUTIVENT HFA","CassarÂ","Antiinflam.respirat.Broncodil.","Sprays/Aerosoles/Soluciones para nebulizar"
"fluticasona+salmeterol","cÂ ps.p/inh.x 60+aplic.","PROAIR BRONQUIAL 250/50","Montpellier","Antiasmatico","CÂ psulas para inhalar+aplicador"
"fluticasona+salmeterol","125/25 mcg x 120 dosis","NEUMOTIDE AEROSOL CON AEROCAMARA","Elea","Antiinflam.respirat.Broncodil.","Sprays/Aerosoles/Soluc.p/nebulizar CON AEROCAMARA"
"fluticasona+salmeterol","cÂ ps.p/inh.x 60+aplic.","NEUMOTIDE POLVO 250/50","Elea","Antiasmatico","CÂ psulas para inhalar+aplicador"
"fluticasona+salmeterol","cÂ ps.p/inh.x 60+aplic.","INHALAN BRONQUIAL 500/50 MCG","Casasco","Antiinflam.respirat.Broncodil.","CÂ psulas para inhalar+aplicador"
"fluticasona+salmeterol","125/25 mcg dosis x 120","FLUTIVENT HFA","CassarÂ","Antiinflam.respirat.Broncodil.","Sprays/Aerosoles/Soluciones para nebulizar"
"fluticasona+salmeterol","50/250 mcg dosis x 60","SERETIDE DISKUS","GlaxoSmithKline","Antiinflam.respirat.Broncodil.","CÂ psulas para inhalar+aplicador"
"fluticasona+salmeterol","cÂ ps.p/inh.x 60+aplic.","INHALAN BRONQUIAL 250/50 MCG","Casasco","Antiinflam.respirat.Broncodil.","CÂ psulas para inhalar+aplicador"
"fluticasona+salmeterol","250/25 mcg aer.ds.x 120","VETALONE","Lersan","Antiinflam.respirat.Broncodil.","Sprays/Aerosoles/Soluciones para nebulizar"
"fluticasona+salmeterol","50/100 mcg dosis x 60","SERETIDE DISKUS","GlaxoSmithKline","Antiinflam.respirat.Broncodil.","DISKUS"
"fluticasona+salmeterol","250/25mcg aer.x 120dosis","PROAIR BRONQUIAL","Montpellier","Antiasmatico","Sprays/Aerosoles/Soluciones para nebulizar"
"fluticasona+salmeterol","250/25 mcg x 120 dosis","NEUMOTIDE AEROSOL","Elea","Antiinflam.respirat.Broncodil.","Sprays/Aerosoles/Soluciones para nebulizar"
"fluticasona+salmeterol","125/25mcg ds.x150+espac.","FLUTIVENT+AEROMED HFA","CassarÂ","Antiinflam.respirat.Broncodil.","Sprays/Aerosoles/Soluciones para nebulizar"
"fluticasona+salmeterol","250/25 mcg aer.x 120 ds.","ASMABRON","Denver Farma","Antiinflam.respirat.Broncodil.","Sprays/Aerosoles/Soluciones para nebulizar"
"fluticasona,furoato","inh.nasal ds.x 120","ALENYS","GlaxoSmithKline","Corticosteroide nasal uso topico","Aerosoles nasales"
"folico,ac.","1 mg comp.x 60","TANVIMIL FOLICO","Megalabs Argent","Vitaminico","Comprimidos/Pastillas/Tabletas/Grageas"
"folico,ac.","1 mg comp.x 60","ACIFOL","DomÂ¡nguez","Antianemico","Comprimidos/Pastillas/Tabletas/Grageas"
"folico,ac.","1 mg comp.x 30","GALFOL 1","Sant Gall","Vitaminico","Comprimidos/Pastillas/Tabletas/Grageas"
"folico,ac.","fco.x 10 ml","ACIFOL GOTAS","DomÂ¡nguez","Antianemico","Gotas orales"
"folico,ac.","5 mg comp.x 30","ANFOLIC","Trb-Pharma","Antianemico","Comprimidos/Pastillas/Tabletas/Grageas"
"folico,ac.","5 mg comp.x 60","BERNAFOLIC 5","Laboratorios Be","Complemento vitaminico","Comprimidos/Pastillas/Tabletas/Grageas"
"folico,ac.","5 mg comp.x 60","SUPRAFOL","Siegfried","Antianemico","Comprimidos/Pastillas/Tabletas/Grageas"
"folico,ac.","1 mg comp.x 30","ACIFOL","DomÂ¡nguez","Antianemico","Comprimidos/Pastillas/Tabletas/Grageas"
"folico,ac.","5 mg comp.x 60","ACIDO FOLICO RICHMOND","Richmond","Antianemico","Comprimidos/Pastillas/Tabletas/Grageas"
"folico,ac.","10 mg comp.ran.x 30","COFLIC","Baliarda","Antianemico","Comprimidos/Pastillas/Tabletas/Grageas"
"folico,ac.","5 mg comp.x 30","BERNAFOLIC 5","Laboratorios Be","Complemento vitaminico","Comprimidos/Pastillas/Tabletas/Grageas"
"folico,ac.","5 mg comp.x 30","SUPRAFOL","Siegfried","Antianemico","Comprimidos/Pastillas/Tabletas/Grageas"
"folico,ac.","5 mg comp.x 30","FOLINEMIC","PharmaDorf","Antianemico","Comprimidos/Pastillas/Tabletas/Grageas"
"folico,ac.","1 mg comp.x 60","ACIDO FOLICO RICHMOND","Richmond","Antianemico","Comprimidos/Pastillas/Tabletas/Grageas"
"folico,ac.","5 mg comp.x 60","EGESTAN FOLICO","Elea","Antianemico","Comprimidos/Pastillas/Tabletas/Grageas"
"folico,ac.","5 mg comp.ran.x 30","COFLIC","Baliarda","Antianemico","Comprimidos/Pastillas/Tabletas/Grageas"
"folico,ac.","1 mg comp.x 60","BERNAFOLIC 1","Laboratorios Be","Complemento vitaminico","Comprimidos/Pastillas/Tabletas/Grageas"
"folico,ac.","1 mg comp.x 60","SUPRAFOL","Siegfried","Antianemico","Comprimidos/Pastillas/Tabletas/Grageas"
"folico,ac.","1 mg comp.x 30","ACIDO FOLICO VANNIER","Vannier","Antianemico","Comprimidos/Pastillas/Tabletas/Grageas"
"folico,ac.","10 mg comp.x 60","ACIFOL 10","DomÂ¡nguez","Antianemico","Comprimidos/Pastillas/Tabletas/Grageas"
"folico,ac.","1 mg comp.x 30","FOLINEMIC","PharmaDorf","Antianemico","Comprimidos/Pastillas/Tabletas/Grageas"
"folico,ac.","5 mg comp.x 30","EGESTAN FOLICO","Elea","Antianemico","Comprimidos/Pastillas/Tabletas/Grageas"
"folico,ac.","10 mg comp.x 60","TANVIMIL FOLICO","Megalabs Argent","Vitaminico","Comprimidos/Pastillas/Tabletas/Grageas"
"folico,ac.","1 mg comp.ran.x 30","COFLIC","Baliarda","Antianemico","Comprimidos/Pastillas/Tabletas/Grageas"
"folico,ac.","10 mg comp.x 60","EGESTAN FOLICO","Elea","Antianemico","Comprimidos/Pastillas/Tabletas/Grageas"
"folico,ac.","5 mg comp.x 10","ANFOLIC","Trb-Pharma","Antianemico","Comprimidos/Pastillas/Tabletas/Grageas"
"folico,ac.","1 mg comp.x 30","BERNAFOLIC 1","Laboratorios Be","Complemento vitaminico","Comprimidos/Pastillas/Tabletas/Grageas"
"folico,ac.","1 mg comp.x 30","SUPRAFOL","Siegfried","Antianemico","Comprimidos/Pastillas/Tabletas/Grageas"
"folico,ac.","10 mg comp.x 30","ACIDO FOLICO VANNIER","Vannier","Antianemico","Comprimidos/Pastillas/Tabletas/Grageas"
"folico,ac.","10 mg comp.x 30","ACIFOL 10","DomÂ¡nguez","Antianemico","Comprimidos/Pastillas/Tabletas/Grageas"
"folico,ac.","5 mg comp.x 60","ACIFOL 5","DomÂ¡nguez","Antianemico","Comprimidos/Pastillas/Tabletas/Grageas"
"folico,ac.","1 mg comp.x 60","EGESTAN FOLICO","Elea","Antianemico","Comprimidos/Pastillas/Tabletas/Grageas"
"folico,ac.","10 mg comp.x 30","TANVIMIL FOLICO","Megalabs Argent","Vitaminico","Comprimidos/Pastillas/Tabletas/Grageas"
"folico,ac.","10 mg comp.x 30","EGESTAN FOLICO","Elea","Antianemico","Comprimidos/Pastillas/Tabletas/Grageas"
"folico,ac.","5 mg comp.x 30","TANVIMIL FOLICO","Megalabs Argent","Vitaminico","Comprimidos/Pastillas/Tabletas/Grageas"
"folico,ac.","5 mg comp.x 60","TANVIMIL FOLICO","Megalabs Argent","Vitaminico","Comprimidos/Pastillas/Tabletas/Grageas"
"folico,ac.","5 mg comp.x 30","ACIDO FOLICO VANNIER","Vannier","Antianemico","Comprimidos/Pastillas/Tabletas/Grageas"
"folico,ac.","10 mg comp.rec.x 30","GALFOL 10","Sant Gall","Antianemico","Comprimidos/Pastillas/Tabletas/Grageas"
"folico,ac.","5 mg comp.x 30","ACIFOL 5","DomÂ¡nguez","Antianemico","Comprimidos/Pastillas/Tabletas/Grageas"
"folico,ac.","1 mg comp.x 30","EGESTAN FOLICO","Elea","Antianemico","Comprimidos/Pastillas/Tabletas/Grageas"
"folico,ac.","5 mg comp.x 30","GALFOL 5","Sant Gall","Vitaminico","Comprimidos/Pastillas/Tabletas/Grageas"
"folico,ac.","1 mg comp.x 30","TANVIMIL FOLICO","Megalabs Argent","Vitaminico","Comprimidos/Pastillas/Tabletas/Grageas"
"folico,ac.+vit.b","comp.x 60","ACIFOL B12","DomÂ¡nguez","Antianemico","Comprimidos/Pastillas/Tabletas/Grageas"
"folico,ac.+vit.b","comp.rec.x 30","BLASTOP","Trb-Pharma","Antianemico","Comprimidos/Pastillas/Tabletas/Grageas"
"folico,ac.+vit.b","comp.x 30","ACIFOL B12","DomÂ¡nguez","Antianemico","Comprimidos/Pastillas/Tabletas/Grageas"
"fosfato disodico+fosfato monosod","sol.oral x 45 ml","SODILAXAN","Pharmanove","Evacuante intestinal","Jarabe/SuspensiÂ¢n oral/Polvo para uso oral"
"fosfato disodico+fosfato monosod","env.x 135 ml","FOSFALAX ENEMA","Lafedar","Evacuante intestinal","Jarabe/SuspensiÂ¢n oral/Polvo para uso oral"
"fosfato disodico+fosfato monosod","sol.x 45 ml","FOSFALAX ORAL","Lafedar","Evacuante intestinal","Jarabe/SuspensiÂ¢n oral/Polvo para uso oral"
"fosfato disodico+fosfato monosod","sol.oral x 45 ml","GADOLAX","Gador","Evacuante intestinal","Jarabe/SuspensiÂ¢n oral/Polvo para uso oral"
"fosfato disodico+fosfato monosod","env.x 45 ml","FOSFO-DOM","DomÂ¡nguez","Limp.intestinal p/diag.y cirugia","Jarabe/SuspensiÂ¢n oral/Polvo para uso oral"
"furosemida","40 mg comp.x 30","FUROTRAL","Lepetit","Diuretico","Comprimidos/Pastillas/Tabletas/Grageas"
"furosemida","40 mg comp.rec.x 50","FURTENK","Biotenk","Diuretico","Comprimidos/Pastillas/Tabletas/Grageas"
"furosemida","40 mg comp.x 50","KOLKIN","Duncan","Diuretico","Comprimidos/Pastillas/Tabletas/Grageas"
"furosemida","40 mg comp.x 30","LASIX","Sanofi-Aventis","Diuretico","Comprimidos/Pastillas/Tabletas/Grageas"
"furosemida","comp.x 50","FUROSEMIDA FECOFAR","Fecofar","Diuretico","Comprimidos/Pastillas/Tabletas/Grageas"
"furosemida","comp.x 50","FUROSEMIDA VANNIER","Vannier","Diuretico","Comprimidos/Pastillas/Tabletas/Grageas"
"furosemida","40 mg comp.x 50","LASIX","Sanofi-Aventis","Diuretico","Comprimidos/Pastillas/Tabletas/Grageas"
"furosemida","comp.x 50","ERROLON","Siegfried","Diuretico","Comprimidos/Pastillas/Tabletas/Grageas"
"furosemida","40 mg comp.x 60","LASIX","Sanofi-Aventis","Diuretico","Comprimidos/Pastillas/Tabletas/Grageas"
"furosemida","40 mg comp.x 50","FUROSEMIDA DENVER FARMA","Denver Farma","Diuretico","Comprimidos/Pastillas/Tabletas/Grageas"
"furosemida","comp.x 30","FUROSEMIDA FECOFAR","Fecofar","Diuretico","Comprimidos/Pastillas/Tabletas/Grageas"
"furosemida+amilorida","comp.x 50","ERROLON A","Siegfried","Diuretico","Comprimidos/Pastillas/Tabletas/Grageas"
"furosemida+amilorida","comp.x 20","ERROLON A","Siegfried","Diuretico","Comprimidos/Pastillas/Tabletas/Grageas"
"fusidico,ac.","cr.x 15 g","GELBIOTIC","Megalabs Argent","Antibiotico topico","Cremas/Geles/Pomadas/UngÂentos"
"fusidico,ac.","2% cr.x 15 g","FUSIMED","CassarÂ","Antibiotico topico","Cremas/Geles/Pomadas/UngÂentos"
"fusidico,ac.","cr.x 15 g","KLONAFUSID","Klonal","Antibiotico topico","Cremas/Geles/Pomadas/UngÂentos"
"fusidico,ac.","2% cr.x 15 g","DRUM","Pharmatrix","Antibiotico topico","Cremas/Geles/Pomadas/UngÂentos"
"fusidico,ac.","2% cr.x 15 g","ARZIMOL","Lazar","Antibiotico topico","Cremas/Geles/Pomadas/UngÂentos"
"fusidico,ac.","cr.x 15 g","ARATOPIC","Lafedar","Antibiotico topico","Cremas/Geles/Pomadas/UngÂentos"
"fusidico,ac.","cr.x 15 g","ACIFUSIN","AndrÂ¢maco","Antibiotico topico","Cremas/Geles/Pomadas/UngÂentos"
"fusidico,ac.+betametasona","2/0.1% cr.x 15 g","DRUM Ã¡","Pharmatrix","Antibiotico Corticosteroide","Cremas/Geles/Pomadas/UngÂentos"
"fusidico,ac.+betametasona","cr.x 15 g","ACIFUSIN B","AndrÂ¢maco","Antibacteriano Antiinflam.","Cremas/Geles/Pomadas/UngÂentos"
"fusidico,ac.+betametasona","cr.x 15 g","KLONAFUSID B","Klonal","Antibacteriano Antiinflam.","Cremas/Geles/Pomadas/UngÂentos"
"fusidico,ac.+betametasona","cr.x 15 g","ARZIMOL B","Lazar","Antibiotico Corticosteroide","Cremas/Geles/Pomadas/UngÂentos"
"fusidico,ac.+betametasona","emuls.x 15 g","FUSIMED B OTONASAL","CassarÂ","Antibiotico Corticosteroide","Emulsiones/Leches de Limpieza"
"fusidico,ac.+betametasona","emuls.x 50 g","FUSIMED B","CassarÂ","Antibiotico Corticosteroide","Emulsiones/Leches de Limpieza"
"fusidico,ac.+betametasona","cr.x 15 g","GELBIOTIC PLUS","Megalabs Argent","Antibiotico Corticosteroide","Cremas/Geles/Pomadas/UngÂentos"
"fusidico,ac.+hidrocortisona","cr.x 15 g","KLONAFUSID H","Klonal","Antibiotico topico","Cremas/Geles/Pomadas/UngÂentos"
"gabapentin","100 mg cÂ ps.x 30","AXILEP","Lepetit","Anticonvulsivo","CÂ psulas/Softgels"
"gabapentin","300 mg comp.x 30","GABAPENTIN 300 VANNIER","Vannier","Anticonvulsivo","Comprimidos/Pastillas/Tabletas/Grageas"
"gabapentin","300 mg comp.x 60","ELIFER","Casasco","Anticonvulsivo","Comprimidos/Pastillas/Tabletas/Grageas"
"gabapentin","600 mg comp.rec.x 30","LOGISTIC","Craveri","Anticonvulsivo","Comprimidos/Pastillas/Tabletas/Grageas"
"gabapentin","400 mg cÂ ps.x 60","NEURONTIN","Aspen Pharma","Anticonvulsivo","CÂ psulas/Softgels"
"gabapentin","300 mg comp.x 30","ELIFER","Casasco","Anticonvulsivo","Comprimidos/Pastillas/Tabletas/Grageas"
"gabapentin","300 mg cÂ ps.x 60","NEURONTIN","Aspen Pharma","Anticonvulsivo","CÂ psulas/Softgels"
"gabapentin","100 mg cÂ ps.x 90","NEURONTIN","Aspen Pharma","Anticonvulsivo","CÂ psulas/Softgels"
"gabapentin","100 mg comp.x 30","ELIFER","Casasco","Anticonvulsivo","Comprimidos/Pastillas/Tabletas/Grageas"
"gabapentin","600 mg comp.x 30","ARAPENTIN","Ariston","Anticonvulsivo","Comprimidos/Pastillas/Tabletas/Grageas"
"gabapentin","300 mg comp.x 60","ULTRANEURAL","Adium","Anticonvulsivo","Comprimidos/Pastillas/Tabletas/Grageas"
"gabapentin","300 mg comp.rec.x 30","LOGISTIC","Craveri","Anticonvulsivo","Comprimidos/Pastillas/Tabletas/Grageas"
"gabapentin","600 mg comp.x 30","ULTRANEURAL","Adium","Anticonvulsivo","Comprimidos/Pastillas/Tabletas/Grageas"
"gabapentin","300 mg cÂ ps.x 30","NEURONTIN","Aspen Pharma","Anticonvulsivo","CÂ psulas/Softgels"
"gabapentin","300 mg cÂ ps.x 30","ARAPENTIN","Ariston","Anticonvulsivo","CÂ psulas/Softgels"
"gabapentin","100 mg comp.x 30","ULTRANEURAL","Adium","Anticonvulsivo","Comprimidos/Pastillas/Tabletas/Grageas"
"gabapentin","300 mg cÂ ps.x 60","AXILEP","Lepetit","Anticonvulsivo","Comprimidos/Pastillas/Tabletas/Grageas"
"gabapentin","100 mg cÂ ps.x 30","ARAPENTIN","Ariston","Anticonvulsivo","CÂ psulas/Softgels"
"gabapentin","600 mg comp.rec.x 30","NEURONTIN","Aspen Pharma","Anticonvulsivo","Comprimidos/Pastillas/Tabletas/Grageas"
"gabapentin","300 mg comp.x 30","ULTRANEURAL","Adium","Anticonvulsivo","Comprimidos/Pastillas/Tabletas/Grageas"
"gabapentin","300 mg cÂ ps.x 30","AXILEP","Lepetit","Anticonvulsivo","Comprimidos/Pastillas/Tabletas/Grageas"
"gabapentin","300 mg comp.rec.x 60","LOGISTIC","Craveri","Anticonvulsivo","Comprimidos/Pastillas/Tabletas/Grageas"
"gabapentin","300 mg comp.x 60","GABAPENTIN 300 VANNIER","Vannier","Anticonvulsivo","Comprimidos/Pastillas/Tabletas/Grageas"
"gabapentin","600 mg comp.x 30","ELIFER","Casasco","Anticonvulsivo","Comprimidos/Pastillas/Tabletas/Grageas"
"gammaglobulina antitet.+toxoide","250 UI f.a.x 1 + toxoide","GAMMA ANTITETANICA UNC PLUS","Hemoderivados","Inmunizacion antitetanica","Ampollas/Frascos-Ampolla/Liofilizados/Soluc.Parent"
"gammaglobulina antitet.+toxoide","500UI jga.prell.+toxoide","TETABULIN S/D","Gobbi","Inmunizacion antitetanica","Ampollas/Frascos-Ampolla/Liofilizados/Soluc.Parent"
"gammaglobulina antitet.+toxoide","500UI jga.prell.+toxoide","TETANOGAMMA P","CSL Behring","Inmunizacion antitetanica","Ampollas/Frascos-Ampolla/Liofilizados/Soluc.Parent"
"gammaglobulina antitet.+toxoide","500 UI f.a.x 1 + toxoide","GAMMA ANTITETANICA UNC PLUS","Hemoderivados","Inmunizacion antitetanica","Ampollas/Frascos-Ampolla/Liofilizados/Soluc.Parent"
"gammaglobulina antitet.+toxoide","500UI jga.prell.+toxoide","GAMMATET T","Veinfar","Inmunizacion antitetanica","Ampollas/Frascos-Ampolla/Liofilizados/Soluc.Parent"
"gatifloxacina","sol.oft.x 5 ml","GATIF FORTE","Poen","Antibiotico oftalmico","Gotas oftÂ lmicas/Colirios"
"gatifloxacina","sol.oftÂ lmica x 5 ml","GATIFLAX","Sidus","Antibiotico oftalmico","Gotas oftÂ lmicas/Colirios"
"gatifloxacina","0.3% sol.oft.x 5 ml","ZYMARAN","Abbvie","Antibiotico oftalmico","Gotas oftÂ lmicas/Colirios"
"gatifloxacina","fco.gotero x 5 ml","ZYMAXID","Abbvie","Antibiotico oftalmico","Gotas oftÂ lmicas/Colirios"
"gatifloxacina","0.5% sol.oft.x 5 ml","GATIMICIN FORTE","Elea","Antibiotico oftalmico","Gotas oftÂ lmicas/Colirios"
"gatifloxacina","0.3% sol.oft.x 5 ml","GATIMICIN","Elea","Antibiotico oftalmico","Gotas oftÂ lmicas/Colirios"
"gemfibrozil","600 mg comp.x 30","GEDUN","Duncan","Hipocolesterolemiante","Comprimidos/Pastillas/Tabletas/Grageas"
"gemfibrozil","900 mg comp.x 30","GEMFI-LIP","Lafedar","Hipolipemiante","Comprimidos/Pastillas/Tabletas/Grageas"
"gemfibrozil","comp.x 60","LOPID 600","Pfizer","Hipolipemiante","Comprimidos/Pastillas/Tabletas/Grageas"
"gemfibrozil","600 mg comp.x 30","GEMFIBROZIL VANNIER 600","Vannier","Hipolipemiante","Comprimidos/Pastillas/Tabletas/Grageas"
"gemfibrozil","600 mg comp.x 30","GEMFI-LIP","Lafedar","Hipolipemiante","Comprimidos/Pastillas/Tabletas/Grageas"
"gemfibrozil","900 mg comp.x 30","LOPID UD","Pfizer","Hipolipemiante","Comprimidos/Pastillas/Tabletas/Grageas"
"gemfibrozil","comp.x 30","LOPID 600","Pfizer","Hipolipemiante","Comprimidos/Pastillas/Tabletas/Grageas"
"gemfibrozil","900 mg comp.x 15","LOPID UD","Pfizer","Hipolipemiante","Comprimidos/Pastillas/Tabletas/Grageas"
"gemfibrozil","900 mg comp.x 30","GEMFIBROZIL VANNIER 900","Vannier","Hipolipemiante","Comprimidos/Pastillas/Tabletas/Grageas"
"gentamicina+clotrimazol+betamet.","crema x 10 g","DICASONE COMPLEX","Baliarda","Antibiotico Antiinfl.Antimicot.","Cremas/Geles/Pomadas/UngÂentos"
"gentamicina+clotrimazol+betamet.","crema x 20 g","METAMAR PLUS","Mar","Antibiotico Antiinfl.Antimicot.","Cremas/Geles/Pomadas/UngÂentos"
"gentamicina+clotrimazol+betamet.","crema x 20 g","DICASONE COMPLEX","Baliarda","Antibiotico Antiinfl.Antimicot.","Cremas/Geles/Pomadas/UngÂentos"
"glucagon","1mg f.a.x1+disolv.jga.pr","GLUCAGEN HYPOKIT","Novo Nordisk","Hiperglucemiante","Ampollas/Frascos-Ampolla/Liofilizados/Soluc.Parent"
"griseofulvina","500 mg comp.x 24","GRISOVIN FP","Siegfried","Antimicotico","Comprimidos/Pastillas/Tabletas/Grageas"
"haemophilus influenz.b+DPT+asoc.","pvo.liof.+susp.iny.","INFANRIX HEXA","GlaxoSmithKline","Vacuna sextuple","Ampollas/Frascos-Ampolla/Liofilizados/Soluc.Parent"
"haemophilus influenz.b+DPT+asoc.","fco.+jga.prell.x 0.5 ml","PENTAXIM","Sanofi Health A","Vacuna quintuple acelular","Ampollas/Frascos-Ampolla/Liofilizados/Soluc.Parent"
"hidroclorotiazida","50 mg comp.x 30","TANDIUR","Megalabs Argent","Diuretico","Comprimidos/Pastillas/Tabletas/Grageas"
"hidroclorotiazida","50 mg comp.x 15","DIURAL","Lepetit","Antihipertensivo Diuretico","Comprimidos/Pastillas/Tabletas/Grageas"
"hidroclorotiazida","25 mg comp.x 30","DIUREX 25","BagÂ¢","Diuretico","Comprimidos/Pastillas/Tabletas/Grageas"
"hidroclorotiazida","12.5 mg comp.x 30","DIUREX 12.5","BagÂ¢","Diuretico","Comprimidos/Pastillas/Tabletas/Grageas"
"hidroclorotiazida","25 mg comp.x 30","KLORTIAZIDA","Klonal","Diuretico","Comprimidos/Pastillas/Tabletas/Grageas"
"hidroclorotiazida","50 mg comp.x 60","DIUREX 50","BagÂ¢","Diuretico","Comprimidos/Pastillas/Tabletas/Grageas"
"hidroclorotiazida","50 mg comp.x 30","DIURAL","Lepetit","Antihipertensivo Diuretico","Comprimidos/Pastillas/Tabletas/Grageas"
"hidroclorotiazida+amilorida","comp.x 50","REN-UR","Lafedar","Diuretico","Comprimidos/Pastillas/Tabletas/Grageas"
"hidroclorotiazida+amilorida","25/2.5 mg comp.x 30","DIUREX A 25","BagÂ¢","Diuretico","Comprimidos/Pastillas/Tabletas/Grageas"
"hidroclorotiazida+amilorida","12.5/1.25 mg comp.x 30","DIUREX A 12.5","BagÂ¢","Diuretico","Comprimidos/Pastillas/Tabletas/Grageas"
"hidroclorotiazida+amilorida","comp.x 20","REN-UR","Lafedar","Diuretico","Comprimidos/Pastillas/Tabletas/Grageas"
"hidroclorotiazida+amilorida","50/5 mg comp.x 30","DIUREX A 50","BagÂ¢","Diuretico","Comprimidos/Pastillas/Tabletas/Grageas"
"hidroclorotiazida+amilorida","comp.x 100","REN-UR","Lafedar","Diuretico","Comprimidos/Pastillas/Tabletas/Grageas"
"hidroclorotiazida+amilorida","comp.x 50","HIDRENOX A","Teva Argentina","Diuretico","Comprimidos/Pastillas/Tabletas/Grageas"
"hidrocortisona","ung.estâril x 5 g","ALFACORT","CassarÂ","Corticosteroide topico","Cremas/Geles/Pomadas/UngÂentos"
"hidrocortisona","0.5% cr.x 15 g","MICROSONA","Siegfried","Corticosteroide","Cremas/Geles/Pomadas/UngÂentos"
"hidrocortisona","10 mg comp.x 30","HIDROTISONA","Eurofarma","Corticosteroide","Comprimidos/Pastillas/Tabletas/Grageas"
"hidrocortisona","10 mg comp.x 30","HIDROCORTISONA RICHET","Richet","Corticosteroide","Comprimidos/Pastillas/Tabletas/Grageas"
"hidrocortisona","1% cr.x 30 g","ALFACORT","CassarÂ","Corticosteroide topico","Cremas/Geles/Pomadas/UngÂentos"
"hidrocortisona","10 mg comp.x 30","HIDROCORT","Montpellier","Corticosteroide","Comprimidos/Pastillas/Tabletas/Grageas"
"hidrocortisona","1% emuls.x 15 ml","ALFACORT","CassarÂ","Corticosteroide topico","Emulsiones/Leches de Limpieza"
"hidrocortisona","10 mg comp.x 30","HIDROCORTISONA","Klonal","Corticosteroide","Comprimidos/Pastillas/Tabletas/Grageas"
"hidrocortisona","cr.x 50 g","PROAVENAL H","Panalab","Antiinflam.Antipruriginoso","Emulsiones/Leches de Limpieza"
"hidrocortisona","cr.x 15 g","DEMACORT","AndrÂ¢maco","Antiinflam.Antipruriginoso","Cremas/Geles/Pomadas/UngÂentos"
"hidrocortisona","emuls.x 50 g","PROAVENAL H","Panalab","Antiinflam.Antipruriginoso","Emulsiones/Leches de Limpieza"
"hidrocortisona","1% pomo x 30 g","MEDROCIL","Fortbenton","Corticosteroide","Cremas/Geles/Pomadas/UngÂentos"
"hidrocortisona","500 mg liof.f.a.x 1","HIDROCORTISONA RICHET","Richet","Corticosteroide","Ampollas/Frascos-Ampolla/Liofilizados/Soluc.Parent"
"hidrocortisona","1% cr.x 15 g","HIDROCORTISONA","Klonal","Corticosteroide","Cremas/Geles/Pomadas/UngÂentos"
"hidrocortisona","2% cr.x 15 g","MICROSONA","Siegfried","Corticosteroide","Cremas/Geles/Pomadas/UngÂentos"
"hidrocortisona","cr.x 20 g","PROAVENAL H","Panalab","Antiinflam.Antipruriginoso","Emulsiones/Leches de Limpieza"
"hidrocortisona","1% cr.x 15 g","MICROSONA","Siegfried","Corticosteroide","Cremas/Geles/Pomadas/UngÂentos"
"hidrocortisona+asoc.","cr.x 10 g","ANUSOL DUO","Elea","Antiinflam.Antipruriginoso","Cremas/Geles/Pomadas/UngÂentos"
"hidroxicloroquina","200 mg comp.x 60","AXOKINE","Rontag","Antiinflam.Antirreumatico","Comprimidos/Pastillas/Tabletas/Grageas"
"hidroxicloroquina","200 mg comp.x 30","AXOKINE","Rontag","Antiinflam.Antirreumatico","Comprimidos/Pastillas/Tabletas/Grageas"
"hidroxicloroquina","200 mg comp.x 60","EVOQUIN","Teva Argentina","Antirreumatico","Comprimidos/Pastillas/Tabletas/Grageas"
"hidroxicloroquina","200 mg comp.x 30","EVOQUIN","Teva Argentina","Antirreumatico","Comprimidos/Pastillas/Tabletas/Grageas"
"hidroxicloroquina","200 mg comp.rec.x 60","POLIRREUMIN","Trb-Pharma","Antirreumatico","Comprimidos/Pastillas/Tabletas/Grageas"
"hierro","a.x 10","YECTAFER","Rontag","Antianemico","Ampollas/Frascos-Ampolla/Liofilizados/Soluc.Parent"
"hierro","a.x 5","YECTAFER","Rontag","Antianemico","Ampollas/Frascos-Ampolla/Liofilizados/Soluc.Parent"
"hierro","100 mg/ml f.a.x 1 x 10ml","MONOFER","Richmond","Antianemico","Ampollas/Frascos-Ampolla/Liofilizados/Soluc.Parent"
"hierro+folico,ac.","cÂ ps.x 60","FERROGALFOL","Sant Gall","Antianemico","CÂ psulas/Softgels"
"hierro+folico,ac.","comp.x 50","HEMOFER FOLIC","Lafedar","Antianemico","Comprimidos/Pastillas/Tabletas/Grageas"
"hierro+folico,ac.","40/0.5 mg comp.rec.x 20","YECTAFER TABS","Rontag","Antianemico","Comprimidos/Pastillas/Tabletas/Grageas"
"hierro+folico,ac.","comp.x 20","HEMOFER FOLIC","Lafedar","Antianemico","Comprimidos/Pastillas/Tabletas/Grageas"
"hierro+folico,ac.","525 mg comp.x 60","SULFATO FERROSO RICHET","Richet","Antianemico","Comprimidos/Pastillas/Tabletas/Grageas"
"hierro+folico,ac.","comp.rec.x 40","HIERROQUICK 80","Megalabs Argent","Antianemico","Comprimidos/Pastillas/Tabletas/Grageas"
"hierro+folico,ac.","525 mg comp.x 30 (TRZB)","SULFATO FERROSO RICHET","Richet","Antianemico","Comprimidos/Pastillas/Tabletas/Grageas"
"hierro+folico,ac.","comp.rec.x 20","HIERROQUICK 80","Megalabs Argent","Antianemico","Comprimidos/Pastillas/Tabletas/Grageas"
"hierro+folico,ac.","cÂ ps.x 60","FERRETAB COMPUESTO","Biol","Antianemico","CÂ psulas/Softgels"
"hierro+folico,ac.","comp.rec.x 30","SIDERBLUT FOLIC","Siegfried","Antianemico","Comprimidos/Pastillas/Tabletas/Grageas"
"hierro+folico,ac.","80/1 mg comp.rec.x 40","YECTAFER TABS","Rontag","Antianemico","Comprimidos/Pastillas/Tabletas/Grageas"
"hierro+folico,ac.","comp.rec.x 40","HIERROQUICK 40","Megalabs Argent","Antianemico","Comprimidos/Pastillas/Tabletas/Grageas"
"hierro+folico,ac.","cÂ ps.x 30","FERRETAB COMPUESTO","Biol","Antianemico","CÂ psulas/Softgels"
"hierro+folico,ac.","80/1 mg comp.rec.x 20","YECTAFER TABS","Rontag","Antianemico","Comprimidos/Pastillas/Tabletas/Grageas"
"hierro+folico,ac.","comp.rec.x 20","HIERROQUICK 40","Megalabs Argent","Antianemico","Comprimidos/Pastillas/Tabletas/Grageas"
"hierro+folico,ac.","40/0.5 mg comp.rec.x 40","YECTAFER TABS","Rontag","Antianemico","Comprimidos/Pastillas/Tabletas/Grageas"
"hierro+folico,ac.+asoc.","comp.x 30","VITALIX COMPLEX","Ethical Nutriti","Antianemico","Comprimidos/Pastillas/Tabletas/Grageas"
"hierro+folico,ac.+asoc.","a.x 10","YECTAFER COMPLEX","Rontag","Antianemico","Ampollas/Frascos-Ampolla/Liofilizados/Soluc.Parent"
"hierro+folico,ac.+asoc.","a.x 5","YECTAFER COMPLEX","Rontag","Antianemico","Ampollas/Frascos-Ampolla/Liofilizados/Soluc.Parent"
"hierro+vit.b12+folico,ac.","comp.x 60","ACIFOL FE","DomÂ¡nguez","Antianemico","Comprimidos/Pastillas/Tabletas/Grageas"
"hierro+vit.b12+folico,ac.","comp.x 30","REXFOL","Casasco","Antianemico","Comprimidos/Pastillas/Tabletas/Grageas"
"hierro+vit.b12+folico,ac.","comp.x 30","SIDERBLUT COMPLEX","Siegfried","Antianemico","Comprimidos/Pastillas/Tabletas/Grageas"
"hierro+vit.b12+folico,ac.","comp.rec.x 60","HEMOVIT","Baliarda","Antianemico","Comprimidos/Pastillas/Tabletas/Grageas"
"hierro+vit.b12+folico,ac.","comp.rec.x 20","TENVIC","Ariston","Antianemico","Comprimidos/Pastillas/Tabletas/Grageas"
"hierro+vit.b12+folico,ac.","comp.x 60","FOLFIRIMOX","Gâminis Farmacâ","Antianemico","Comprimidos/Pastillas/Tabletas/Grageas"
"hierro+vit.b12+folico,ac.","comp.x 30","ACIFOL FE","DomÂ¡nguez","Antianemico","Comprimidos/Pastillas/Tabletas/Grageas"
"hierro+vit.b12+folico,ac.","comp.rec.x 30","HEMOVIT","Baliarda","Antianemico","Comprimidos/Pastillas/Tabletas/Grageas"
"hierro+vit.b12+folico,ac.","comp.x 30","FOLFIRIMOX","Gâminis Farmacâ","Antianemico","Comprimidos/Pastillas/Tabletas/Grageas"
"hierro+vit.b12+folico,ac.","comp.rec.x 30","TENVIC","Ariston","Antianemico","Comprimidos/Pastillas/Tabletas/Grageas"
"hierro+vit.b12+folico,ac.","comp.x 60","SIDERBLUT COMPLEX","Siegfried","Antianemico","Comprimidos/Pastillas/Tabletas/Grageas"
"hierro+vit.b12+folico,ac.+asoc.","cÂ ps.x 60","ANEMIDOX FERRUM","Elea","Antianemico","CÂ psulas/Softgels"
"hierro+vit.b12+folico,ac.+asoc.","cÂ ps.x 30","ANEMIDOX FERRUM","Elea","Antianemico","CÂ psulas/Softgels"
"hierro+vit.b12+folico,ac.+asoc.","cÂ ps.x 60","FERROMAX","Craveri","Antianemico","CÂ psulas/Softgels"
"hierro+vit.b12+folico,ac.+asoc.","cÂ ps.x 30","FERROMAX","Craveri","Antianemico","CÂ psulas/Softgels"
"hierro+vit.b12+folico,ac.+asoc.","cÂ ps.x 60","ANEMIDOX ULTRA","Elea","Antianemico","CÂ psulas/Softgels"
"hierro+vit.b12+folico,ac.+asoc.","cÂ ps.x 30","ANEMIDOX ULTRA","Elea","Antianemico","CÂ psulas/Softgels"
"hierro,fumarato","330 mg comp.x 30","HEMOFER 330","Lafedar","Antianemico","Comprimidos/Pastillas/Tabletas/Grageas"
"hierro,polimaltosato","comp.rec.x 30","FERRANIN","Temis-LostalÂ¢","Antianemico","Comprimidos/Pastillas/Tabletas/Grageas"
"hierro,polimaltosato","comp.x 60","SIDERBLUT POLI","Siegfried","Antianemico","Comprimidos/Pastillas/Tabletas/Grageas"
"hierro,polimaltosato","gts.x 20 ml","VITALIX","Ethical Nutriti","Antianemico","Gotas orales"
"hierro,polimaltosato","100 mg comp.rec.x 30","VITALIX","Ethical Nutriti","Antianemico","Comprimidos/Pastillas/Tabletas/Grageas"
"hierro,polimaltosato","comp.x 30","SIDERBLUT POLI","Siegfried","Antianemico","Comprimidos/Pastillas/Tabletas/Grageas"
"hierro,polimaltosato","gts.x 20 ml","SIDERBLUT GOTAS","Siegfried","Antianemico","Gotas orales"
"hierro,polimaltosato","iny.IM a.x 5 x 2 ml","SIDERBLUT IM","Siegfried","Antianemico","Ampollas/Frascos-Ampolla/Liofilizados/Soluc.Parent"
"hierro,sulfato","200 mg comp.x 40","HEMOFER 200","Lafedar","Antianemico","Comprimidos/Pastillas/Tabletas/Grageas"
"hierro,sulfato","200 mg comp.x 30","FERROGAL","Sant Gall","Antianemico","Comprimidos/Pastillas/Tabletas/Grageas"
"hierro,sulfato","200 mg comp.x 20","HEMOFER 200","Lafedar","Antianemico","Comprimidos/Pastillas/Tabletas/Grageas"
"hierro,sulfato","gts.x 20 ml","HIERRO FABRA","Fabra","Antianemico","Gotas orales"
"hierro,sulfato","sol.x 20 ml","FER IN SOL","Siegfried","Antianemico","Gotas orales"
"hierro,sulfato","gts.x 20 ml","HEMOFER","Lafedar","Antianemico","Gotas orales"
"hierro,sulfato","comp.x 30","SIDERBLUT","Siegfried","Antianemico","Comprimidos/Pastillas/Tabletas/Grageas"
"hierro,sulfato","gts.x 45 ml","IBEROL","Fortbenton","Antianemico","Gotas orales"
"hierro,sulfato","jbe.x 120 ml","HEMOFER","Lafedar","Antianemico","Jarabe/SuspensiÂ¢n oral/Polvo para uso oral"
"hierro,sulfato","gts.x 20 ml","SULFATO FERROSO SANT GALL FRIBURG","Sant Gall","Antianemico","Gotas orales"
"hierro,sulfato","comp.x 20","HIERRO FABRA","Fabra","Antianemico","Comprimidos/Pastillas/Tabletas/Grageas"
"hierro,sulfato","comp.x 30","HIERRO FABRA","Fabra","Antianemico","Comprimidos/Pastillas/Tabletas/Grageas"
"hierro,sulfato","gts.x 20 ml","FEKLON","Klonal","Antianemico","Gotas orales"
"hierro,sulfato","comp.x 60","SIDERBLUT","Siegfried","Antianemico","Comprimidos/Pastillas/Tabletas/Grageas"
"hierro,sulfato","jbe.x 120 ml","FER IN SOL","Siegfried","Antianemico","Jarabe/SuspensiÂ¢n oral/Polvo para uso oral"
"hierro,sulfato+asoc.","comp.x 60","FERRO FOLIC","Fortbenton","Antianemico","Comprimidos/Pastillas/Tabletas/Grageas"
"hierro,sulfato+asoc.","Gradumet 500 mg comp.x40","IBEROL","Fortbenton","Antianemico","Comprimidos/Pastillas/Tabletas/Grageas"
"hierro,sulfato+asoc.","comp.x 20","FERRO FOLIC","Fortbenton","Antianemico","Comprimidos/Pastillas/Tabletas/Grageas"
"hierro,sulfato+asoc.","Gradumet 500 mg comp.x20","IBEROL","Fortbenton","Antianemico","Comprimidos/Pastillas/Tabletas/Grageas"
"ibuprofeno","susp.oral x 100 ml","ACTRON PEDIATRICO 4%","Bayer Consumer","Analgesico Antifebril","Jarabe/SuspensiÂ¢n oral/Polvo para uso oral"
"ibuprofeno","sus.x90ml con y sin jga","IBUPIRAC SUSPENSION 4%","Pfizer","Analgesico Antiinflam.","Jarabe/SuspensiÂ¢n oral/Polvo para uso oral"
"ibuprofeno","comp.rec.x 20","IBUPROFENO ROSPAW 600","Rospaw","Analgesico Antiinflam.","Comprimidos/Pastillas/Tabletas/Grageas"
"ibuprofeno","susp.x 90 ml","IBUFABRA","Fabra","Analgesico Antiinflam.","Jarabe/SuspensiÂ¢n oral/Polvo para uso oral"
"ibuprofeno","400 mg comp.rec.x 20","VEFREN 400","Baliarda","Analgesico Antiinflam.","Comprimidos/Pastillas/Tabletas/Grageas"
"ibuprofeno","comp.rec.x 20","LABSYNA 600","Labsa","Analgesico Antiinflam.","Comprimidos/Pastillas/Tabletas/Grageas"
"ibuprofeno","ped.susp.x 100 ml","FEBRATIC","Roemmers","Analgesico Antiinflam.","Jarabe/SuspensiÂ¢n oral/Polvo para uso oral"
"ibuprofeno","600 mg comp. x 10","IBUFEC 600","Fecofar","Analgesico Antiinflam.","Comprimidos/Pastillas/Tabletas/Grageas"
"ibuprofeno","cÂ ps.blandas x 50","IBUPIRAC 600 CAPSULA BLANDA","Pfizer","Analgesico Antiinflam.","CÂ psulas/Softgels"
"ibuprofeno","sus.x200ml con y sin jga","IBUPIRAC SUSPENSION 4%","Pfizer","Analgesico Antiinflam.","Jarabe/SuspensiÂ¢n oral/Polvo para uso oral"
"ibuprofeno","comp.rec.x 10","IBUPROFENO ROSPAW 600","Rospaw","Analgesico Antiinflam.","Comprimidos/Pastillas/Tabletas/Grageas"
"ibuprofeno","600 mg comp.x 20","IBUFABRA","Fabra","Analgesico Antiinflam.","Comprimidos/Pastillas/Tabletas/Grageas"
"ibuprofeno","comp.x 50","IBUPIRAC 600 MG","Pfizer","Analgesico Antiinflam.","Comprimidos/Pastillas/Tabletas/Grageas"
"ibuprofeno","cÂ ps.gelat.blanda x 50","FABOGESIC 600 RAPIDA ACCION","Savant Consumer","Analgesico Antiinflam.","CÂ psulas/Softgels"
"ibuprofeno","400 mg comp.rec.x 10","VEFREN 400","Baliarda","Analgesico Antiinflam.","Comprimidos/Pastillas/Tabletas/Grageas"
"ibuprofeno","susp.oral x 90 ml","LABSYNA FORTE 4%","Labsa","Analgesico Antiinflam.","Jarabe/SuspensiÂ¢n oral/Polvo para uso oral"
"ibuprofeno","600 mg comp. x 10","IBUMULTIN","Lazar","Analgesico Antiinflam.","Comprimidos/Pastillas/Tabletas/Grageas"
"ibuprofeno","600 mg comp.x 30","IBUPROFENO KLONAL FORTE","Klonal","Analgesico Antiinflam.","Comprimidos/Pastillas/Tabletas/Grageas"
"ibuprofeno","susp.x 90 ml","TERMOKIDS 4% FRUTILLA CEREZA","E. J. Gezzi","Analgesico Antiinfl.Antifebril","Jarabe/SuspensiÂ¢n oral/Polvo para uso oral"
"ibuprofeno","4 g/100 ml susp.x 90 ml","IBUPROFENO KLONAL FORTE","Klonal","Analgesico Antiinflam.","Jarabe/SuspensiÂ¢n oral/Polvo para uso oral"
"ibuprofeno","cÂ ps.gelat.blanda x 10","ACTRON 600 RAPIDA ACCION","Bayer Consumer","Analgesico Antiinflam.","CÂ psulas/Softgels"
"ibuprofeno","comp.x 50","IBUPIRAC 800 MG","Pfizer","Analgesico Antiinflam.","Comprimidos/Pastillas/Tabletas/Grageas"
"ibuprofeno","susp.oral x 100 ml","IBU APRACUR FORTE","Austral","Analgesico Antiinflam.","Jarabe/SuspensiÂ¢n oral/Polvo para uso oral"
"ibuprofeno","susp.x 100 ml","SINDOLITO 4%","Microsules Arg.","Analgesico Antiinfl.Antifebril","Jarabe/SuspensiÂ¢n oral/Polvo para uso oral"
"ibuprofeno","600 mg comp.x 10","IBUFABRA","Fabra","Analgesico Antiinflam.","Comprimidos/Pastillas/Tabletas/Grageas"
"ibuprofeno","comp.x 20","IBUPIRAC 600 MG","Pfizer","Analgesico Antiinflam.","Comprimidos/Pastillas/Tabletas/Grageas"
"ibuprofeno","2% susp.x 90 ml","IBUPROFENO SANT GALL FRIBURG","Sant Gall","Analgesico Antiinflam.","Jarabe/SuspensiÂ¢n oral/Polvo para uso oral"
"ibuprofeno","600 mg comp.x 20","IBUPROFENO VENT-3","Vent 3","Analgesico Antiinflam.","Comprimidos/Pastillas/Tabletas/Grageas"
"ibuprofeno","600 mg comp.x 20","IBUZIDINE","Biosintex Retai","Analgesico Antiinflam.","Comprimidos/Pastillas/Tabletas/Grageas"
"ibuprofeno","600 mg comp.x 20","IBUPROFENO TEVA","Teva Argentina","Analgesico Antiinflam.","Comprimidos/Pastillas/Tabletas/Grageas"
"ibuprofeno","gts. x 20 ml","IBUSOL","CassarÂ","Analgesico Antiinflam.","Gotas orales"
"ibuprofeno","comp.mast.x 20","IBUPIRETAS JR.","Pfizer","Analgesico Antifebril","Comprimidos/Pastillas/Tabletas/Grageas"
"ibuprofeno","800 mg comp.x 30","IBUPROFENO KLONAL MAX","Klonal","Analgesico Antiinflam.","Comprimidos/Pastillas/Tabletas/Grageas"
"ibuprofeno","susp.x 100 ml","FEBRATIC 4%","Roemmers","Analgesico Antiinflam.","Jarabe/SuspensiÂ¢n oral/Polvo para uso oral"
"ibuprofeno","cÂ ps.gelat.blanda x 20","FABOGESIC 600 RAPIDA ACCION","Savant Consumer","Analgesico Antiinflam.","CÂ psulas/Softgels"
"ibuprofeno","fco.x 90 ml","IBUCLER SUSPENSION 2%","Monserrat","Analgesico Antiinflam.","Jarabe/SuspensiÂ¢n oral/Polvo para uso oral"
"ibuprofeno","600 mg cÂ ps.blandas x 20","SINDOL 600","Microsules Arg.","Analgesico Antiinflam.","CÂ psulas/Softgels"
"ibuprofeno","susp.x 90 ml","IBUFABRA 4%","Fabra","Analgesico Antiinflam.","Jarabe/SuspensiÂ¢n oral/Polvo para uso oral"
"ibuprofeno","susp.oral x 180 ml","ACTRON PEDIATRICO 4%","Bayer Consumer","Analgesico Antifebril","Jarabe/SuspensiÂ¢n oral/Polvo para uso oral"
"ibuprofeno","400 mg comp.x 20","IBUZIDINE","Biosintex Retai","Analgesico Antiinflam.","Comprimidos/Pastillas/Tabletas/Grageas"
"ibuprofeno","600 mg comp.x 10","IBUPROFENO TEVA","Teva Argentina","Analgesico Antiinflam.","Comprimidos/Pastillas/Tabletas/Grageas"
"ibuprofeno","cÂ ps.gelatina blanda x20","ACTRON 600 RAPIDA ACCION","Bayer Consumer","Analgesico Antiinflam.","CÂ psulas/Softgels"
"ibuprofeno","600 mg comp.x 10","IBU 600","Genomma Lab.","Analgesico Antiinflam.","Comprimidos/Pastillas/Tabletas/Grageas"
"ibuprofeno","600 mg comp.x 10","IBUZIDINE","Biosintex Retai","Analgesico Antiinflam.","Comprimidos/Pastillas/Tabletas/Grageas"
"ibuprofeno","600 mg comp.x 10","IBUTENK","Biotenk","Analgesico","Comprimidos/Pastillas/Tabletas/Grageas"
"ibuprofeno","susp.oral gts.x 30 ml","IBUPIRAC GOTAS","Pfizer","Analgesico Antifebril","Jarabe/SuspensiÂ¢n oral/Polvo para uso oral"
"ibuprofeno","cÂ ps.gelat.blanda x 10","FABOGESIC 600 RAPIDA ACCION","Savant Consumer","Analgesico Antiinflam.","CÂ psulas/Softgels"
"ibuprofeno","400 mg comp.x 20","IBUFABRA","Fabra","Analgesico Antiinflam.","Comprimidos/Pastillas/Tabletas/Grageas"
"ibuprofeno","comp.x 10","IBUCLER 400","Monserrat","Analgesico Antiinflam.","Comprimidos/Pastillas/Tabletas/Grageas"
"ibuprofeno","2 g/100 ml susp.x 90 ml","IBUMAR","Mar","Analgesico Antiinflam.","Jarabe/SuspensiÂ¢n oral/Polvo para uso oral"
"ibuprofeno","comp.rec.x 10","IBU APRACUR 800","Austral","Analgesico Antiinflam.","Comprimidos/Pastillas/Tabletas/Grageas"
"ibuprofeno","600 mg comp.x 60","FABOGESIC","Savant Consumer","Analgesico Antiinflam.","Comprimidos/Pastillas/Tabletas/Grageas"
"ibuprofeno","comp.rec.x 20","IBUCLER 600","Monserrat","Analgesico Antiinflam.","Comprimidos/Pastillas/Tabletas/Grageas"
"ibuprofeno","600 mg cÂ ps.blandas x 20","MEJORAL IBUPROFENO 600","Laboratorio Mil","Analgesico Antiinfl.Antifebril","CÂ psulas/Softgels"
"ibuprofeno","comp.rec.x 10","IBUCLER 600","Monserrat","Analgesico Antiinflam.","Comprimidos/Pastillas/Tabletas/Grageas"
"ibuprofeno","cÂ ps.gelat.blanda x 20","ACTRON 600 RAPIDA ACCION NUEVA FORMULA","Bayer Consumer","Analgesico Antiinflam.","CÂ psulas/Softgels"
"ibuprofeno","4% susp.x 90 ml","IBUPROFENO KLONAL NF","Klonal","Analgesico Antiinflam.","Jarabe/SuspensiÂ¢n oral/Polvo para uso oral"
"ibuprofeno","400 mg comp.x 10","IBUMAR","Mar","Analgesico Antiinflam.","Comprimidos/Pastillas/Tabletas/Grageas"
"ibuprofeno","comp.x 10","IBUPIRAC 600 MG","Pfizer","Analgesico Antiinflam.","Comprimidos/Pastillas/Tabletas/Grageas"
"ibuprofeno","400 mg iny.x 3","IBUFABRA","Fabra","Analgesico Antiinflam.","Ampollas/Frascos-Ampolla/Liofilizados/Soluc.Parent"
"ibuprofeno","4% susp.x 90 ml","IBUMULTIN","Lazar","Analgesico Antiinflam.","Jarabe/SuspensiÂ¢n oral/Polvo para uso oral"
"ibuprofeno","600 mg comp.rec.x 50","VEFREN 600","Baliarda","Analgesico Antiinflam.","Comprimidos/Pastillas/Tabletas/Grageas"
"ibuprofeno","600 mg comp.x 20","IBUMAR 600","Mar","Analgesico Antiinflam.","Comprimidos/Pastillas/Tabletas/Grageas"
"ibuprofeno","fco.x 90 ml","IBUCLER SUSPENSION 4%","Monserrat","Analgesico Antifebril","Jarabe/SuspensiÂ¢n oral/Polvo para uso oral"
"ibuprofeno","4 g% susp.x 90 ml","IBUFULL 4%","Lafedar","Analgesico Antiinflam.","Jarabe/SuspensiÂ¢n oral/Polvo para uso oral"
"ibuprofeno","cÂ ps.blandas x 10","IBUPIRAC 600 CAPSULA BLANDA","Pfizer","Analgesico Antiinflam.","CÂ psulas/Softgels"
"ibuprofeno","4 g/100 ml susp.x 90 ml","IBUMAR","Mar","Analgesico Antiinflam.","Jarabe/SuspensiÂ¢n oral/Polvo para uso oral"
"ibuprofeno","600 mg cÂ ps.blandas x 10","MEJORAL IBUPROFENO 600","Laboratorio Mil","Analgesico Antiinfl.Antifebril","CÂ psulas/Softgels"
"ibuprofeno","cÂ ps.gelat.blanda x 10","ACTRON 600 RAPIDA ACCION NUEVA FORMULA","Bayer Consumer","Analgesico Antiinflam.","CÂ psulas/Softgels"
"ibuprofeno","400 mg comp.x 10","IBUFABRA","Fabra","Analgesico Antiinflam.","Comprimidos/Pastillas/Tabletas/Grageas"
"ibuprofeno","600 mg cÂ ps.blandas x 10","SINDOL 600","Microsules Arg.","Analgesico Antiinflam.","CÂ psulas/Softgels"
"ibuprofeno","600 mg comp.rec.x 20","VEFREN 600","Baliarda","Analgesico Antiinflam.","Comprimidos/Pastillas/Tabletas/Grageas"
"ibuprofeno","susp.oral x 90 ml","IBU APRACUR","Austral","Analgesico Antiinflam.","Jarabe/SuspensiÂ¢n oral/Polvo para uso oral"
"ibuprofeno","comp.rec.x 20","LABSYNA 800","Labsa","Analgesico Antiinflam.","Comprimidos/Pastillas/Tabletas/Grageas"
"ibuprofeno","600 mg comp.x 30","IBU 600","Genomma Lab.","Analgesico Antiinflam.","Comprimidos/Pastillas/Tabletas/Grageas"
"ibuprofeno","600 mg comp.x 50","IBUMAX","Pfizer","Analgesico Antiinflam.","Comprimidos/Pastillas/Tabletas/Grageas"
"ibuprofeno","600 mg comp. x 20","IBUFEC 600","Fecofar","Analgesico Antiinflam.","Comprimidos/Pastillas/Tabletas/Grageas"
"ibuprofeno","comp.x 20","IBUPIRAC 800 MG","Pfizer","Analgesico Antiinflam.","Comprimidos/Pastillas/Tabletas/Grageas"
"ibuprofeno","cÂ ps.blandas x 20","IBUPIRAC 600 CAPSULA BLANDA","Pfizer","Analgesico Antiinflam.","CÂ psulas/Softgels"
"ibuprofeno","800 mg comp.x 10","IBUTENK","Biotenk","Analgesico","Comprimidos/Pastillas/Tabletas/Grageas"
"ibuprofeno","600 mg comp.x 20","IBUTENK","Biotenk","Analgesico","Comprimidos/Pastillas/Tabletas/Grageas"
"ibuprofeno","600 mg comp.x 10","MEJORAL IBUPROFENO 600","Laboratorio Mil","Analgesico Antiinfl.Antifebril","Comprimidos/Pastillas/Tabletas/Grageas"
"ibuprofeno+codeina","comp.x 20","MENSALGIN","Soubeiran Chobe","Analgesico","Comprimidos/Pastillas/Tabletas/Grageas"
"ibuprofeno+codeina","30/200 mg comp.x 30","MENSALGIN FORTE","Soubeiran Chobe","Analgesico Antiinflam.","Comprimidos/Pastillas/Tabletas/Grageas"
"ibuprofeno+ergotamina+cafeina","comp.x 20","IBUPIRAC MIGRA","Pfizer","AntimigraÂ¤oso","Comprimidos/Pastillas/Tabletas/Grageas"
"ibuprofeno+ergotamina+cafeina","comp.rec.x 50","MIGRAL II","Montpellier","AntimigraÂ¤oso","Comprimidos/Pastillas/Tabletas/Grageas"
"ibuprofeno+ergotamina+cafeina","comp.rec.x 20","MIGRAL II","Montpellier","AntimigraÂ¤oso","Comprimidos/Pastillas/Tabletas/Grageas"
"indacaterol","300 mcg cÂ ps.p/inh.x30","ONBRIZE BREEZHALER","Novartis","Broncodilatador","CÂ psulas para inhalar"
"indacaterol","150 mcg cÂ ps.p/inh.x30","ONBRIZE BREEZHALER","Novartis","Broncodilatador","CÂ psulas para inhalar"
"indacaterol+glicopirronio","cÂ ps.p/inh.x30+dispos.","ENSTRUX BREEZHALER","Siegfried","Broncodilatador","CÂ psulas para inhalar"
"indacaterol+glicopirronio","cÂ ps.p/inh.x 30+inh.","ULTIBRO BREEZHALER","Novartis","Broncodilatador","CÂ psulas para inhalar"
"indapamida","1.5 mg comp.rec.x 30","NATRILIX SR","Servier","Antihipertensivo","Comprimidos/Pastillas/Tabletas/Grageas"
"indapamida","comp.x 60","NORANAT","Siegfried","Antihipertensivo","Comprimidos/Pastillas/Tabletas/Grageas"
"indapamida","comp.x 30","NORANAT","Siegfried","Antihipertensivo","Comprimidos/Pastillas/Tabletas/Grageas"
"indapamida","1.5 mg comp.rec.LP x 30","NORANAT SR","Siegfried","Antihipertensivo","Comprimidos/Pastillas/Tabletas/Grageas"
"indapamida","comp.x 50","INDAPAMIDA DUREMID","Soubeiran Chobe","Antihipertensivo","Comprimidos/Pastillas/Tabletas/Grageas"
"inmunoglobulina anti-rho","300mcg IM/IVjga.prell.x1","RHOPHYLAC","CSL Behring","Inmunoterapia pasiva","Jeringa prellenada"
"inmunoglobulina anti-rho","300 mcg f.a.x 1","GAMMA ANTI-RHO UNC","Hemoderivados","Inmunizacion pasiva","Ampollas/Frascos-Ampolla/Liofilizados/Soluc.Parent"
"inmunoglobulina anti-rho","300 mcg liof.x 1 x 2 ml","IMMUNORHO","Biofactor","Inmunizacion pasiva","Ampollas/Frascos-Ampolla/Liofilizados/Soluc.Parent"
"inmunoglobulina anti-rho","300 mcg IM f.a.x 1 x 2ml","KAMRHO D","Tuteur","Inmunoterapia pasiva","Ampollas/Frascos-Ampolla/Liofilizados/Soluc.Parent"
"ipratropio,bromuro","sol. p/nebul.x 20 ml","AEROTROP NEBU","Medisol","Broncodilatador","Sprays/Aerosoles/Soluciones para nebulizar"
"ipratropio,bromuro","sol.neb.x24 unid.x 2.5ml","AEROTROP","CassarÂ","Broncodilatador","Sprays/Aerosoles/Soluciones para nebulizar"
"ipratropio,bromuro","sol.p/nebulizar x 40 ml","IPATROP","Lafedar","Broncodilatador","Sprays/Aerosoles/Soluciones para nebulizar"
"ipratropio,bromuro","sol.x 20 ml","AKITROPIO","Kilab","Broncodilatador","Sprays/Aerosoles/Soluciones para nebulizar"
"ipratropio,bromuro","sol.p/nebulizar x 20 ml","IPATROP","Lafedar","Broncodilatador","Sprays/Aerosoles/Soluciones para nebulizar"
"ipratropio,bromuro","aer.hfa x 250 ds.","AEROTROP","CassarÂ","Broncodilatador","Sprays/Aerosoles/Soluc.p/nebulizar CON APLICADOR"
"ipratropio,bromuro","spray nasal x 120 dosis","AEROTROP","CassarÂ","Broncodilatador","Sprays/Aerosoles/Soluc.p/nebulizar CON APLICADOR"
"ipratropio,bromuro","aerosol hfa x 10 ml","ATROVENT HFA","Boehringer Inge","Broncodilatador","Sprays/Aerosoles/Soluc.p/nebulizar CON APLICADOR"
"ipratropio,bromuro+fenoterol","aerosol hfa x 10 ml","BERODUAL HFA","Boehringer Inge","Broncodilatador","Sprays/Aerosoles/Soluc.p/nebulizar CON APLICADOR"
"isosorbide,dinitrato","5 mg comp.subl.x 30","MEDOCOR SUBLINGUAL","Roemmers","Vasodilatador coronario","Comprimidos/Pastillas/Tabletas/Grageas"
"isosorbide,mononitrato","20 mg comp.x 20","ISOSORBIDE 5 MONONITRATO TECHSPHERE","Techsphere","Antianginoso Vasodil.coron.","Comprimidos/Pastillas/Tabletas/Grageas"
"isosorbide,mononitrato","cÂ ps.x 30","MEDOCOR AP","Roemmers","Vasodilatador coronario","CÂ ps./Comp. de LiberaciÂ¢n Controlada"
"isosorbide,mononitrato","comp.x 40","MEDOCOR","Roemmers","Vasodilatador coronario","Comprimidos/Pastillas/Tabletas/Grageas"
"isosorbide,mononitrato","comp.x 20","MEDOCOR","Roemmers","Vasodilatador coronario","Comprimidos/Pastillas/Tabletas/Grageas"
"isosorbide,mononitrato","20 mg comp.x 50","ISOSORBIDE 5 MONONITRATO TECHSPHERE","Techsphere","Antianginoso Vasodil.coron.","Comprimidos/Pastillas/Tabletas/Grageas"
"isoxuprina","20 mg comp.x 20","ISOXSUPRINA FABRA","Fabra","Relajante uterino","Comprimidos/Pastillas/Tabletas/Grageas"
"isoxuprina","20 mg comp.x 20","DUVADILAN","Adium","Relajante uterino","Comprimidos/Pastillas/Tabletas/Grageas"
"isoxuprina","10 mg comp.x 20","ISOXSUPRINA FABRA","Fabra","Relajante uterino","Comprimidos/Pastillas/Tabletas/Grageas"
"isoxuprina","10 mg comp.x 20","DUVADILAN","Adium","Relajante uterino","Comprimidos/Pastillas/Tabletas/Grageas"
"itraconazol","cÂ ps.x 28","PANASTAT 200","Panalab","Antimicotico","CÂ psulas/Softgels"
"itraconazol","50 mg cÂ ps.x 14","ITRAISDIN","Isdin","Antimicotico","CÂ psulas/Softgels"
"itraconazol","200 mg cÂ ps.x 7","SALIMIDIN 200","Megalabs Argent","Antimicotico","CÂ psulas/Softgels"
"itraconazol","100 mg cÂ ps.x 30","SALIMIDIN 100","Megalabs Argent","Antimicotico","CÂ psulas/Softgels"
"itraconazol","cÂ ps.x 15","PANASTAT","Panalab","Antimicotico","CÂ psulas/Softgels"
"itraconazol","cÂ ps.x 14","ITRAC 200","CassarÂ","Antimicotico","CÂ psulas/Softgels"
"itraconazol","cÂ ps.x 28","SPORANOX PULSO","Janssen-Cilag","Antimicotico","CÂ psulas/Softgels"
"itraconazol","cÂ ps.x 30","PANASTAT","Panalab","Antimicotico","CÂ psulas/Softgels"
"itraconazol","cÂ ps.x 15","ITRAC 100","CassarÂ","Antimicotico","CÂ psulas/Softgels"
"itraconazol","100 mg cÂ ps.x 15","SALIMIDIN 100","Megalabs Argent","Antimicotico","CÂ psulas/Softgels"
"itraconazol","cÂ ps.x 21","PANASTAT 200","Panalab","Antimicotico","CÂ psulas/Softgels"
"itraconazol","cÂ ps.x 14","PANASTAT 200","Panalab","Antimicotico","CÂ psulas/Softgels"
"itraconazol","200 mg cÂ ps.x 21","SALIMIDIN 200","Megalabs Argent","Antimicotico","CÂ psulas/Softgels"
"itraconazol","cÂ ps.x 7","PANASTAT 200","Panalab","Antimicotico","CÂ psulas/Softgels"
"itraconazol","200 mg cÂ ps.x 14","SALIMIDIN 200","Megalabs Argent","Antimicotico","CÂ psulas/Softgels"
"ivabradina","7.5 mg comp.rec.x 28","PROCORALAN","Servier","Antianginoso","Comprimidos/Pastillas/Tabletas/Grageas"
"ivabradina","7.5 mg comp.rec.x 56","PROCORALAN","Servier","Antianginoso","Comprimidos/Pastillas/Tabletas/Grageas"
"ivabradina","5 mg comp.rec.x 28","PROCORALAN","Servier","Antianginoso","Comprimidos/Pastillas/Tabletas/Grageas"
"ivabradina","5 mg comp.rec.x 56","PROCORALAN","Servier","Antianginoso","Comprimidos/Pastillas/Tabletas/Grageas"
"ivermectina","comp.x 2","SECURO","Megalabs Argent","Antiparasitario","Comprimidos/Pastillas/Tabletas/Grageas"
"ivermectina","6 mg comp.x 6","IVERMECTINA MONSERRAT Y ECLAIR","Monserrat","Antiparasitario","Comprimidos/Pastillas/Tabletas/Grageas"
"ivermectina","6 mg comp.x 12","IVERTAL","Panalab","Antiparasitario","Comprimidos/Pastillas/Tabletas/Grageas"
"ivermectina","comp.x 6","SECURO","Megalabs Argent","Antiparasitario","Comprimidos/Pastillas/Tabletas/Grageas"
"ivermectina","comp.x 4","IVERCASS","CassarÂ","Antiparasitario","Comprimidos/Pastillas/Tabletas/Grageas"
"ivermectina","sol.oral gtas.x 20 ml","IVERCASS","CassarÂ","Antiparasitario","Gotas orales"
"ivermectina","6 mg comp.x 6","IVER P","Elea","Antiparasitario","Comprimidos/Pastillas/Tabletas/Grageas"
"ivermectina","6 mg comp.x 6","IVERTAL","Panalab","Antiparasitario","Comprimidos/Pastillas/Tabletas/Grageas"
"ivermectina","6 mg comp.x 6","VERMECTIN","Lafedar","Antiparasitario","Comprimidos/Pastillas/Tabletas/Grageas"
"ketoconazol","cr.x 15 g","ORIFUNGAL","Janssen-Cilag","Antimicotico","Cremas/Geles/Pomadas/UngÂentos"
"ketoconazol","2% cr.x 15 g","KEDUO","Megalabs Argent","Antimicotico","Cremas/Geles/Pomadas/UngÂentos"
"ketoconazol","2% cr.x 15 g","KETOLEF","Biosintex","Antimicotico","Cremas/Geles/Pomadas/UngÂentos"
"ketoconazol","cr.x 30 g","MICORAL","Siegfried","Antimicotico","Cremas/Geles/Pomadas/UngÂentos"
"ketoconazol","comp.x 30","MICORAL","Siegfried","Antimicotico","Comprimidos/Pastillas/Tabletas/Grageas"
"ketoconazol","pvo.x 50 g","KETONAZOL LAFEDAR","Lafedar","Antimicotico","Polvo uso externo/Talco"
"ketoconazol","comp.x 10","MICORAL","Siegfried","Antimicotico","Comprimidos/Pastillas/Tabletas/Grageas"
"ketoconazol","cr.x 30 g","FITONAL","AndrÂ¢maco","Antimicotico","Cremas/Geles/Pomadas/UngÂentos"
"ketoconazol","2% cr.x 15 g","KETONAZOL LAFEDAR","Lafedar","Antimicotico","Cremas/Geles/Pomadas/UngÂentos"
"ketoconazol","200 mg comp.x 20","KETOCONAZOL FABRA","Fabra","Antimicotico","Comprimidos/Pastillas/Tabletas/Grageas"
"ketoconazol","200 mg comp.x 10","KETONAZOL LAFEDAR","Lafedar","Antimicotico","Comprimidos/Pastillas/Tabletas/Grageas"
"ketoconazol","ov.x 5","FANGAN","Lazar","Antimicotico","Ovulos/Comprimidos vaginales"
"ketoconazol","2% susp.oral x 100 ml","KETONAZOL LAFEDAR","Lafedar","Antimicotico","Jarabe/SuspensiÂ¢n oral/Polvo para uso oral"
"ketoconazol","cr.x 15 g","QUADION","Fortbenton","Antimicotico topico","Cremas/Geles/Pomadas/UngÂentos"
"ketoconazol","2% susp.oral x 30 ml","KETONAZOL LAFEDAR","Lafedar","Antimicotico","Jarabe/SuspensiÂ¢n oral/Polvo para uso oral"
"ketoconazol","comp.x 20","FITONAL","AndrÂ¢maco","Antimicotico","Comprimidos/Pastillas/Tabletas/Grageas"
"ketoconazol+hidrocort.+gentamic.","cr.x 30 g","TRIDERMAL","Panalab","Antibiotico Antiinfl.Antimicot.","Cremas/Geles/Pomadas/UngÂentos"
"ketoconazol+hidrocort.+gentamic.","cr.x 15 g","MICROSONA C","Siegfried","Antibiotico Antiinfl.","Cremas/Geles/Pomadas/UngÂentos"
"ketoconazol+hidrocort.+gentamic.","cr.x 30 g","TRIEFECT CREMA","Omicron","Antibiotico Antiinfl.Antimicot.","Cremas/Geles/Pomadas/UngÂentos"
"ketoconazol+hidrocort.+gentamic.","cr.x 15 g","TRIEFECT CREMA","Omicron","Antibiotico Antiinfl.Antimicot.","Cremas/Geles/Pomadas/UngÂentos"
"ketorolac","10 mg comp.subl.x 10","UNICALM","Adium","Analgesico Antiinflam.","Comprimidos/Pastillas/Tabletas/Grageas"
"ketorolac","10 mg comp.subl.x 10","KETOROLAC LABSA","Labsa","Analgesico Antiinflam.","Comprimidos/Pastillas/Tabletas/Grageas"
"ketorolac","10 mg comp.x 20","KETOROLAC FABRA","Fabra","Analgesico Antiinflam.","Comprimidos/Pastillas/Tabletas/Grageas"
"ketorolac","10 mg comp.rec.x 10","DORIXINA FORTE NF","Roemmers","Analgesico","Comprimidos/Pastillas/Tabletas/Grageas"
"ketorolac","20 mg comp.x 20","KEMANAT","Microsules Arg.","Analgesico","Comprimidos/Pastillas/Tabletas/Grageas"
"ketorolac","20 mg comp.rec.x 10","KETOROLAC LABSA","Labsa","Analgesico Antiinflam.","Comprimidos/Pastillas/Tabletas/Grageas"
"ketorolac","20 mg comp.x 10","KEMANAT","Microsules Arg.","Analgesico","Comprimidos/Pastillas/Tabletas/Grageas"
"ketorolac","10 mg comp.x 20","KEMANAT","Microsules Arg.","Analgesico","Comprimidos/Pastillas/Tabletas/Grageas"
"ketorolac","10 mg comp.rec.x 20","KETOROLAC LABSA","Labsa","Analgesico Antiinflam.","Comprimidos/Pastillas/Tabletas/Grageas"
"ketorolac","sublingual comp.x 10","KEMANAT","Microsules Arg.","Analgesico","Comprimidos/Pastillas/Tabletas/Grageas"
"ketorolac","20 mg comp.x 10","KETOROLAC 20 MG","Vent 3","Analgesico","Comprimidos/Pastillas/Tabletas/Grageas"
"ketorolac","20 mg comp.x 10","DUPRAC","Savant Generic","Analgesico Antiinflam.","Comprimidos/Pastillas/Tabletas/Grageas"
"ketorolac","10 mg comp.subl.x 10","ELGYDOL","Sidus","Analgesico","Comprimidos/Pastillas/Tabletas/Grageas"
"ketorolac","20 mg comp.x 20","SINALGICO","Laboratorios Be","Analgesico Antiinflam.","Comprimidos/Pastillas/Tabletas/Grageas"
"ketorolac","10 mg comp.x 10","KEMANAT","Microsules Arg.","Analgesico","Comprimidos/Pastillas/Tabletas/Grageas"
"ketorolac","10 mg comp.subl.x 10","DUPRAC SL","Savant Generic","Analgesico Antiinflam.","Comprimidos/Pastillas/Tabletas/Grageas"
"ketorolac","20 mg comp.x 20","UNICALM","Adium","Analgesico Antiinflam.","Comprimidos/Pastillas/Tabletas/Grageas"
"ketorolac","10 mg comp.x 20","SINALGICO","Laboratorios Be","Analgesico Antiinflam.","Comprimidos/Pastillas/Tabletas/Grageas"
"ketorolac","10 mg comp.subl.x 20","DORIXINA FORTE NF","Roemmers","Analgesico","Comprimidos/Pastillas/Tabletas/Grageas"
"ketorolac","10 mg comp.x 10","DOLTEN","Pfizer","Analgesico","Comprimidos/Pastillas/Tabletas/Grageas"
"ketorolac","10 mg comp.subl.x 20","SINALGICO SL","Laboratorios Be","Analgesico Antiinflam.","Comprimidos/Pastillas/Tabletas/Grageas"
"ketorolac","20 mg comp.x 20","DOLTEN","Pfizer","Analgesico","Comprimidos/Pastillas/Tabletas/Grageas"
"ketorolac","20 mg comp.x 10","UNICALM","Adium","Analgesico Antiinflam.","Comprimidos/Pastillas/Tabletas/Grageas"
"ketorolac","20 mg comp.x 20","TELEDOL","Casasco","Analgesico","Comprimidos/Pastillas/Tabletas/Grageas"
"ketorolac","10 mg comp.subl.x 20","KETOROLAC FABRA SL","Fabra","Analgesico Antiinflam.","Comprimidos/Pastillas/Tabletas/Grageas"
"ketorolac","10 mg comp.subl.x 10","DORIXINA FORTE NF","Roemmers","Analgesico","Comprimidos/Pastillas/Tabletas/Grageas"
"ketorolac","10 mg comp.subl.x 10","SINALGICO SL","Laboratorios Be","Analgesico Antiinflam.","Comprimidos/Pastillas/Tabletas/Grageas"
"ketorolac","20 mg comp.x 10","DOLTEN","Pfizer","Analgesico","Comprimidos/Pastillas/Tabletas/Grageas"
"ketorolac","10 mg comp.x 10","UNICALM","Adium","Analgesico Antiinflam.","Comprimidos/Pastillas/Tabletas/Grageas"
"ketorolac","20 mg comp.x 20","KETOROLAC FABRA","Fabra","Analgesico Antiinflam.","Comprimidos/Pastillas/Tabletas/Grageas"
"ketorolac","10 mg comp.subl.x 10","TELEDOL SL","Casasco","Analgesico","Comprimidos/Pastillas/Tabletas/Grageas"
"ketorolac","20 mg comp.x 10","TELEDOL","Casasco","Analgesico","Comprimidos/Pastillas/Tabletas/Grageas"
"ketorolac","20 mg comp.x 10","SINALGICO","Laboratorios Be","Analgesico Antiinflam.","Comprimidos/Pastillas/Tabletas/Grageas"
"ketorolac","10 mg comp.subl.x 10","KETOROLAC FABRA SL","Fabra","Analgesico Antiinflam.","Comprimidos/Pastillas/Tabletas/Grageas"
"ketorolac","20 mg comp.rec.x 10","DORIXINA FORTE NF","Roemmers","Analgesico","Comprimidos/Pastillas/Tabletas/Grageas"
"ketorolac","10 mg comp.x 20","DOLTEN","Pfizer","Analgesico","Comprimidos/Pastillas/Tabletas/Grageas"
"ketorolac trometamina","20 mg comp.x 10","KETOROLAC VANNIER","Vannier","Analgesico","Comprimidos/Pastillas/Tabletas/Grageas"
"ketorolac trometamina","10 mg comp.x 20","KETIAL","Rospaw","Analgesico Antiinflam.","Comprimidos/Pastillas/Tabletas/Grageas"
"ketorolac trometamina","10 mg comp.x 10","TENKDOL SL","Biotenk","Analgesico Antiinflam.","Comprimidos/Pastillas/Tabletas/Grageas"
"ketorolac trometamina","10 mg comp.subl.x 10","KETOMAR SL","Mar","Analgesico Antiinflam.","Comprimidos/Pastillas/Tabletas/Grageas"
"ketorolac trometamina","10 mg comp.x 10","KETIAL","Rospaw","Analgesico Antiinflam.","Comprimidos/Pastillas/Tabletas/Grageas"
"ketorolac trometamina","10 mg comp.subl.x 10","KETOROLAC VANNIER","Vannier","Analgesico","Comprimidos/Pastillas/Tabletas/Grageas"
"ketorolac trometamina","20 mg comp.ran.x 10","TENKDOL","Biotenk","Analgesico Antiinflam.","Comprimidos/Pastillas/Tabletas/Grageas"
"ketorolac trometamina","20 mg comp.x 20","KETOMAR","Mar","Analgesico Antiinflam.","Comprimidos/Pastillas/Tabletas/Grageas"
"ketorolac trometamina","10 mg comp.subl.x 10","DIROLAC SL","Biosintex","Analgesico","Comprimidos/Pastillas/Tabletas/Grageas"
"ketorolac trometamina","20 mg comp.x 10","KETOMAR","Mar","Analgesico Antiinflam.","Comprimidos/Pastillas/Tabletas/Grageas"
"ketorolac trometamina","10 mg comp.subl.x 10","KETIAL RAPID","Rospaw","Analgesico Antiinflam.","Comprimidos/Pastillas/Tabletas/Grageas"
"ketorolac trometamina","10 mg comp.x 20","KETOMAR","Mar","Analgesico Antiinflam.","Comprimidos/Pastillas/Tabletas/Grageas"
"ketorolac trometamina","20 mg comp.x 20","KETIAL","Rospaw","Analgesico Antiinflam.","Comprimidos/Pastillas/Tabletas/Grageas"
"ketorolac trometamina","10 mg comp.x 10","KETOMAR","Mar","Analgesico Antiinflam.","Comprimidos/Pastillas/Tabletas/Grageas"
"ketorolac trometamina","20 mg comp.ran.x 20","TENKDOL","Biotenk","Analgesico Antiinflam.","Comprimidos/Pastillas/Tabletas/Grageas"
"ketorolac trometamina","20 mg comp.x 20","KETOROLAC VANNIER","Vannier","Analgesico","Comprimidos/Pastillas/Tabletas/Grageas"
"ketorolac trometamina","20 mg comp.x 10","KETIAL","Rospaw","Analgesico Antiinflam.","Comprimidos/Pastillas/Tabletas/Grageas"
"labetalol","200 mg comp.x 20","BIASCOR","Biol","Antihipertensivo","Comprimidos/Pastillas/Tabletas/Grageas"
"labetalol","200 mg comp.x 60","BIASCOR","Biol","Antihipertensivo","Comprimidos/Pastillas/Tabletas/Grageas"
"labetalol","200 mg comp.x 20","LABETALOL RICHET","Richet","Antihipertensivo","Comprimidos/Pastillas/Tabletas/Grageas"
"labetalol","200 mg comp.x 50","LABETALOL RICHET","Richet","Antihipertensivo","Comprimidos/Pastillas/Tabletas/Grageas"
"labetalol","200 mg comp.x 20","BLOCAMINE","Lafedar","Antihipertensivo","Comprimidos/Pastillas/Tabletas/Grageas"
"labetalol","5 mg/ml a.x 10 x 4 ml","BIASCOR","Biol","Antihipertensivo","Ampollas/Frascos-Ampolla/Liofilizados/Soluc.Parent"
"lactulosa","10 g sob.x 16","LACTULON","Lazar","Regulador intestinal","Jarabe/SuspensiÂ¢n oral/Polvo para uso oral"
"lactulosa","15 ml sachets x 16","LACTULON","Lazar","Regulador intestinal","Jarabe/SuspensiÂ¢n oral/Polvo para uso oral"
"lactulosa","jbe.x 250 ml","RONELAX","Ronnet","Regulador intestinal","Jarabe/SuspensiÂ¢n oral/Polvo para uso oral"
"lactulosa","10 g sob.x 8","LACTULON","Lazar","Regulador intestinal","Jarabe/SuspensiÂ¢n oral/Polvo para uso oral"
"lactulosa","15 ml sachets x 8","LACTULON","Lazar","Regulador intestinal","Jarabe/SuspensiÂ¢n oral/Polvo para uso oral"
"lactulosa","jbe.x 120 ml","LACTULON","Lazar","Regulador intestinal","Jarabe/SuspensiÂ¢n oral/Polvo para uso oral"
"lactulosa","jbe.x 120 ml","LAFELAX","Lafedar","Regulador intestinal","Jarabe/SuspensiÂ¢n oral/Polvo para uso oral"
"lactulosa","jbe.x 120 ml","RONELAX","Ronnet","Regulador intestinal","Jarabe/SuspensiÂ¢n oral/Polvo para uso oral"
"lactulosa","jbe.x 250 ml","LACTULON","Lazar","Regulador intestinal","Jarabe/SuspensiÂ¢n oral/Polvo para uso oral"
"lansoprazol","susp.sob.x 30","LANZOPRAL MD","Roemmers","Antiulceroso","Jarabe/SuspensiÂ¢n oral/Polvo para uso oral"
"lansoprazol","susp.sob.x 30","LANZOPRAL","Roemmers","Antiulceroso","Jarabe/SuspensiÂ¢n oral/Polvo para uso oral"
"latanoprost","sol.oft.estâril x 2.5 ml","OFTALPRES","Denver Farma","Hipotensor ocular","Gotas oftÂ lmicas/Colirios"
"latanoprost","50mcg/ml sol.oft.x 2.5ml","GLAUCOSTAT","Max Vision","Hipotensor ocular","Gotas oftÂ lmicas/Colirios"
"latanoprost","50mcg/ml gts.oft.x 2.5ml","LATANOFLAX","Sidus","Hipotensor ocular","Gotas oftÂ lmicas/Colirios"
"latanoprost","emuls.x 2.5 ml","LOUTEN","Poen","Antiglaucomatoso","Gotas oftÂ lmicas/Colirios"
"latanoprost","gts.oft.x 3 ml","GAAP OFTENO","Siegfried","Hipotensor ocular","Gotas oftÂ lmicas/Colirios"
"latanoprost","fco.got.sol.oft.x 2.5ml","GLAUCOGESIC","Lab Internacion","Hipotensor ocular","Gotas oftÂ lmicas/Colirios"
"latanoprost","gts.oft.x 2.5 ml","XALATAN","Aspen Pharma","Hipotensor ocular","Gotas oftÂ lmicas/Colirios"
"latanoprost","gts.oft.x 3 ml","GAAP OFTENO PF","Siegfried","Hipotensor ocular","Gotas oftÂ lmicas/Colirios"
"latanoprost","50mcg/ml sol.oft.x 2.5ml","KLONAPROST","Klonal","Hipotensor ocular","Gotas oftÂ lmicas/Colirios"
"latanoprost","50mcg/ml sol.oft.x 2.5ml","LATANOPROST DORF","PharmaDorf","Hipotensor ocular","Gotas oftÂ lmicas/Colirios"
"latanoprost+timolol","sol.oft.x 2.5 ml","GLAUCOGESIC T","Lab Internacion","Antiglaucomatoso","Gotas oftÂ lmicas/Colirios"
"latanoprost+timolol","gts.oft.x 2.5 ml","XALACOM","Aspen Pharma","Hipotensor ocular","Gotas oftÂ lmicas/Colirios"
"latanoprost+timolol","colirio x 2.5 ml","LOUTEN T","Poen","Hipotensor ocular","Gotas oftÂ lmicas/Colirios"
"latanoprost+timolol","gts.oft.x 2.5 ml","LATANOFLAX T","Sidus","Hipotensor ocular","Gotas oftÂ lmicas/Colirios"
"latanoprost+timolol","gts.oft.x 2.5 ml","LATIMODORF","PharmaDorf","Hipotensor ocular","Gotas oftÂ lmicas/Colirios"
"latanoprost+timolol","gts.oft.x 2.5 ml","GLAUCOSTAT T","Max Vision","Hipotensor ocular","Gotas oftÂ lmicas/Colirios"
"latanoprosteno bunod","sol.oft. x 5 ml","VYZULTA","Bausch & Lomb A","Antiglaucomatoso","Gotas oftÂ lmicas/Colirios"
"leflunomida","20 mg comp.rec.x 30","INMUNOARTRO","Beta","Antirreumatico Inmunomodulador","Comprimidos/Pastillas/Tabletas/Grageas"
"leflunomida","20 mg comp.rec.x 30","LEFLUAR","Rontag","Antirreumatico Inmunomodulador","Comprimidos/Pastillas/Tabletas/Grageas"
"leflunomida","20 mg comp.rec.x 30","FLUXAP","Trb-Pharma","Antirreumatico Inmunomodulador","Comprimidos/Pastillas/Tabletas/Grageas"
"leflunomida","20 mg comp.rec.x 30","AFIANCEN","Eurofarma","Antirreumatico Inmunomodulador","Comprimidos/Pastillas/Tabletas/Grageas"
"leflunomida","20 mg comp.rec.x 30","LEFLUNOMIDA SC","Ariston","Antirreumatico Inmunomodulador","Comprimidos/Pastillas/Tabletas/Grageas"
"leflunomida","20 mg comp.rec.x 60","FLUDART","Craveri","Antirreumatico Inmunomodulador","Comprimidos/Pastillas/Tabletas/Grageas"
"leflunomida","20 mg comp.rec.x 30","FILARTROS","Teva Argentina","Antirreumatico Inmunomodulador","Comprimidos/Pastillas/Tabletas/Grageas"
"leflunomida","20 mg comp.rec.x 30","FLUDART","Craveri","Antirreumatico Inmunomodulador","Comprimidos/Pastillas/Tabletas/Grageas"
"levetiracetam","sol.oral x 300 ml","CALLEXE","Casasco","Anticonvulsivo","Jarabe/SuspensiÂ¢n oral/Polvo para uso oral"
"levetiracetam","500 mg comp.x 60","LEVRON","Rontag","Antiepileptico","Comprimidos/Pastillas/Tabletas/Grageas"
"levetiracetam","1000 mg comp.rec.x 30","LEPTAM","Beta","Antiepileptico","Comprimidos/Pastillas/Tabletas/Grageas"
"levetiracetam","500 mg comp.x 60","EQUILEA","Elea","Anticonvulsivo","Comprimidos/Pastillas/Tabletas/Grageas"
"levetiracetam","500 mg comp.rec.ran.x 20","LEVECOM 500","Baliarda","Antiepileptico","Comprimidos/Pastillas/Tabletas/Grageas"
"levetiracetam","1000 mg comp.rec.x 30","LEVENOVA","Celnova Argenti","Antiepileptico","Comprimidos/Pastillas/Tabletas/Grageas"
"levetiracetam","500 mg comp.x 60","LEVAXON","Adium","Antiepileptico","Comprimidos/Pastillas/Tabletas/Grageas"
"levetiracetam","1000 mg comp.rec.x 30","CALLEXE","Casasco","Anticonvulsivo","Comprimidos/Pastillas/Tabletas/Grageas"
"levetiracetam","500 mg comp.x 20","LEVRON","Rontag","Antiepileptico","Comprimidos/Pastillas/Tabletas/Grageas"
"levetiracetam","500 mg comp.rec.x 60","LEPTAM","Beta","Antiepileptico","Comprimidos/Pastillas/Tabletas/Grageas"
"levetiracetam","1000 mg comp.x 30","ETABYX","Gador","Antiepileptico","Comprimidos/Pastillas/Tabletas/Grageas"
"levetiracetam","soluciÂ¢n x 300 ml","MOLIVAL","Temis-LostalÂ¢","Antiepileptico","Jarabe/SuspensiÂ¢n oral/Polvo para uso oral"
"levetiracetam","500 mg comp.x 30","EQUILEA","Elea","Anticonvulsivo","Comprimidos/Pastillas/Tabletas/Grageas"
"levetiracetam","500 mg comp.rec.x 60","LEVENOVA","Celnova Argenti","Antiepileptico","Comprimidos/Pastillas/Tabletas/Grageas"
"levetiracetam","500 mg comp.x 20","LEVAXON","Adium","Antiepileptico","Comprimidos/Pastillas/Tabletas/Grageas"
"levetiracetam","500 mg comp.rec.x 50","CALLEXE","Casasco","Anticonvulsivo","Comprimidos/Pastillas/Tabletas/Grageas"
"levetiracetam","1000 mg comp.x 60","KEPPRA","GlaxoSmithKline","Antiepileptico","Comprimidos/Pastillas/Tabletas/Grageas"
"levetiracetam","500 mg comp.rec.x 30","LEPTAM","Beta","Antiepileptico","Comprimidos/Pastillas/Tabletas/Grageas"
"levetiracetam","1000 mg comp.rec.x 60","CALLEXE","Casasco","Anticonvulsivo","Comprimidos/Pastillas/Tabletas/Grageas"
"levetiracetam","sol.oral x 300 ml","KEPPRA","GlaxoSmithKline","Antiepileptico","Jarabe/SuspensiÂ¢n oral/Polvo para uso oral"
"levetiracetam","1000 mg comp.rec.x 60","RACETAM 1000","BagÂ¢","Antiepileptico","Comprimidos/Pastillas/Tabletas/Grageas"
"levetiracetam","500 mg comp.rec.x 60","ETABYX","Gador","Antiepileptico","Comprimidos/Pastillas/Tabletas/Grageas"
"levetiracetam","1000 mg comp.rec.x 30","LEVITAL","Siegfried","Antiepileptico","Comprimidos/Pastillas/Tabletas/Grageas"
"levetiracetam","500 mg comp.rec.x 30","CALLEXE","Casasco","Anticonvulsivo","Comprimidos/Pastillas/Tabletas/Grageas"
"levetiracetam","500 mg comp.x 30","KEPPRA","GlaxoSmithKline","Antiepileptico","Comprimidos/Pastillas/Tabletas/Grageas"
"levetiracetam","500 mg comp.rec.x 60","CALLEXE","Casasco","Anticonvulsivo","Comprimidos/Pastillas/Tabletas/Grageas"
"levetiracetam","500 mg comp.rec.ran.x 30","LEVECOM 500","Baliarda","Antiepileptico","Comprimidos/Pastillas/Tabletas/Grageas"
"levetiracetam","1000 mg comp.x 60","LEVRON","Rontag","Antiepileptico","Comprimidos/Pastillas/Tabletas/Grageas"
"levetiracetam","750 mg comp.lib.prol.x30","LEVECOM XR 750","Baliarda","Antiepileptico","CÂ ps./Comp. de LiberaciÂ¢n Controlada"
"levetiracetam","sol.oral x 300 ml","LEVECOM SOLUCIÃ N","Baliarda","Antiepileptico","Jarabe/SuspensiÂ¢n oral/Polvo para uso oral"
"levetiracetam","1000 mg comp.rec.x 30","RACETAM 1000","BagÂ¢","Antiepileptico","Comprimidos/Pastillas/Tabletas/Grageas"
"levetiracetam","500 mg comp.rec.x 30","ETABYX","Gador","Anticonvulsivo","Comprimidos/Pastillas/Tabletas/Grageas"
"levetiracetam","comp.rec.ran.x 30","VECETAM 1000","Richmond","Anticonvulsivo","Comprimidos/Pastillas/Tabletas/Grageas"
"levetiracetam","500 mg comp.rec.x 60","LEVITAL","Siegfried","Antiepileptico","Comprimidos/Pastillas/Tabletas/Grageas"
"levetiracetam","500 mg comp.x 60","KEPPRA","GlaxoSmithKline","Antiepileptico","Comprimidos/Pastillas/Tabletas/Grageas"
"levetiracetam","1000 mg comp.rec.x 30","MOLIVAL 1000","Temis-LostalÂ¢","Antiepileptico","Comprimidos/Pastillas/Tabletas/Grageas"
"levetiracetam","250 mg comp.x 30","LEVRON","Rontag","Antiepileptico","Comprimidos/Pastillas/Tabletas/Grageas"
"levetiracetam","1000 mg comp.x 30","KEPPRA","GlaxoSmithKline","Antiepileptico","Comprimidos/Pastillas/Tabletas/Grageas"
"levetiracetam","1000 mg comp.x 30","LAFONTEN","Teva Argentina","Anticonvulsivo","Comprimidos/Pastillas/Tabletas/Grageas"
"levetiracetam","500 mg comp.lib.prol.x30","LEVECOM XR 500","Baliarda","Antiepileptico","CÂ ps./Comp. de LiberaciÂ¢n Controlada"
"levetiracetam","1000mg comp.rec.ran.x 60","LEVECOM 1000","Baliarda","Antiepileptico","Comprimidos/Pastillas/Tabletas/Grageas"
"levetiracetam","500 mg comp.rec.x 60","RACETAM 500","BagÂ¢","Antiepileptico","Comprimidos/Pastillas/Tabletas/Grageas"
"levetiracetam","comp.rec.ran.x 60","VECETAM 500","Richmond","Anticonvulsivo","Comprimidos/Pastillas/Tabletas/Grageas"
"levetiracetam","500 mg comp.rec.x 30","LEVITAL","Siegfried","Antiepileptico","Comprimidos/Pastillas/Tabletas/Grageas"
"levetiracetam","500 mg comp.x 20","KEPPRA","GlaxoSmithKline","Antiepileptico","Comprimidos/Pastillas/Tabletas/Grageas"
"levetiracetam","500 mg comp.rec.x 60","MOLIVAL 500","Temis-LostalÂ¢","Antiepileptico","Comprimidos/Pastillas/Tabletas/Grageas"
"levetiracetam","1000mg comp.rec.ran.x 30","LEVECOM 1000","Baliarda","Antiepileptico","Comprimidos/Pastillas/Tabletas/Grageas"
"levetiracetam","1000 mg comp.x 60","EQUILEA","Elea","Anticonvulsivo","Comprimidos/Pastillas/Tabletas/Grageas"
"levetiracetam","500 mg comp.x 30","LAFONTEN","Teva Argentina","Anticonvulsivo","Comprimidos/Pastillas/Tabletas/Grageas"
"levetiracetam","500 mg comp.rec.x 30","RACETAM 500","BagÂ¢","Antiepileptico","Comprimidos/Pastillas/Tabletas/Grageas"
"levetiracetam","750 mg comp.x 30","CALLEXE XR","Casasco","Anticonvulsivo","CÂ ps./Comp. de LiberaciÂ¢n Controlada"
"levetiracetam","500 mg iny.a.x 5","CALLEXE","Casasco","Anticonvulsivo","Ampollas/Frascos-Ampolla/Liofilizados/Soluc.Parent"
"levetiracetam","1000 mg comp.x 30","LEVRON","Rontag","Antiepileptico","Comprimidos/Pastillas/Tabletas/Grageas"
"levetiracetam","sol.oral x 200 ml","LEVITAL","Siegfried","Antiepileptico","Jarabe/SuspensiÂ¢n oral/Polvo para uso oral"
"levetiracetam","100 mg/ml susp.x 300 ml","LEVETIRACETAM RICHET","Richet","Antiepileptico","Jarabe/SuspensiÂ¢n oral/Polvo para uso oral"
"levetiracetam","1000 mg comp.x 30","EQUILEA","Elea","Anticonvulsivo","Comprimidos/Pastillas/Tabletas/Grageas"
"levetiracetam","500 mg comp.rec.ran.x 60","LEVECOM 500","Baliarda","Antiepileptico","Comprimidos/Pastillas/Tabletas/Grageas"
"levetiracetam","1000 mg comp.x 30","LEVAXON","Adium","Antiepileptico","Comprimidos/Pastillas/Tabletas/Grageas"
"levetiracetam","1000 mg comp.rec.x 50","CALLEXE","Casasco","Anticonvulsivo","Comprimidos/Pastillas/Tabletas/Grageas"
"levetiracetam","500 mg comp.x 30","CALLEXE XR","Casasco","Anticonvulsivo","CÂ ps./Comp. de LiberaciÂ¢n Controlada"
"levocetirizina","5 mg comp.rec.x 10","TIRIZ","Eurofarma","Antihistaminico","Comprimidos/Pastillas/Tabletas/Grageas"
"levocetirizina","gts.x 20 ml","LEVOMINE","AndrÂ¢maco","Antialergico Antihistaminico","Gotas/Geles nasales"
"levocetirizina","5 mg comp.rec.x 30","TIRIZ","Eurofarma","Antihistaminico","Comprimidos/Pastillas/Tabletas/Grageas"
"levocetirizina","5 mg comp.rec.x 30","ANALERG","Rontag","Antihistaminico","Comprimidos/Pastillas/Tabletas/Grageas"
"levocetirizina","10 mg comp.x 30","SUPRALER FORTE","Panalab","Antihistaminico","Comprimidos/Pastillas/Tabletas/Grageas"
"levocetirizina","5 mg gtas.x 20 ml","SUPRALER","Panalab","Antialergico Antihistaminico","Gotas/Geles nasales"
"levocetirizina","5 mg comp.rec.x 10","ANALERG","Rontag","Antihistaminico","Comprimidos/Pastillas/Tabletas/Grageas"
"levocetirizina","5 mg cÂ ps.x 30","SUPRALER RAPID","Panalab","Antialergico Antihistaminico","CÂ psulas/Softgels"
"levocetirizina","5 mg comp.x 10","LEVOMINE","AndrÂ¢maco","Antihistaminico","Comprimidos/Pastillas/Tabletas/Grageas"
"levocetirizina","5 mg comp.x 30","SUPRALER","Panalab","Antihistaminico","Comprimidos/Pastillas/Tabletas/Grageas"
"levocetirizina","10 mg comp.x 10","SUPRALER FORTE","Panalab","Antihistaminico","Comprimidos/Pastillas/Tabletas/Grageas"
"levocetirizina","5 mg cÂ ps.x 10","SUPRALER RAPID","Panalab","Antialergico Antihistaminico","CÂ psulas/Softgels"
"levocetirizina","5 mg comp.x 10","SUPRALER","Panalab","Antihistaminico","Comprimidos/Pastillas/Tabletas/Grageas"
"levocetirizina","5 mg comp.x 30","LEVOMINE","AndrÂ¢maco","Antihistaminico","Comprimidos/Pastillas/Tabletas/Grageas"
"levodopa+benserazida","250 mg comp.x 30","MADOPAR","Siegfried","Antiparkinsoniano","Comprimidos/Pastillas/Tabletas/Grageas"
"levodopa+benserazida","250 mg comp.x 50","MADOPAR","Siegfried","Antiparkinsoniano","Comprimidos/Pastillas/Tabletas/Grageas"
"levodopa+benserazida","125 mg cÂ ps.x 50","MADOPAR HBS","Siegfried","Antiparkinsoniano","CÂ psulas/Softgels"
"levodopa+benserazida","125 mg tab.dispers.x 100","MADOPAR DISPERSABLE","Siegfried","Antiparkinsoniano","Comprimidos/Pastillas/Tabletas/Grageas"
"levodopa+benserazida","125 mg cÂ ps.x 30","MADOPAR HBS","Siegfried","Antiparkinsoniano","CÂ psulas/Softgels"
"levodopa+benserazida","62.5 mg tab.dispers.x100","MADOPAR DISPERSABLE","Siegfried","Antiparkinsoniano","Comprimidos/Pastillas/Tabletas/Grageas"
"levodopa+carbidopa","100 mg/25 mg comp.x 30","PARKINEL 100/25","BagÂ¢","Antiparkinsoniano","Comprimidos/Pastillas/Tabletas/Grageas"
"levodopa+carbidopa","100/25 comp. x 60","LEBOCAR","Pfizer","Antiparkinsoniano","Comprimidos/Pastillas/Tabletas/Grageas"
"levodopa+carbidopa","250 mg/25 mg comp.x 60","PARKINEL 250/25","BagÂ¢","Antiparkinsoniano","Comprimidos/Pastillas/Tabletas/Grageas"
"levodopa+carbidopa","250/25 mg comp.x 30","LECARGE","Klonal","Antiparkinsoniano","Comprimidos/Pastillas/Tabletas/Grageas"
"levodopa+carbidopa","100/25 comp. x 30","LEBOCAR","Pfizer","Antiparkinsoniano","Comprimidos/Pastillas/Tabletas/Grageas"
"levodopa+carbidopa","250/25 comp. x 30","LEBOCAR","Pfizer","Antiparkinsoniano","Comprimidos/Pastillas/Tabletas/Grageas"
"levodopa+carbidopa","250/25 comp. x 60","LEBOCAR","Pfizer","Antiparkinsoniano","Comprimidos/Pastillas/Tabletas/Grageas"
"levodopa+carbidopa","250 mg/25 mg comp.x 30","PARKINEL 250/25","BagÂ¢","Antiparkinsoniano","Comprimidos/Pastillas/Tabletas/Grageas"
"levofloxacina","500 mg comp.rec.ran.x 7","SEPTIBIOTIC","Sidus","Antibiotico","Comprimidos/Pastillas/Tabletas/Grageas"
"levofloxacina","500 mg comp.rec.x 7","FLOXLEVO","Biotenk","Antibiotico","Comprimidos/Pastillas/Tabletas/Grageas"
"levofloxacina","750 mg comp.rec.x 5","UNILEVO 750","Gâminis Farmacâ","Antibiotico","Comprimidos/Pastillas/Tabletas/Grageas"
"levofloxacina","500 mg comp.rec.x 7","BACFURON","Laboratorios Be","Antibiotico","Comprimidos/Pastillas/Tabletas/Grageas"
"levofloxacina","750 mg comp.rec.x 5","BACTIFREN 750","Montpellier","Antibiotico","Comprimidos/Pastillas/Tabletas/Grageas"
"levofloxacina","750 mg comp.rec.x 5","LEVOFLOXACINA FABRA","Fabra","Antibiotico","Comprimidos/Pastillas/Tabletas/Grageas"
"levofloxacina","750 mg comp.rec.x 5","BACTOCILINA","Lazar","Antibiotico","Comprimidos/Pastillas/Tabletas/Grageas"
"levofloxacina","750 mg comp.rec.x 5","ELY DIAR","Microsules Arg.","Antibiotico","Comprimidos/Pastillas/Tabletas/Grageas"
"levofloxacina","500 mg comp.rec.x 7","ULTRAQUIN","Panalab","Antibiotico","Comprimidos/Pastillas/Tabletas/Grageas"
"levofloxacina","750 mg comp. rec.x 5","LEVOFLOXACINA RICHET","Richet","Antibiotico","Comprimidos/Pastillas/Tabletas/Grageas"
"levofloxacina","500 mg comp.rec.x 7","BACTOCILINA","Lazar","Antibiotico","Comprimidos/Pastillas/Tabletas/Grageas"
"levofloxacina","750 mg comp.rec.x 5","FENTAXINA","Casasco","Antibiotico","Comprimidos/Pastillas/Tabletas/Grageas"
"levofloxacina","750 mg comp.rec.x 5","SEPTIBIOTIC","Sidus","Antibiotico","Comprimidos/Pastillas/Tabletas/Grageas"
"levofloxacina","500 mg comp.rec.x 7","CEPLENE PLUS","Duncan","Antibiotico","Comprimidos/Pastillas/Tabletas/Grageas"
"levofloxacina","500 mg comp.rec.x 7","LEFLUMAX","Elea","Antibiotico","Comprimidos/Pastillas/Tabletas/Grageas"
"levofloxacina","750 mg comp.rec.x 5","ANUAR","Siegfried","Antibiotico","Comprimidos/Pastillas/Tabletas/Grageas"
"levofloxacina","750 mg comp.rec.x 5","CEPLENE PLUS","Duncan","Antibiotico","Comprimidos/Pastillas/Tabletas/Grageas"
"levofloxacina","500 mg comp.rec.ran.x 7","VALIFLOX 500","Baliarda","Antibiotico","Comprimidos/Pastillas/Tabletas/Grageas"
"levofloxacina","750 mg comp.rec.x 5","LEFLUMAX","Elea","Antibiotico","Comprimidos/Pastillas/Tabletas/Grageas"
"levofloxacina","500 mg comp.rec.x 7","FENTAXINA","Casasco","Antibiotico","Comprimidos/Pastillas/Tabletas/Grageas"
"levofloxacina","500 mg comp.rec.ran.x 7","UNIFLOX","Adium","Antibiotico","Comprimidos/Pastillas/Tabletas/Grageas"
"levofloxacina","500 mg comp.rec.x 7","ANUAR","Siegfried","Antibiotico","Comprimidos/Pastillas/Tabletas/Grageas"
"levofloxacina","500 mg comp.rec.ran.x 14","SEPTIBIOTIC","Sidus","Antibiotico","Comprimidos/Pastillas/Tabletas/Grageas"
"levofloxacina","750 mg comp.rec.x 5","UNIFLOX 750","Adium","Antibiotico","Comprimidos/Pastillas/Tabletas/Grageas"
"levofloxacina","500 mg comp. rec.x 7","LEVOFLOXACINA RICHET","Richet","Antibiotico","Comprimidos/Pastillas/Tabletas/Grageas"
"levofloxacina","750 mg comp.rec.x 5","LEXOBRON 750","Roemmers","Antibiotico","Comprimidos/Pastillas/Tabletas/Grageas"
"levofloxacina","500 mg comp.rec.x 7","BACTIFREN 500","Montpellier","Antibiotico","Comprimidos/Pastillas/Tabletas/Grageas"
"levofloxacina","500 mg comp.rec.x 14","UNILEVO 500","Gâminis Farmacâ","Antibiotico","Comprimidos/Pastillas/Tabletas/Grageas"
"levofloxacina","500 mg comp. rec.x 14","LEVOFLOXACINA RICHET","Richet","Antibiotico","Comprimidos/Pastillas/Tabletas/Grageas"
"levofloxacina","750 mg comp.rec.x 5","ULTRAQUIN","Panalab","Antibiotico","Comprimidos/Pastillas/Tabletas/Grageas"
"levofloxacina","500 mg comp.rec.x 7","LEXOBRON 500","Roemmers","Antibiotico","Comprimidos/Pastillas/Tabletas/Grageas"
"levofloxacina","750 mg comp.rec.ran.x 5","VALIFLOX 750","Baliarda","Antibiotico","Comprimidos/Pastillas/Tabletas/Grageas"
"levofloxacina","750 mg comp.rec.x 5","BACFURON","Laboratorios Be","Antibiotico","Comprimidos/Pastillas/Tabletas/Grageas"
"levofloxacina","500 mg comp.rec.x 7","UNILEVO 500","Gâminis Farmacâ","Antibiotico","Comprimidos/Pastillas/Tabletas/Grageas"
"levofloxacina","750 mg comp.rec.x 5","FLOXLEVO","Biotenk","Antibiotico","Comprimidos/Pastillas/Tabletas/Grageas"
"levofloxacina","500 mg comp.rec.x 14","ULTRAQUIN","Panalab","Antibiotico","Comprimidos/Pastillas/Tabletas/Grageas"
"levofloxacina","500 mg comp.rec.x 14","BACFURON","Laboratorios Be","Antibiotico","Comprimidos/Pastillas/Tabletas/Grageas"
"levofloxacina","500 mg comp.rec.ran.x 14","UNIFLOX","Adium","Antibiotico","Comprimidos/Pastillas/Tabletas/Grageas"
"levofloxacina","comp. rec.x 5","TAMIRAM 750","Eurofarma","Antibiotico","Comprimidos/Pastillas/Tabletas/Grageas"
"levonorgestrel","comp.rec.x 35","NORGESTREL CONTINUO","Biotenk","Anticonceptivo","Comprimidos/Pastillas/Tabletas/Grageas"
"levonorgestrel+estradiol","blist.grag.x 21","CICLOCUR","Adium","Hormonoterapia","Comprimidos/Pastillas/Tabletas/Grageas"
"levonorgestrel+etinilestradiol","comp.rec.x 21","NORGESTREL PLUS","Biotenk","Anticonceptivo","Comprimidos/Pastillas/Tabletas/Grageas"
"levonorgestrel+etinilestradiol","comp.x 28","FEMEXIN 28","Elea","Anticonceptivo","Comprimidos/Pastillas/Tabletas/Grageas"
"levonorgestrel+etinilestradiol","blist.grag.x 21","MICROGYNON","Adium","Anticonceptivo","Comprimidos/Pastillas/Tabletas/Grageas"
"levonorgestrel+etinilestradiol","comp.x 21","APRIL","Gador","Anticonceptivo","Comprimidos/Pastillas/Tabletas/Grageas"
"levonorgestrel+etinilestradiol","comp.x 21","NICOLLE","Biotenk","Anticonceptivo","Comprimidos/Pastillas/Tabletas/Grageas"
"levonorgestrel+etinilestradiol","grag.x 21","MICROVLAR","Adium","Anovulatorio","Comprimidos/Pastillas/Tabletas/Grageas"
"levonorgestrel+etinilestradiol","comp.x 2","DOS DIAS N","Elea","Diag.de amenorreas","Comprimidos/Pastillas/Tabletas/Grageas"
"levonorgestrel+etinilestradiol","comp.x 28","ELEKTRA","Craveri","Anovulatorio","Comprimidos/Pastillas/Tabletas/Grageas"
"levonorgestrel+etinilestradiol","comp.rec.x 21","MICROFEM MAX","Lafedar","Anticonceptivo","Comprimidos/Pastillas/Tabletas/Grageas"
"levonorgestrel+etinilestradiol","grag.x 21","TRIDESTAN N","Gador","Anticonceptivo","Comprimidos/Pastillas/Tabletas/Grageas"
"levonorgestrel+etinilestradiol","comp.x 28","NORFEN","PharmaDorf","Anticonceptivo","Comprimidos/Pastillas/Tabletas/Grageas"
"levonorgestrel+etinilestradiol","comp.rec.x 28","ELEKTRA MAX","Craveri","Anovulatorio","Comprimidos/Pastillas/Tabletas/Grageas"
"levonorgestrel+etinilestradiol","comp.x 28","APRIL 28","Gador","Anticonceptivo","Comprimidos/Pastillas/Tabletas/Grageas"
"levonorgestrel+etinilestradiol","comp.rec.x 91 (84-7)","ANUBIS","Siegfried","Anticonceptivo","Comprimidos/Pastillas/Tabletas/Grageas"
"levonorgestrel+etinilestradiol","comp.x 21","FEMEXIN","Elea","Anticonceptivo","Comprimidos/Pastillas/Tabletas/Grageas"
"levonorgestrel+etinilestradiol","blist.grag.x 21","TRIQUILAR","Adium","Anticonceptivo","Comprimidos/Pastillas/Tabletas/Grageas"
"levonorgestrel+etinilestradiol","grag.x 21","MIRANOVA","Bayer (PH)","Anticonceptivo","Comprimidos/Pastillas/Tabletas/Grageas"
"levonorgestrel+etinilestradiol","comp.rec.x 21","FORLADY","Microsules Arg.","Anovulatorio","Comprimidos/Pastillas/Tabletas/Grageas"
"levotiroxina","88 mcg comp.x 50","LEVOTIROXINA GSK","GlaxoSmithKline","Terapeutica tiroidea","Comprimidos/Pastillas/Tabletas/Grageas"
"levotiroxina","75 mcg comp.birran.x 50","EUTHYROX","Elea","Terapeutica tiroidea","Comprimidos/Pastillas/Tabletas/Grageas"
"levotiroxina","175 mcg comp.birran.x 50","EUTHYROX","Elea","Terapeutica tiroidea","Comprimidos/Pastillas/Tabletas/Grageas"
"levotiroxina","88 mcg comp.x 50","T4 MONTPELLIER 88","Montpellier","Terapeutica tiroidea","Comprimidos/Pastillas/Tabletas/Grageas"
"levotiroxina","100 mcg comp.x 50","LEVOTIROXINA GSK","GlaxoSmithKline","Terapeutica tiroidea","Comprimidos/Pastillas/Tabletas/Grageas"
"levotiroxina","75 mcg comp.x 50","LEVOTIROXINA GSK","GlaxoSmithKline","Terapeutica tiroidea","Comprimidos/Pastillas/Tabletas/Grageas"
"levotiroxina","50 mcg comp.birran.x 50","EUTHYROX","Elea","Terapeutica tiroidea","Comprimidos/Pastillas/Tabletas/Grageas"
"levotiroxina","175 mcg comp.x 50","LEVOTIROXINA GSK","GlaxoSmithKline","Terapeutica tiroidea","Comprimidos/Pastillas/Tabletas/Grageas"
"levotiroxina","25 mcg comp.x 50","T4 MONTPELLIER 25","Montpellier","Terapeutica tiroidea","Comprimidos/Pastillas/Tabletas/Grageas"
"levotiroxina","200 mcg comp.x 50","T4 MONTPELLIER 200","Montpellier","Terapeutica tiroidea","Comprimidos/Pastillas/Tabletas/Grageas"
"levotiroxina","25 mcg comp.x 50","LEVOTIROXINA GSK","GlaxoSmithKline","Terapeutica tiroidea","Comprimidos/Pastillas/Tabletas/Grageas"
"levotiroxina","137 mcg comp.birran.x 50","EUTHYROX","Elea","Terapeutica tiroidea","Comprimidos/Pastillas/Tabletas/Grageas"
"levotiroxina","150 mcg comp.x 50","LEVOTIROXINA GSK","GlaxoSmithKline","Terapeutica tiroidea","Comprimidos/Pastillas/Tabletas/Grageas"
"levotiroxina","50 mcg comp.x 50","LEVOTIROXINA GSK","GlaxoSmithKline","Terapeutica tiroidea","Comprimidos/Pastillas/Tabletas/Grageas"
"levotiroxina","125 mcg comp.x 50","T4 MONTPELLIER 125","Montpellier","Terapeutica tiroidea","Comprimidos/Pastillas/Tabletas/Grageas"
"levotiroxina","150 mcg comp.x 50","T4 MONTPELLIER 150","Montpellier","Terapeutica tiroidea","Comprimidos/Pastillas/Tabletas/Grageas"
"levotiroxina","0.10 mg comp.x 50","LEVOTIROXINA FABRA 100","Fabra","Terapeutica tiroidea","Comprimidos/Pastillas/Tabletas/Grageas"
"levotiroxina","112 mcg comp.birran.x 50","EUTHYROX","Elea","Terapeutica tiroidea","Comprimidos/Pastillas/Tabletas/Grageas"
"levotiroxina","137 mcg comp.x 50","LEVOTIROXINA GSK","GlaxoSmithKline","Terapeutica tiroidea","Comprimidos/Pastillas/Tabletas/Grageas"
"levotiroxina","150 mcg comp.birran.x 50","EUTHYROX","Elea","Terapeutica tiroidea","Comprimidos/Pastillas/Tabletas/Grageas"
"levotiroxina","75 mcg comp.x 50","T4 MONTPELLIER 75","Montpellier","Terapeutica tiroidea","Comprimidos/Pastillas/Tabletas/Grageas"
"levotiroxina","175 mcg comp.x 50","T4 MONTPELLIER 175","Montpellier","Terapeutica tiroidea","Comprimidos/Pastillas/Tabletas/Grageas"
"levotiroxina","88 mcg comp.birran.x 50","EUTHYROX","Elea","Terapeutica tiroidea","Comprimidos/Pastillas/Tabletas/Grageas"
"levotiroxina","125 mcg comp.x 50","LEVOTIROXINA GSK","GlaxoSmithKline","Terapeutica tiroidea","Comprimidos/Pastillas/Tabletas/Grageas"
"levotiroxina","125 mcg comp.birran.x 50","EUTHYROX","Elea","Terapeutica tiroidea","Comprimidos/Pastillas/Tabletas/Grageas"
"levotiroxina","0.05 mg comp.x 50","LEVOTIROXINA FABRA 50","Fabra","Terapeutica tiroidea","Comprimidos/Pastillas/Tabletas/Grageas"
"levotiroxina","50 mcg comp.x 50","T4 MONTPELLIER 50","Montpellier","Terapeutica tiroidea","Comprimidos/Pastillas/Tabletas/Grageas"
"levotiroxina","137 mcg comp.x 50","T4 MONTPELLIER 137","Montpellier","Terapeutica tiroidea","Comprimidos/Pastillas/Tabletas/Grageas"
"levotiroxina","112 mcg comp.x 50","LEVOTIROXINA GSK","GlaxoSmithKline","Terapeutica tiroidea","Comprimidos/Pastillas/Tabletas/Grageas"
"levotiroxina","100 mcg comp.birran.x 50","EUTHYROX","Elea","Terapeutica tiroidea","Comprimidos/Pastillas/Tabletas/Grageas"
"levotiroxina","200 mcg comp.birran.x 50","EUTHYROX","Elea","Terapeutica tiroidea","Comprimidos/Pastillas/Tabletas/Grageas"
"levotiroxina","100 mcg comp.x 50","T4 MONTPELLIER 100","Montpellier","Terapeutica tiroidea","Comprimidos/Pastillas/Tabletas/Grageas"
"levotiroxina","25 mcg comp.birran.x 50","EUTHYROX","Elea","Terapeutica tiroidea","Comprimidos/Pastillas/Tabletas/Grageas"
"levotiroxina","112 mcg comp.x 50","T4 MONTPELLIER 112","Montpellier","Terapeutica tiroidea","Comprimidos/Pastillas/Tabletas/Grageas"
"liotironina","comp.x 30","T3 MONTPELLIER 5","Montpellier","Terapeutica tiroidea","Comprimidos/Pastillas/Tabletas/Grageas"
"liotironina","comp.x 30","T3 MONTPELLIER 20","Montpellier","Terapeutica tiroidea","Comprimidos/Pastillas/Tabletas/Grageas"
"loperamida","2 mg comp.x 10","LOPERAMIDA VANNIER","Vannier","Antidiarreico","Comprimidos/Pastillas/Tabletas/Grageas"
"loperamida","comp.x 10","LOPERAMIDA FABRA","Fabra","Antidiarreico","Comprimidos/Pastillas/Tabletas/Grageas"
"loperamida","comp.x 10","IONET","Cetus","Antidiarreico","Comprimidos/Pastillas/Tabletas/Grageas"
"loperamida","comp.x 10","REGULANE","Finadiet","Antidiarreico","Comprimidos/Pastillas/Tabletas/Grageas"
"loperamida","2 mg comp.x 10","LOPERIX","Rospaw","Antidiarreico","Comprimidos/Pastillas/Tabletas/Grageas"
"loperamida","comp.x 10","COLIFILM","Eurofarma","Antidiarreico","Comprimidos/Pastillas/Tabletas/Grageas"
"loperamida","2 mg comp.x 10","CUSTEY","Microsules Arg.","Antidiarreico","Comprimidos/Pastillas/Tabletas/Grageas"
"loperamida","comp.x 10","NORMASEC","Ronnet","Antidiarreico","Comprimidos/Pastillas/Tabletas/Grageas"
"loperamida","2 mg comp.x 10","LANSEKA","Lafedar","Antidiarreico","Comprimidos/Pastillas/Tabletas/Grageas"
"loratadina","comp.x 10","ALERPRIV","Montpellier","Antihistaminico","Comprimidos/Pastillas/Tabletas/Grageas"
"loratadina","jbe.x 60 ml","PRIMER NIVEL","Laboratorios Be","Antihistaminico","Jarabe/SuspensiÂ¢n oral/Polvo para uso oral"
"loratadina","jbe.x 90 ml","DEVEDRYL","Klonal","Antialergico","Jarabe/SuspensiÂ¢n oral/Polvo para uso oral"
"loratadina","comp.x 10","VIXIDONE L","Siegfried","Antialergico","Comprimidos/Pastillas/Tabletas/Grageas"
"loratadina","10 mg comp.x 30","PRIMER NIVEL","Laboratorios Be","Antihistaminico","Comprimidos/Pastillas/Tabletas/Grageas"
"loratadina","10 mg comp.x 10","LORATADINA VANNIER","Vannier","Antihistaminico","Comprimidos/Pastillas/Tabletas/Grageas"
"loratadina","comp.x 10","NULAREF","Lafedar","Antihistaminico","Comprimidos/Pastillas/Tabletas/Grageas"
"loratadina","10 mg comp.x 15","DEVEDRYL","Klonal","Antihistaminico","Comprimidos/Pastillas/Tabletas/Grageas"
"loratadina","comp.x 30","LISALER","Fortbenton","Antihistaminico","Comprimidos/Pastillas/Tabletas/Grageas"
"loratadina","jbe.x 60 ml","ALERPRIV","Montpellier","Antihistaminico","Jarabe/SuspensiÂ¢n oral/Polvo para uso oral"
"loratadina","comp.x 10","LISALER","Fortbenton","Antihistaminico","Comprimidos/Pastillas/Tabletas/Grageas"
"loratadina","jbe.x 60 ml","LORATADINA VANNIER","Vannier","Antihistaminico","Jarabe/SuspensiÂ¢n oral/Polvo para uso oral"
"loratadina","jbe.x 60 ml","NULAREF","Lafedar","Antihistaminico","Jarabe/SuspensiÂ¢n oral/Polvo para uso oral"
"loratadina","comp.x 30","ALERPRIV","Montpellier","Antihistaminico","Comprimidos/Pastillas/Tabletas/Grageas"
"losartan","50 mg comp.rec.x 15","PRISONIL","Lepetit","Antihipertensivo","Comprimidos/Pastillas/Tabletas/Grageas"
"losartan","50 mg comp.x 30","ANTIPRESOL","Fecofar","Antihipertensivo","Comprimidos/Pastillas/Tabletas/Grageas"
"losartan","50 mg comp.rec.x 30","TACICUL","Denver Farma","Antihipertensivo","Comprimidos/Pastillas/Tabletas/Grageas"
"losartan","100 mg comp.x 30","PRISONIL 100","Lepetit","Antihipertensivo","Comprimidos/Pastillas/Tabletas/Grageas"
"losartan","50 mg comp.x 60","LOSARTAN VANNIER","Vannier","Antihipertensivo","Comprimidos/Pastillas/Tabletas/Grageas"
"losartan","50 mg comp.rec.x 30","VINTEX","Rospaw","Antihipertensivo","Comprimidos/Pastillas/Tabletas/Grageas"
"losartan","50 mg comp.rec.x 60","LOREBIL 50","Gâminis Farmacâ","Antihipertensivo","Comprimidos/Pastillas/Tabletas/Grageas"
"losartan","50 mg comp.rec.x 60","PRISONIL","Lepetit","Antihipertensivo","Comprimidos/Pastillas/Tabletas/Grageas"
"losartan","50 mg comp.x 60","LOSARTAN RICHET","Richet","Antihipertensivo","Comprimidos/Pastillas/Tabletas/Grageas"
"losartan","100 mg comp.x 30","LOSARTAN RICHET","Richet","Antihipertensivo","Comprimidos/Pastillas/Tabletas/Grageas"
"losartan","100 mg comp.rec.x 30","PAXON","Gador","Antihipertensivo","Comprimidos/Pastillas/Tabletas/Grageas"
"losartan","100 mg comp.rec.x 30","LOSACOR","Roemmers","Antihipertensivo","Comprimidos/Pastillas/Tabletas/Grageas"
"losartan","100 mg comp.x 30","COZAAREX","Organon Arg.","Antihipertensivo","Comprimidos/Pastillas/Tabletas/Grageas"
"losartan","100 mg comp.x 30","FENSARTAN","Elea","Antihipertensivo","Comprimidos/Pastillas/Tabletas/Grageas"
"losartan","50 mg comp.x 60","LOPLAC","Casasco","Antihipertensivo","Comprimidos/Pastillas/Tabletas/Grageas"
"losartan","100 mg comp.rec.x 30","ENROMIC","Microsules Arg.","Antihipertensivo","Comprimidos/Pastillas/Tabletas/Grageas"
"losartan","50 mg comp.rec.x 60","PRESIMAX 50","BagÂ¢","Antihipertensivo","Comprimidos/Pastillas/Tabletas/Grageas"
"losartan","50 mg comp.rec.x 60","ENROMIC","Microsules Arg.","Antihipertensivo","Comprimidos/Pastillas/Tabletas/Grageas"
"losartan","100 mg comp.x 28","TACARDIA","Richmond","Antihipertensivo","Comprimidos/Pastillas/Tabletas/Grageas"
"losartan","100 mg comp.x 30","CARTAN","Eurofarma","Antihipertensivo","Comprimidos/Pastillas/Tabletas/Grageas"
"losartan","100 mg comp. rec.x 30","FRABAN","Francelab","Antihipertensivo","Comprimidos/Pastillas/Tabletas/Grageas"
"losartan","comp.rec.x 60","NITEN 100","Teva Argentina","Antihipertensivo","Comprimidos/Pastillas/Tabletas/Grageas"
"losartan","100 mg comp.x 60","LOPLAC","Casasco","Antihipertensivo","Comprimidos/Pastillas/Tabletas/Grageas"
"losartan","50 mg comp.rec.x 60","LOSACOR","Roemmers","Antihipertensivo","Comprimidos/Pastillas/Tabletas/Grageas"
"losartan","100 mg comp.x 30","TEMISARTAN","Temis-LostalÂ¢","Antihipertensivo","Comprimidos/Pastillas/Tabletas/Grageas"
"losartan","100 mg comp.x 30","LOPLAC XR","Casasco","Antihipertensivo","CÂ ps./Comp. de LiberaciÂ¢n Controlada"
"losartan","100 mg comp.x 60","PRISONIL 100","Lepetit","Antihipertensivo","Comprimidos/Pastillas/Tabletas/Grageas"
"losartan","comp.lib.cont.x30","FENSARTAN CRONOS","Elea","Antihipertensivo","CÂ ps./Comp. de LiberaciÂ¢n Controlada"
"losartan","50 mg comp.x 30 (TRZB)","LOSARTAN RICHET","Richet","Antihipertensivo","Comprimidos/Pastillas/Tabletas/Grageas"
"losartan","50 mg comp.x 30","COZAAREX","Organon Arg.","Antihipertensivo","Comprimidos/Pastillas/Tabletas/Grageas"
"losartan","50 mg comp.rec.x 30","PAXON","Gador","Antihipertensivo","Comprimidos/Pastillas/Tabletas/Grageas"
"losartan","50 mg comp.x 30","FENSARTAN","Elea","Antihipertensivo","Comprimidos/Pastillas/Tabletas/Grageas"
"losartan","50 mg comp.x 30","LOSARGAL","Sant Gall","Antihipertensivo","Comprimidos/Pastillas/Tabletas/Grageas"
"losartan","50 mg comp. rec.x 30","FRABAN 50","Francelab","Antihipertensivo","Comprimidos/Pastillas/Tabletas/Grageas"
"losartan","100 mg comp.rec.x 30","FIBAN 100","Finadiet","Antihipertensivo","Comprimidos/Pastillas/Tabletas/Grageas"
"losartan","comp.x 60","NITEN","Teva Argentina","Antihipertensivo","Comprimidos/Pastillas/Tabletas/Grageas"
"losartan","50 mg comp.x 30","LOPLAC","Casasco","Antihipertensivo","Comprimidos/Pastillas/Tabletas/Grageas"
"losartan","100 mg comp.rec.x 30","PRESIMAX 100","BagÂ¢","Antihipertensivo","Comprimidos/Pastillas/Tabletas/Grageas"
"losartan","50 mg comp.rec.x 30","PRISONIL","Lepetit","Antihipertensivo","Comprimidos/Pastillas/Tabletas/Grageas"
"losartan","50 mg comp.x 30","BESUBIAL","Biosintex Retai","Antihipertensivo","Comprimidos/Pastillas/Tabletas/Grageas"
"losartan","100 mg comp.rec.x 30","LOCTENK","Biotenk","Antihipertensivo","Comprimidos/Pastillas/Tabletas/Grageas"
"losartan","50 mg comp.x 30","JESAN","Savant Generic","Antihipertensivo","Comprimidos/Pastillas/Tabletas/Grageas"
"losartan","50 mg comp.rec.x 30","FIBAN 50","Finadiet","Antihipertensivo","Comprimidos/Pastillas/Tabletas/Grageas"
"losartan","50 mg comp.x 60","TACARDIA","Richmond","Antihipertensivo","Comprimidos/Pastillas/Tabletas/Grageas"
"losartan","50 mg comp.rec.x 30","PRESIMAX 50","BagÂ¢","Antihipertensivo","Comprimidos/Pastillas/Tabletas/Grageas"
"losartan","50 mg comp.x 30","LOSARTAN VANNIER","Vannier","Antihipertensivo","Comprimidos/Pastillas/Tabletas/Grageas"
"losartan","50 mg comp.rec.x 60","LOCTENK","Biotenk","Antihipertensivo","Comprimidos/Pastillas/Tabletas/Grageas"
"losartan","50 mg comp.rec.x 30","ENROMIC","Microsules Arg.","Antihipertensivo","Comprimidos/Pastillas/Tabletas/Grageas"
"losartan","comp.rec.x 30","NITEN 100","Teva Argentina","Antihipertensivo","Comprimidos/Pastillas/Tabletas/Grageas"
"losartan","50 mg comp.rec.x 30","LOSACOR","Roemmers","Antihipertensivo","Comprimidos/Pastillas/Tabletas/Grageas"
"losartan","50 mg comp.x 30","CORTICOSAN","Fabra","Antihipertensivo","Comprimidos/Pastillas/Tabletas/Grageas"
"losartan","100 mg comp.x 30","LOPLAC","Casasco","Antihipertensivo","Comprimidos/Pastillas/Tabletas/Grageas"
"losartan","100 mg comp.rec.x 30","TARCANE","Eczane","Antihipertensivo","Comprimidos/Pastillas/Tabletas/Grageas"
"losartan","100 mg comp.rec.x 30","VASEXTEN 100","Laboratorios Be","Antihipertensivo","Comprimidos/Pastillas/Tabletas/Grageas"
"losartan","100 mg comp.rec.x 60","PAXON","Gador","Antihipertensivo","Comprimidos/Pastillas/Tabletas/Grageas"
"losartan","100 mg comp.rec.x 30","LOSARTAN LABSA","Labsa","Antihipertensivo","Comprimidos/Pastillas/Tabletas/Grageas"
"losartan","100 mg comp.lib.cont.x30","PAXON XR","Gador","Antihipertensivo","CÂ ps./Comp. de LiberaciÂ¢n Controlada"
"losartan","50 mg comp.x 30","TROEZEL","Duncan","Antihipertensivo","Comprimidos/Pastillas/Tabletas/Grageas"
"losartan","50 mg comp.x 30","PRESINOR","Lafedar","Antihipertensivo","Comprimidos/Pastillas/Tabletas/Grageas"
"losartan","comp.x 30","NITEN","Teva Argentina","Antihipertensivo","Comprimidos/Pastillas/Tabletas/Grageas"
"losartan","50 mg comp.x 30","TACARDIA","Richmond","Antihipertensivo","Comprimidos/Pastillas/Tabletas/Grageas"
"losartan","50 mg comp.rec.x 30","TARCANE","Eczane","Antihipertensivo","Comprimidos/Pastillas/Tabletas/Grageas"
"losartan","100 mg comp.rec.x 30","LOREBIL 100","Gâminis Farmacâ","Antihipertensivo","Comprimidos/Pastillas/Tabletas/Grageas"
"losartan","100 mg comp.x 30","KLOSARTAN","Klonal","Antihipertensivo","Comprimidos/Pastillas/Tabletas/Grageas"
"losartan","50 mg comp.rec.x 30","VASEXTEN 50","Laboratorios Be","Antihipertensivo","Comprimidos/Pastillas/Tabletas/Grageas"
"losartan","50 mg comp.rec.x 60","PAXON","Gador","Antihipertensivo","Comprimidos/Pastillas/Tabletas/Grageas"
"losartan","50 mg comp.x 30","KLOSARTAN","Klonal","Antihipertensivo","Comprimidos/Pastillas/Tabletas/Grageas"
"losartan","50 mg comp.rec.x 30","LOSARTAN LABSA","Labsa","Antihipertensivo","Comprimidos/Pastillas/Tabletas/Grageas"
"losartan","100 mg comp.x 30","ANTIPRESOL","Fecofar","Antihipertensivo","Comprimidos/Pastillas/Tabletas/Grageas"
"losartan","50 mg comp.x 15","PRESINOR","Lafedar","Antihipertensivo","Comprimidos/Pastillas/Tabletas/Grageas"
"losartan","100 mg comp.rec.x 30","VINTEX","Rospaw","Antihipertensivo","Comprimidos/Pastillas/Tabletas/Grageas"
"losartan","100 mg comp.rec.x 60","LOREBIL 100","Gâminis Farmacâ","Antihipertensivo","Comprimidos/Pastillas/Tabletas/Grageas"
"losartan","50 mg comp.x 30","LOSARTAN TECHSPERE","Techsphere","Antihipertensivo","Comprimidos/Pastillas/Tabletas/Grageas"
"losartan","50 mg comp.x 30","CARTAN","Eurofarma","Antihipertensivo","Comprimidos/Pastillas/Tabletas/Grageas"
"losartan","50 mg comp.rec.x 30","LOREBIL 50","Gâminis Farmacâ","Antihipertensivo","Comprimidos/Pastillas/Tabletas/Grageas"
"losartan","100 mg comp.x 60","LOSARTAN RICHET","Richet","Antihipertensivo","Comprimidos/Pastillas/Tabletas/Grageas"
"losartan","50 mg comp.x 30","TEMISARTAN","Temis-LostalÂ¢","Antihipertensivo","Comprimidos/Pastillas/Tabletas/Grageas"
"losartan","50 mg comp.x 60","FENSARTAN","Elea","Antihipertensivo","Comprimidos/Pastillas/Tabletas/Grageas"
"losartan","50 mg comp.rec.x 30","LOCTENK","Biotenk","Antihipertensivo","Comprimidos/Pastillas/Tabletas/Grageas"
"losartan","12.5 mg comp.rec.x 30","LOSARTAN LABSA","Labsa","Antihipertensivo","Comprimidos/Pastillas/Tabletas/Grageas"
"losartan+hidroclorotiazida","50/12.5 mg comp.rec.x 30","VASEXTEN D","Laboratorios Be","Antihipertensivo Diuretico","Comprimidos/Pastillas/Tabletas/Grageas"
"losartan+hidroclorotiazida","100/12.5 mg comp.rec.x30","PAXON D","Gador","Antihipertensivo Diuretico","Comprimidos/Pastillas/Tabletas/Grageas"
"losartan+hidroclorotiazida","50/12.5 mg comp.x 30","COZAAREX D","Organon Arg.","Antihipertensivo Diuretico","Comprimidos/Pastillas/Tabletas/Grageas"
"losartan+hidroclorotiazida","comp.rec.x 30","TEMISARTAN DIUR 50/12.5","Temis-LostalÂ¢","Antihipertensivo Diuretico","Comprimidos/Pastillas/Tabletas/Grageas"
"losartan+hidroclorotiazida","50/12.5 mg comp.x 30","KLOSARTAN-D","Klonal","Antihipertensivo Diuretico","Comprimidos/Pastillas/Tabletas/Grageas"
"losartan+hidroclorotiazida","50 mg/12.5 mg comp.x 30","LOPLAC D","Casasco","Antihipertensivo Diuretico","Comprimidos/Pastillas/Tabletas/Grageas"
"losartan+hidroclorotiazida","comp.rec.x 30","LOCTENK D 100","Biotenk","Antihipertensivo","Comprimidos/Pastillas/Tabletas/Grageas"
"losartan+hidroclorotiazida","100/25 mg comp.rec.x 30","PRISONIL D","Lepetit","Antihipertensivo","Comprimidos/Pastillas/Tabletas/Grageas"
"losartan+hidroclorotiazida","50/12.5 mg comp.rec.x 30","TACICUL D","Denver Farma","Antihipertensivo","Comprimidos/Pastillas/Tabletas/Grageas"
"losartan+hidroclorotiazida","100/12.5 mg comp.x 30","COZAAREX D","Organon Arg.","Antihipertensivo Diuretico","Comprimidos/Pastillas/Tabletas/Grageas"
"losartan+hidroclorotiazida","50/12.5 mg comp.rec.x 30","ENROMIC D","Microsules Arg.","Antihipertensivo Diuretico","Comprimidos/Pastillas/Tabletas/Grageas"
"losartan+hidroclorotiazida","100/25 mg comp.x 30","ANTIPRESOL D","Fecofar","Antihipertensivo Diuretico","Comprimidos/Pastillas/Tabletas/Grageas"
"losartan+hidroclorotiazida","50/12.5 mg comp.rec.x 60","PAXON D","Gador","Antihipertensivo Diuretico","Comprimidos/Pastillas/Tabletas/Grageas"
"losartan+hidroclorotiazida","100/25 mg comp.rec.x 30","CARTAN D 100","Eurofarma","Antihipertensivo Diuretico","Comprimidos/Pastillas/Tabletas/Grageas"
"losartan+hidroclorotiazida","100/25mg comp.rec.x 30","PRESIMAX D 100","BagÂ¢","Antihipertensivo Diuretico","Comprimidos/Pastillas/Tabletas/Grageas"
"losartan+hidroclorotiazida","comp.x 30","NITEN D","Teva Argentina","Antihipertensivo Diuretico","Comprimidos/Pastillas/Tabletas/Grageas"
"losartan+hidroclorotiazida","comp.rec.x 30","PRESINOR D","Lafedar","Antihipertensivo Diuretico","Comprimidos/Pastillas/Tabletas/Grageas"
"losartan+hidroclorotiazida","100 mg/25 mg comp.x 30","LOPLAC D","Casasco","Antihipertensivo Diuretico","Comprimidos/Pastillas/Tabletas/Grageas"
"losartan+hidroclorotiazida","100/25 mg comp.x 30","COZAAREX D","Organon Arg.","Antihipertensivo Diuretico","Comprimidos/Pastillas/Tabletas/Grageas"
"losartan+hidroclorotiazida","100/25 mg comp.rec.x 30","ENROMIC D","Microsules Arg.","Antihipertensivo Diuretico","Comprimidos/Pastillas/Tabletas/Grageas"
"losartan+hidroclorotiazida","50/12.5 mg comp.x 30","ANTIPRESOL D","Fecofar","Antihipertensivo Diuretico","Comprimidos/Pastillas/Tabletas/Grageas"
"losartan+hidroclorotiazida","50/12.5 mg comp.rec.x 30","LOSACOR D","Roemmers","Antihipertensivo Diuretico","Comprimidos/Pastillas/Tabletas/Grageas"
"losartan+hidroclorotiazida","50/12.5 mg comp.rec.x 30","PAXON D","Gador","Antihipertensivo Diuretico","Comprimidos/Pastillas/Tabletas/Grageas"
"losartan+hidroclorotiazida","50/12.5 mg comp.rec.x 30","CARTAN D","Eurofarma","Antihipertensivo Diuretico","Comprimidos/Pastillas/Tabletas/Grageas"
"losartan+hidroclorotiazida","comp.rec.x 30","NITEN D 100","Teva Argentina","Antihipertensivo Diuretico","Comprimidos/Pastillas/Tabletas/Grageas"
"losartan+hidroclorotiazida","comp.rec.x 15","PRESINOR D","Lafedar","Antihipertensivo Diuretico","Comprimidos/Pastillas/Tabletas/Grageas"
"losartan+hidroclorotiazida","50/12.5 mg comp.rec.x 30","PRESIMAX D 50","BagÂ¢","Antihipertensivo Diuretico","Comprimidos/Pastillas/Tabletas/Grageas"
"losartan+hidroclorotiazida","50/12.5 mg comp.rec.x 15","PRISONIL D","Lepetit","Antihipertensivo","Comprimidos/Pastillas/Tabletas/Grageas"
"losartan+hidroclorotiazida","50/12.5 mg comp.rec.x 30","PRISONIL D","Lepetit","Antihipertensivo","Comprimidos/Pastillas/Tabletas/Grageas"
"losartan+hidroclorotiazida","100/25 mg comp.rec.x 60","PRISONIL D","Lepetit","Antihipertensivo","Comprimidos/Pastillas/Tabletas/Grageas"
"losartan+hidroclorotiazida","100/25 mg comp.rec.x 30","VASEXTEN D","Laboratorios Be","Antihipertensivo Diuretico","Comprimidos/Pastillas/Tabletas/Grageas"
"losartan+hidroclorotiazida","100/25 mg comp.rec.x 30","PAXON D","Gador","Antihipertensivo Diuretico","Comprimidos/Pastillas/Tabletas/Grageas"
"losartan+hidroclorotiazida","comp.rec.x 30","TEMISARTAN DIUR 100/25","Temis-LostalÂ¢","Antihipertensivo Diuretico","Comprimidos/Pastillas/Tabletas/Grageas"
"losartan+hidroclorotiazida","50/12.5 mg comp.rec.x 60","PRISONIL D","Lepetit","Antihipertensivo","Comprimidos/Pastillas/Tabletas/Grageas"
"losartan+hidroclorotiazida","comp.x 30","FENSARTAN D","Elea","Antihipertensivo Diuretico","Comprimidos/Pastillas/Tabletas/Grageas"
"losartan+hidroclorotiazida","100/25 mg comp.rec.x 30","LOSACOR D","Roemmers","Antihipertensivo Diuretico","Comprimidos/Pastillas/Tabletas/Grageas"
"losartan+hidroclorotiazida","50/12.5 mg comp.x 28","TACARDIA D","Richmond","Antihipertensivo Diuretico","Comprimidos/Pastillas/Tabletas/Grageas"
"losartan+hidroclorotiazida","comp.rec.x 30","LOCTENK D","Biotenk","Antihipertensivo","Comprimidos/Pastillas/Tabletas/Grageas"
"loteprednol+tobramicina","susp.oft.x 5 ml","LOTEVIS T","Max Vision","Antibiotico Antiinfl.","Gotas oftÂ lmicas/Colirios"
"loteprednol+tobramicina","susp.oft.x 5 ml","TOBRABIOTIC SOFT","Denver Farma","Antibiotico Antiinfl.","Gotas oftÂ lmicas/Colirios"
"loteprednol+tobramicina","fco.gotero x 5 ml","ZYLET","Bausch & Lomb A","Antibiotico Antiinfl.","Gotas oftÂ lmicas/Colirios"
"loteprednol+tobramicina","susp.oft.x 5 ml","LOPRED BIOTIC","Elea","Antibiotico Antiinfl.","Gotas oftÂ lmicas/Colirios"
"loteprednol+tobramicina","susp.oft.x 5 ml","LOTEMICIN","Poen","Antibiotico Antiinfl.","Gotas oftÂ lmicas/Colirios"
"loteprednol,etabonato","susp.oft.x 5 ml","LOTESOFT","Poen","Corticosteroide oftalmico","Gotas oftÂ lmicas/Colirios"
"loteprednol,etabonato","ung.oft.x 3.5 g","LOTESOFT","Poen","Corticosteroide oftalmico","Cremas/Geles/Pomadas/UngÂentos"
"loteprednol,etabonato","susp.oft.x 5 ml","TALOF","Max Vision","Corticosteroide oftalmico","Gotas oftÂ lmicas/Colirios"
"loteprednol,etabonato","susp.oft.x 5 ml","LOTEVIS","Max Vision","Corticosteroide oftalmico","Gotas oftÂ lmicas/Colirios"
"loteprednol,etabonato","susp.oft.x 5 ml","LOTEMAX","Bausch & Lomb A","Corticosteroide oftalmico","Gotas oftÂ lmicas/Colirios"
"loteprednol,etabonato","susp.oft.x 5 ml","LOPRED","Elea","Corticosteroide oftalmico","Gotas oftÂ lmicas/Colirios"
"magnesio,valproato","200 mg comp.x 30","LOGICAL","Teva Argentina","Anticonvulsivo","Comprimidos/Pastillas/Tabletas/Grageas"
"magnesio,valproato","400 mg comp.x 60","LOGICAL","Teva Argentina","Anticonvulsivo","Comprimidos/Pastillas/Tabletas/Grageas"
"magnesio,valproato","400 mg comp.x 30","LOGICAL","Teva Argentina","Anticonvulsivo","Comprimidos/Pastillas/Tabletas/Grageas"
"magnesio,valproato","200 mg comp.x 60","LOGICAL","Teva Argentina","Anticonvulsivo","Comprimidos/Pastillas/Tabletas/Grageas"
"mebendazol","comp.mast.x 6","MEBUTAR 200","AndrÂ¢maco","Antiparasitario","Comprimidos/Pastillas/Tabletas/Grageas"
"mebendazol","2%susp. fco.x 100 x 30ml","MEBENDAZOL DUNCAN","Duncan","Antiparasitario","Jarabe/SuspensiÂ¢n oral/Polvo para uso oral"
"mebendazol","100 mg comp.x 6","MEBENDAZOL FABRA","Fabra","Antiparasitario","Comprimidos/Pastillas/Tabletas/Grageas"
"mebendazol","500 mg comp.x 6","MEBENDAZOL FABRA","Fabra","Antiparasitario","Comprimidos/Pastillas/Tabletas/Grageas"
"mebendazol","200 mg comp.x 6","TRU M","Laboratorio Val","Antiparasitario","Comprimidos/Pastillas/Tabletas/Grageas"
"mebendazol","susp.x 30 ml","MEBUTAR 200","AndrÂ¢maco","Antiparasitario","Jarabe/SuspensiÂ¢n oral/Polvo para uso oral"
"mebendazol","comp.x 6","MEBUTAR 200","AndrÂ¢maco","Antiparasitario","Comprimidos/Pastillas/Tabletas/Grageas"
"meprednisona","8 mg comp.x 20","CORTIPYREN B","Gador","Corticosteroide","Comprimidos/Pastillas/Tabletas/Grageas"
"meprednisona","4 mg comp.x 20","GALLCORT","Sant Gall","Corticosteroide","Comprimidos/Pastillas/Tabletas/Grageas"
"meprednisona","8 mg comp.x 20","LA MEPREDNISONA","Biotenk","Corticosteroide","Comprimidos/Pastillas/Tabletas/Grageas"
"meprednisona","0.4% gts.orales x 15 ml","PREDNISONAL","Klonal","Corticosteroide","Gotas orales"
"meprednisona","40 mg comp.x 20 (TRZB)","MEPREDNISONA RICHET","Richet","Corticosteroide","Comprimidos/Pastillas/Tabletas/Grageas"
"meprednisona","4 mg comp.x 20 (TRZB)","MEPREDNISONA RICHET","Richet","Corticosteroide","Comprimidos/Pastillas/Tabletas/Grageas"
"meprednisona","4 mg comp.x 20","LA MEPREDNISONA","Biotenk","Corticosteroide","Comprimidos/Pastillas/Tabletas/Grageas"
"meprednisona","40 mg comp.x 20","PREDNISONAL","Klonal","Corticosteroide","Comprimidos/Pastillas/Tabletas/Grageas"
"meprednisona","8 mg comp.x 20 (TRZB)","MEPREDNISONA RICHET","Richet","Corticosteroide","Comprimidos/Pastillas/Tabletas/Grageas"
"meprednisona","8 mg comp.x 30","PREDNISONAL","Klonal","Corticosteroide","Comprimidos/Pastillas/Tabletas/Grageas"
"meprednisona","gts.x 20 ml","GALLCORT","Sant Gall","Corticosteroide","Gotas orales"
"meprednisona","8 mg comp.x 20","DELTISONA B","Elea","Corticosteroide","Comprimidos/Pastillas/Tabletas/Grageas"
"meprednisona","40 mg comp.x 20","GALLCORT","Sant Gall","Corticosteroide","Comprimidos/Pastillas/Tabletas/Grageas"
"meprednisona","40 mg comp.x 20","DELTISONA B","Elea","Corticosteroide","Comprimidos/Pastillas/Tabletas/Grageas"
"meprednisona","40 mg comp.x 20","RUPESONA B","Duncan","Corticosteroide","Comprimidos/Pastillas/Tabletas/Grageas"
"meprednisona","4 mg comp.x 20","CORTIPYREN B","Gador","Corticosteroide","Comprimidos/Pastillas/Tabletas/Grageas"
"meprednisona","4 mg/ml sol.oral x 15 ml","LA MEPREDNISONA","Biotenk","Corticosteroide","Gotas orales"
"meprednisona","40 mg comp.x 20","DELTACORT","CassarÂ","Corticosteroide","Comprimidos/Pastillas/Tabletas/Grageas"
"meprednisona","8 mg comp.x 20","GALLCORT","Sant Gall","Corticosteroide","Comprimidos/Pastillas/Tabletas/Grageas"
"meprednisona","40 mg comp.x 20","CORTIPYREN B","Gador","Corticosteroide","Comprimidos/Pastillas/Tabletas/Grageas"
"meprednisona","4 mg comp.x 20","DELTISONA B","Elea","Corticosteroide","Comprimidos/Pastillas/Tabletas/Grageas"
"meprednisona","8 mg comp.x 20","RUPESONA B","Duncan","Corticosteroide","Comprimidos/Pastillas/Tabletas/Grageas"
"meprednisona","40 mg comp.x 20","LA MEPREDNISONA","Biotenk","Corticosteroide","Comprimidos/Pastillas/Tabletas/Grageas"
"meprednisona","gts.x 20 ml","DELTISONA B","Elea","Corticosteroide","Gotas orales"
"mesalazina","1 g comp.x 30","PENTASA","Ferring","Antiinflam.intestinal","Comprimidos/Pastillas/Tabletas/Grageas"
"mesalazina","1 g pomos x 7 x 100 ml","PENTASA ENEMA","Ferring","Antiinflam.intestinal","Enemas/Polvos para uso rectal"
"mesalazina","500 mg comp.x 100","SALOFALK","LKM","Antiinflam.intestinal","Comprimidos/Pastillas/Tabletas/Grageas"
"mesalazina","1200 mg comp.x 60","MEZAVANT 1200","BagÂ¢","Antiinflam.intestinal","Comprimidos/Pastillas/Tabletas/Grageas"
"mesalazina","2 g sob.x 30","PENTASA","Ferring","Antiinflam.intestinal","Granulados"
"mesalazina","1 g sob.x 50","PENTASA","Ferring","Antiinflam.intestinal","Granulados"
"mesalazina","1200 mg comp.x 30","MEZAVANT 1200","BagÂ¢","Antiinflam.intestinal","Comprimidos/Pastillas/Tabletas/Grageas"
"mesalazina","800 mg comp.x 60","5-ASA 800","DomÂ¡nguez","Antiinflam.intestinal","Comprimidos/Pastillas/Tabletas/Grageas"
"mesalazina","400 mg sup.x 30","5-ASA 400","DomÂ¡nguez","Antiinflam.intestinal","Supositorios"
"mesalazina","1200 mg comp.x 60","CONDUCTASA","Casasco","Antiinflam.intestinal","Comprimidos/Pastillas/Tabletas/Grageas"
"mesalazina","800 mg comp.x 60","CONDUCTASA","Casasco","Antiinflam.intestinal","Comprimidos/Pastillas/Tabletas/Grageas"
"mesalazina","1 g sup.x 30","SALOFALK","LKM","Antiinflam.intestinal","Supositorios"
"mesalazina","800 mg comp.x 30","5-ASA 800","DomÂ¡nguez","Antiinflam.intestinal","Comprimidos/Pastillas/Tabletas/Grageas"
"mesalazina","1 g sup.x 28","PENTASA","Ferring","Antiinflam.intestinal","Supositorios"
"mesalazina","800mg comp.lib.rtd.x60","NUMALAZINA","Eczane","Antiinflam.intestinal","CÂ ps./Comp. de LiberaciÂ¢n Controlada"
"mesalazina","400 mg sup.x 10","5-ASA 400","DomÂ¡nguez","Antiinflam.intestinal","Supositorios"
"mesalazina","3g gran.lib.prol.sob.x30","SALOFALK","LKM","Antiinflam.intestinal","Enemas/Polvos para uso rectal"
"mesalazina","500 mg sup.x 30","SALOFALK","LKM","Antiinflam.intestinal","Supositorios"
"mesalazina","500 mg comp.x 60","CONDUCTASA","Casasco","Antiinflam.intestinal","Comprimidos/Pastillas/Tabletas/Grageas"
"mesalazina","1.5g gran.lib.pr.sob.x30","SALOFALK","LKM","Antiinflam.intestinal","Enemas/Polvos para uso rectal"
"mesalazina","500 mg comp.x 60","5-ASA 500","DomÂ¡nguez","Antiinflam.intestinal","Comprimidos/Pastillas/Tabletas/Grageas"
"mesalazina","500 mg comp.x 100","PENTASA","Ferring","Antiinflam.intestinal","Comprimidos/Pastillas/Tabletas/Grageas"
"mesalazina","800mg comp.lib.rtd.x30","NUMALAZINA","Eczane","Antiinflam.intestinal","CÂ ps./Comp. de LiberaciÂ¢n Controlada"
"mesalazina","400 mg comp.x 60","5-ASA 400","DomÂ¡nguez","Antiinflam.intestinal","Comprimidos/Pastillas/Tabletas/Grageas"
"mesalazina","500 mg comp.x 100","5XR 500","Ariston","Antiinflam.intestinal","CÂ ps./Comp. de LiberaciÂ¢n Controlada"
"mesalazina","2 g sob.x 30","5-ASA 2000","DomÂ¡nguez","Antiinflam.intestinal","Granulados"
"mesalazina","500 mg comp.x 30","5-ASA 500","DomÂ¡nguez","Antiinflam.intestinal","Comprimidos/Pastillas/Tabletas/Grageas"
"mesalazina","500 mg comp.x 50","PENTASA","Ferring","Antiinflam.intestinal","Comprimidos/Pastillas/Tabletas/Grageas"
"mesalazina","500mg comp.lib.rtd.x60","NUMALAZINA","Eczane","Antiinflam.intestinal","CÂ ps./Comp. de LiberaciÂ¢n Controlada"
"mesalazina","400 mg comp.x 30","5-ASA 400","DomÂ¡nguez","Antiinflam.intestinal","Comprimidos/Pastillas/Tabletas/Grageas"
"mesalazina","1200 mg comp.rec.l.p.x30","BUFEXAN AP","Siegfried","Antiinflam.intestinal","CÂ ps./Comp. de LiberaciÂ¢n Controlada"
"mesalazina","4 g sob.x 30","5-ASA 4000","DomÂ¡nguez","Antiinflam.intestinal","Granulados"
"mesalazina","espuma rectal x14 aplic.","SALOFALK","LKM","Antiinflam.intestinal","Enemas/Polvos para uso rectal"
"mesalazina","1 g comp.x 60","PENTASA","Ferring","Antiinflam.intestinal","Comprimidos/Pastillas/Tabletas/Grageas"
"mesalazina","500 mg comp.x 50","5XR 500","Ariston","Antiinflam.intestinal","CÂ ps./Comp. de LiberaciÂ¢n Controlada"
"mesalazina","1 g sob.x 30","5-ASA 1000","DomÂ¡nguez","Antiinflam.intestinal","Granulados"
"mesalazina","500mg comp.lib.rtd.x30","NUMALAZINA","Eczane","Antiinflam.intestinal","CÂ ps./Comp. de LiberaciÂ¢n Controlada"
"mesalazina","4 g sob.x 30","PENTASA","Ferring","Antiinflam.intestinal","Granulados"
"mesalazina","1200 mg comp.rec.l.p.x60","BUFEXAN AP","Siegfried","Antiinflam.intestinal","CÂ ps./Comp. de LiberaciÂ¢n Controlada"
"metildopa","500 mg comp.rec.x 40","HIPERMET","Megalabs Argent","Antihipertensivo","Comprimidos/Pastillas/Tabletas/Grageas"
"metildopa","500 mg comp.rec.x 30","ALDOMET","Aspen Pharma","Antihipertensivo","Comprimidos/Pastillas/Tabletas/Grageas"
"metildopa","500 mg comp.x 30","METILDOPA FABRA","Fabra","Antihipertensivo","Comprimidos/Pastillas/Tabletas/Grageas"
"metildopa","250 mg comp.rec.x 30","ALDOMET","Aspen Pharma","Antihipertensivo","Comprimidos/Pastillas/Tabletas/Grageas"
"metildopa","250 mg comp.x 50","HIPERMET","Megalabs Argent","Antihipertensivo","Comprimidos/Pastillas/Tabletas/Grageas"
"metimazol","20 mg comp.x 30","DANANTIZOL","Gador","Antihipertiroideo","Comprimidos/Pastillas/Tabletas/Grageas"
"metimazol","5 mg comp.x 100","DANANTIZOL","Gador","Antihipertiroideo","Comprimidos/Pastillas/Tabletas/Grageas"
"metoclopramida","comp.x 20","METOCLOPRAMIDA VANNIER","Vannier","Antiemetico","Comprimidos/Pastillas/Tabletas/Grageas"
"metoclopramida","ad.gts.x 20 ml","PRIMAVERA-N","Fabra","Antiemetico","Gotas orales"
"metoclopramida","ad.gts.x 20 ml","RILAQUIN","Microsules Arg.","Antiemetico","Gotas orales"
"metoclopramida","0.5% ad.gts.x 20 ml","NOVOMIT","Klonal","Antiemetico","Gotas orales"
"metoclopramida","10 mg comp.x 20","MIDATENK","Biotenk","Antiemetico","Comprimidos/Pastillas/Tabletas/Grageas"
"metoclopramida","nÂ¤.gts.x 20 ml","RELIVERAN","Gador","Antiemetico","Gotas orales"
"metoclopramida","0.5% gts.adultos x 20 ml","MIDATENK","Biotenk","Antiemetico","Gotas orales"
"metoclopramida","0.2% gts.ped. x 20 ml","MIDATENK","Biotenk","Antiemetico","Gotas orales"
"metoclopramida","10 mg comp.x 20","RILAQUIN","Microsules Arg.","Antiemetico","Comprimidos/Pastillas/Tabletas/Grageas"
"metoclopramida","0.5% gts.x 20 ml","METOC","Valmax","Antiemetico","Gotas orales"
"metoclopramida","ad.gts.x 20 ml","METOCLOPRAMIDA VANNIER","Vannier","Antiemetico","Gotas orales"
"metoclopramida","comp.x 20","RELIVERAN","Gador","Antiemetico","Comprimidos/Pastillas/Tabletas/Grageas"
"metoclopramida","10 mg comp.subl.x 10","RILAQUIN SL","Microsules Arg.","Antiemetico","Comprimidos/Pastillas/Tabletas/Grageas"
"metoclopramida","comp.x 20","PRIMPERIL","Lafedar","Antiemetico","Comprimidos/Pastillas/Tabletas/Grageas"
"metoclopramida","comp.x 10","RELIVERAN SUBLINGUAL","Gador","Antiemetico","Comprimidos/Pastillas/Tabletas/Grageas"
"metoclopramida","10 mg/2 ml a.x 3 x 2 ml","METOCLOPRAMIDA BIOL","Biol","Antiemetico","Ampollas/Frascos-Ampolla/Liofilizados/Soluc.Parent"
"metoclopramida","10 mg a.x 3 x 2 ml","RELIVERAN INYECTABLE","Gador","Antiemetico","Ampollas/Frascos-Ampolla/Liofilizados/Soluc.Parent"
"metoclopramida","gts.x 20 ml","PRIMPERIL","Lafedar","Antiemetico","Gotas orales"
"metoclopramida","ad.gts.x 60 ml","RELIVERAN","Gador","Antiemetico","Gotas orales"
"metoclopramida","0.2% nÂ¤.gts.x 20 ml","NOVOMIT","Klonal","Antiemetico","Gotas orales"
"metoclopramida","ad.gts.x 20 ml","RELIVERAN","Gador","Antiemetico","Gotas orales"
"metoprolol","50 mg comp.lib.prol.x 28","BELOZOK","AstraZeneca","Antihipertensivo","CÂ ps./Comp. de LiberaciÂ¢n Controlada"
"metoprolol","25 mg comp.lib.prol.x 28","BELOZOK","AstraZeneca","Antihipertensivo","CÂ ps./Comp. de LiberaciÂ¢n Controlada"
"metoprolol","100mg comp.lib.prol.x 28","BELOZOK","AstraZeneca","Antihipertensivo","CÂ ps./Comp. de LiberaciÂ¢n Controlada"
"metotrexato","2.5 mg comp.x 20","ERVEMIN","Teva Argentina","Antimetabolito","Comprimidos/Pastillas/Tabletas/Grageas"
"metotrexato","10 mg comp.ran.x 10","ARTRAIT","Trb-Pharma","Antirreumatico","Comprimidos/Pastillas/Tabletas/Grageas"
"metotrexato","2.5 mg comp.x 20","METOTREXANE","Eczane","Antirreumatico","Comprimidos/Pastillas/Tabletas/Grageas"
"metotrexato","20 mg f.a.x 4","ARTRAIT SC","Trb-Pharma","Antirreumatico","Ampollas/Frascos-Ampolla/Liofilizados/Soluc.Parent"
"metotrexato","7.5 mg comp.ran.x 10","ARTRAIT","Trb-Pharma","Antirreumatico","Comprimidos/Pastillas/Tabletas/Grageas"
"metotrexato","15 mg comp.ran.x 8","ARTRAIT","Trb-Pharma","Antirreumatico","Comprimidos/Pastillas/Tabletas/Grageas"
"metotrexato","15 mg comp.ran.x 4","ARTRAIT","Trb-Pharma","Antirreumatico","Comprimidos/Pastillas/Tabletas/Grageas"
"metotrexato","10 mg comp.x 10","ERVEMIN","Teva Argentina","Antimetabolito","Comprimidos/Pastillas/Tabletas/Grageas"
"metotrexato","15 mg f.a.x 4","ARTRAIT SC","Trb-Pharma","Antirreumatico","Ampollas/Frascos-Ampolla/Liofilizados/Soluc.Parent"
"metotrexato","2.5 mg comp.x 20","ARTRAIT","Trb-Pharma","Antirreumatico","Comprimidos/Pastillas/Tabletas/Grageas"
"metotrexato","7.5 mg comp.x 10","ERVEMIN","Teva Argentina","Antimetabolito","Comprimidos/Pastillas/Tabletas/Grageas"
"metotrexato","25 mg f.a.x 4","ARTRAIT","Trb-Pharma","Antirreumatico","Ampollas/Frascos-Ampolla/Liofilizados/Soluc.Parent"
"metotrexato","15 mg comp.x 4","METOTREXANE","Eczane","Antirreumatico","Comprimidos/Pastillas/Tabletas/Grageas"
"metotrexato","10 mg comp.x 10","METOTREXANE","Eczane","Antirreumatico","Comprimidos/Pastillas/Tabletas/Grageas"
"metotrexato","15 mg comp.x 4","ERVEMIN","Teva Argentina","Antimetabolito","Comprimidos/Pastillas/Tabletas/Grageas"
"metotrexato","7.5 mg comp.x 10","METOTREXANE","Eczane","Antirreumatico","Comprimidos/Pastillas/Tabletas/Grageas"
"metronidazol","comp.rec.x 20","OVUFEM","Laboratorios Be","Tricomonicida Amebicida","Comprimidos/Pastillas/Tabletas/Grageas"
"metronidazol","1% gel x 60 g","REPLIGEN GEL 1%","Panalab","Trat.topico de la rosacea","Cremas/Geles/Pomadas/UngÂentos"
"metronidazol","500 mg comp.x 10","COLPOFILIN","Lazar","Tricomonicida Amebicida","Comprimidos/Pastillas/Tabletas/Grageas"
"metronidazol","jbe. x 50 x 120 ml","METRONIDAZOL 2,5G % X 120 ML","Duncan","Quimioterapico","Jarabe/SuspensiÂ¢n oral/Polvo para uso oral"
"metronidazol","500 mg comp.vag.x 6","METRIZOL","Lafedar","Quimioterapico","Ovulos/Comprimidos vaginales"
"metronidazol","gel x 30 g","METRODERMIC","Oxapharma","Trat.topico de la rosacea","Cremas/Geles/Pomadas/UngÂentos"
"metronidazol","500 mg comp.x 20","METRONIDAZOL BIOL","Biol","Quimioterapico","Comprimidos/Pastillas/Tabletas/Grageas"
"metronidazol","susp.x 120 ml","METRIZOL","Lafedar","Quimioterapico","Jarabe/SuspensiÂ¢n oral/Polvo para uso oral"
"metronidazol","comp.rec.x 8","OVUFEM","Laboratorios Be","Tricomonicida Amebicida","Comprimidos/Pastillas/Tabletas/Grageas"
"metronidazol","cr.x 30 g","METRODERMIC CREMA","Oxapharma","Trat.topico de la rosacea","Cremas/Geles/Pomadas/UngÂentos"
"metronidazol","comp.rec.x 20","GINKAN 500","Baliarda","Tricomonicida Amebicida","Comprimidos/Pastillas/Tabletas/Grageas"
"metronidazol","0.8% gel x 30 g","METROLOCAL","Craveri","Quimioterapico","Cremas/Geles/Pomadas/UngÂentos"
"metronidazol","500 mg comp.x 20","ETRONIL","Klonal","Quimioterapico","Comprimidos/Pastillas/Tabletas/Grageas"
"metronidazol","500 mg comp.vag.x 5","METRAL","Lepetit","Quimioterapico","Ovulos/Comprimidos vaginales"
"metronidazol","comp.rec.x 8","GINKAN 500","Baliarda","Tricomonicida Amebicida","Comprimidos/Pastillas/Tabletas/Grageas"
"metronidazol","500 mg Â¢v.x 10","METRONIDAZOL BIOL","Biol","Quimioterapico","Ovulos/Comprimidos vaginales"
"metronidazol","125 mg/5 ml susp.x 120ml","METRONIDAZOL FABRA","Fabra","Quimioterapico","Jarabe/SuspensiÂ¢n oral/Polvo para uso oral"
"metronidazol","1% gel x 30 g","REPLIGEN GEL 1%","Panalab","Trat.topico de la rosacea","Cremas/Geles/Pomadas/UngÂentos"
"metronidazol","susp.x 120 ml","METRONIDAZOL VANNIER","Vannier","Quimioterapico","Jarabe/SuspensiÂ¢n oral/Polvo para uso oral"
"metronidazol","500 mg comp.x 20","FLAGYL","PharmaDorf","Tricomonicida Amebicida","Comprimidos/Pastillas/Tabletas/Grageas"
"metronidazol","500 mg comp.x 10","METRAL","Lepetit","Quimioterapico","Comprimidos/Pastillas/Tabletas/Grageas"
"metronidazol","500 mg comp.x 20","METRONIDAZOL SANT GALL FRIBURG","Sant Gall","Quimioterapico","Comprimidos/Pastillas/Tabletas/Grageas"
"metronidazol","gel x 30 g","PADET 0.75 % GEL","Pharmatrix","Trat.topico de la rosacea","Cremas/Geles/Pomadas/UngÂentos"
"metronidazol","500 mg comp.x 20","METRONIDAZOL DENVER FARMA","Denver Farma","Quimioterapico","Comprimidos/Pastillas/Tabletas/Grageas"
"metronidazol","1% cr.x 30 g","METRAL","CassarÂ","Trat.topico de la rosacea","Cremas/Geles/Pomadas/UngÂentos"
"metronidazol","0.75% gel x 30 g","ROZEX","Galderma","Trat.topico de la rosacea","Cremas/Geles/Pomadas/UngÂentos"
"metronidazol","500 mg Â¢v.x 8","TRICOFIN","Megalabs Argent","Tricomonicida","Ovulos/Comprimidos vaginales"
"metronidazol","gel x 30 g","PADET 1 % GEL","Pharmatrix","Trat.topico de la rosacea","Cremas/Geles/Pomadas/UngÂentos"
"metronidazol","dispensador cr.x 60 g","PADET 1 %","Pharmatrix","Trat.topico de la rosacea","Cremas/Geles/Pomadas/UngÂentos"
"metronidazol","gel x 45 g","MITIDERM","Lafedar","Trat.topico de la rosacea","Cremas/Geles/Pomadas/UngÂentos"
"metronidazol","500 mg comp.x 20","METRONIDAZOL VANNIER","Vannier","Quimioterapico","Comprimidos/Pastillas/Tabletas/Grageas"
"metronidazol","500 mg Â¢v.x 10","FLAGYL","PharmaDorf","Tricomonicida Amebicida","Ovulos/Comprimidos vaginales"
"metronidazol","1% cr.x 30 g","REPLIGEN","Panalab","Trat.topico de la rosacea","Cremas/Geles/Pomadas/UngÂentos"
"metronidazol","500 mg Â¢v.x 10","COLPOFILIN","Lazar","Tricomonicida Antimicotico","Ovulos/Comprimidos vaginales"
"metronidazol","500 mg comp.x 28","METRAL 28","Sanitas","Antibiotico","Comprimidos/Pastillas/Tabletas/Grageas"
"metronidazol","cr. x 30 g","ROZEX","Galderma","Trat.topico de la rosacea","Cremas/Geles/Pomadas/UngÂentos"
"metronidazol","500 mg comp.x 20","TRICOFIN","Megalabs Argent","Tricomonicida","Comprimidos/Pastillas/Tabletas/Grageas"
"metronidazol","500 mg Â¢v.x 8","METRONIDAZOL RICHET","Richet","Quimioterapico","Ovulos/Comprimidos vaginales"
"metronidazol","1% cr.x 30 g","ROXEDERM","Lazar","Trat.topico de la rosacea","Cremas/Geles/Pomadas/UngÂentos"
"metronidazol","1% cr.x 60 g","REPLIGEN","Panalab","Trat.topico de la rosacea","Cremas/Geles/Pomadas/UngÂentos"
"metronidazol","500 mg comp.x 20","COLPOFILIN","Lazar","Tricomonicida Amebicida","Comprimidos/Pastillas/Tabletas/Grageas"
"metronidazol","500 mg comp.x 20","METRONIDAZOL FABRA","Fabra","Quimioterapico","Comprimidos/Pastillas/Tabletas/Grageas"
"metronidazol","cr.x 30 g","PADET 1 %","Pharmatrix","Trat.topico de la rosacea","Cremas/Geles/Pomadas/UngÂentos"
"metronidazol+asoc.","Â¢v.x 6","VAGILEN","Biol","Tricomonicida Amebicida","Ovulos/Comprimidos vaginales"
"metronidazol+asoc.","Â¢v.x 12","VAGILEN","Biol","Tricomonicida Amebicida","Ovulos/Comprimidos vaginales"
"metronidazol+miconazol","Â¢v.vag.x 7","COLPOFILIN MAX","Lazar","Tricomonicida Antimicotico","Ovulos/Comprimidos vaginales"
"miconazol+metronidazol+asoc.","Â¢v.x 6","FENOGYNOL","Fecofar","Antimicotico Antibacteriano","Ovulos/Comprimidos vaginales"
"miconazol+metronidazol+asoc.","Â¢v.vaginales x 6","BLAST","Craveri","Antimicotico Antibacteriano","Ovulos/Comprimidos vaginales"
"miconazol+metronidazol+asoc.","ov.x 12","GINKAN","Baliarda","Antimicrobiano.Reepitaliz.vag.","Ovulos/Comprimidos vaginales"
"miconazol+metronidazol+asoc.","ov.x 6","VAGICURAL PLUS","Megalabs Argent","Antimicrobiano.Reepitaliz.vag.","Ovulos/Comprimidos vaginales"
"miconazol+metronidazol+asoc.","cÂ ps.blandas vag.x 12","MAILEN","Siegfried","Antimicotico Antibacteriano","Ovulos/Comprimidos vaginales"
"miconazol+metronidazol+asoc.","ov.x 6","GINKAN","Baliarda","Antimicrobiano.Reepitaliz.vag.","Ovulos/Comprimidos vaginales"
"miconazol+metronidazol+asoc.","Â¢v.x 12","OVUFEM","Laboratorios Be","Tricomonicida Antimicotico","Ovulos/Comprimidos vaginales"
"miconazol+metronidazol+asoc.","Â¢v.x 6","PENTOL","Lafedar","Antimicotico Antibacteriano","Ovulos/Comprimidos vaginales"
"miconazol+metronidazol+asoc.","Â¢v.x 6","NEO PELVICILLIN","Temis-LostalÂ¢","Antiinflam.Bactericida vaginal","Ovulos/Comprimidos vaginales"
"miconazol+metronidazol+asoc.","cÂ ps.blandas vag.x 6","MAILEN","Siegfried","Antimicotico Antibacteriano","Ovulos/Comprimidos vaginales"
"miconazol+metronidazol+asoc.","Â¢v.x 6","OVUFEM","Laboratorios Be","Tricomonicida Antimicotico","Ovulos/Comprimidos vaginales"
"miconazol+metronidazol+asoc.","cÂ ps.blandas vag.x 6","GINAL CENT","Beta","Antimicotico Antibacteriano","Ovulos/Comprimidos vaginales"
"miconazol+metronidazol+asoc.","Â¢v.x 6","MACRIL OVULOS","AndrÂ¢maco","Antimicrobiano.Reepitaliz.vag.","Ovulos/Comprimidos vaginales"
"miconazol+metronidazol+asoc.","Â¢v.x 12","FANGAN PLUS","Lazar","Antiinfeccioso vaginal","Ovulos/Comprimidos vaginales"
"miconazol+metronidazol+asoc.","Â¢v.x 12","SEPTIGYN","PharmaDorf","Antimicotico Antibacteriano","Ovulos/Comprimidos vaginales"
"miconazol+metronidazol+asoc.","Â¢v.x 6","FANGAN PLUS","Lazar","Antiinfeccioso vaginal","Ovulos/Comprimidos vaginales"
"miconazol+metronidazol+asoc.","Â¢v.x 6","SEPTIGYN","PharmaDorf","Antimicotico Antibacteriano","Ovulos/Comprimidos vaginales"
"miconazol+metronidazol+asoc.","Â¢v.x 12","FENOGYNOL","Fecofar","Antimicotico Antibacteriano","Ovulos/Comprimidos vaginales"
"miconazol+metronidazol+asoc.","Â¢v.x 6","OVUMIX","Elea","Antimicotico Antibacteriano","Ovulos/Comprimidos vaginales"
"miconazol+metronidazol+asoc.","ov.x 12","VAGICURAL PLUS","Megalabs Argent","Antimicrobiano.Reepitaliz.vag.","Ovulos/Comprimidos vaginales"
"mifepristona","200 mg comp. x 1","MIFEP","DomÂ¡nguez","AntiprogestÂ geno","Comprimidos/Pastillas/Tabletas/Grageas"
"mifepristona+misoprostol","kit x 1","MIFEP KIT","DomÂ¡nguez","AntiprogestÂ geno","Comprimidos/Pastillas/Tabletas/Grageas"
"minociclina","100 mg comp.x 30","MINOCICLINA RICHET","Richet","Antibiotico","Comprimidos/Pastillas/Tabletas/Grageas"
"minociclina","cÂ ps. lib. prol.x 30","ACNECLIN 100 AP","Siegfried","Antibiotico","CÂ ps./Comp. de LiberaciÂ¢n Controlada"
"minociclina","comp.rec.x 30","SEBOCLEAR 100","Megalabs Argent","Antibiotico","Comprimidos/Pastillas/Tabletas/Grageas"
"minociclina","100 mg comp.rec.x 30","DRENIX 100","AndrÂ¢maco","Antibiotico","Comprimidos/Pastillas/Tabletas/Grageas"
"minociclina","comp.x 30","SEBOCLEAR","Megalabs Argent","Antibiotico","Comprimidos/Pastillas/Tabletas/Grageas"
"minociclina","100 mg cÂ ps.lib.prol.x30","LIMAFIL 100 AP","Casasco","Antibiotico","CÂ ps./Comp. de LiberaciÂ¢n Controlada"
"minociclina","100 mg comp.x 30","MEIBI 100","Megalabs Argent","Antibiotico","Comprimidos/Pastillas/Tabletas/Grageas"
"minociclina","50 mg comp.rec.x 30","DRENIX 50","AndrÂ¢maco","Antibiotico","Comprimidos/Pastillas/Tabletas/Grageas"
"minociclina","100 mg comp.rec.x 30","MINOTREX","Savant Consumer","Antibiotico","Comprimidos/Pastillas/Tabletas/Grageas"
"minociclina","50 mg comp.rec.x 30","ACNECLIN","Siegfried","Antibiotico","Comprimidos/Pastillas/Tabletas/Grageas"
"minociclina","50 mg comp.x 30","MEIBI","Megalabs Argent","Antibiotico","Comprimidos/Pastillas/Tabletas/Grageas"
"minociclina","100 mg cÂ ps.lib.prol.x30","DRENIX 100 AP","AndrÂ¢maco","Antibiotico","CÂ ps./Comp. de LiberaciÂ¢n Controlada"
"mirabegron","25 mg comp.lib.prol.x 30","UROVAL","Casasco","AntiespasmÂ¢dico urinario","CÂ ps./Comp. de LiberaciÂ¢n Controlada"
"mirabegron","50 mg comp.lib.prol.x 30","MYRBETRIC","Gador","Trat.vejiga hiperactiva","CÂ ps./Comp. de LiberaciÂ¢n Controlada"
"mirabegron","50 mg comp.lib.prol.x 30","URGISTAT","Panalab","Trat.vejiga hiperactiva","CÂ ps./Comp. de LiberaciÂ¢n Controlada"
"mirabegron","25 mg comp.lib.prol.x 30","MYRBETRIC","Gador","Trat.vejiga hiperactiva","CÂ ps./Comp. de LiberaciÂ¢n Controlada"
"mirabegron","50 mg comp.lib.prol.x 30","UROVAL","Casasco","AntiespasmÂ¢dico urinario","CÂ ps./Comp. de LiberaciÂ¢n Controlada"
"misoprostol","comp.vaginales ran.x 4","MISOP 200","DomÂ¡nguez","Uterotonico","Ovulos/Comprimidos vaginales"
"misoprostol","comp.vaginales ran.x 12","MISOP 200","DomÂ¡nguez","Uterotonico","Ovulos/Comprimidos vaginales"
"misoprostol","comp.vaginales x 12","MISOPROST 200 BETA","Beta","Uterotonico","Ovulos/Comprimidos vaginales"
"misoprostol","comp.vaginales x 4","MISOPROST 200 BETA","Beta","Uterotonico","Ovulos/Comprimidos vaginales"
"mometasona furoato","spray nasal x 120 ds.","HEXALER NASAL","Siegfried","Antialergico Antiinflamatorio","Aerosoles nasales"
"mometasona furoato","cr.x 30 g","MOMEPLUS","Panalab","Antiinflam.Antipruriginoso","Cremas/Geles/Pomadas/UngÂentos"
"mometasona furoato","cr.x 20 g","METASON","Fortbenton","Antiinflam.Antipruriginoso","Cremas/Geles/Pomadas/UngÂentos"
"mometasona furoato","200 mcg cÂ ps.p/inh.x 60","HEXALER BRONQUIAL","Siegfried","Antiasmatico","CÂ psulas para inhalar"
"mometasona furoato","50mcg spray nasal x60ds.","FENISONA","Elea","Antialergico Antiinflamatorio","Aerosoles nasales"
"mometasona furoato","200mcg cÂ p.inh.c/dispx30","HEXALER BRONQUIAL","Siegfried","Antiasmatico","CÂ psulas para inhalar"
"mometasona furoato","loc.x 30 ml","MOMEPLUS","Panalab","Antiinflam.Antipruriginoso","SoluciÂ¢n de uso externo/LociÂ¢n"
"mometasona furoato","pomo x 15 g","ELOCON CREMA","Organon Arg.","Antiinflam.Antipruriginoso","Cremas/Geles/Pomadas/UngÂentos"
"mometasona furoato","cr.x 20 g","SUAVICORT","CassarÂ","Antiinflam.Antipruriginoso","Cremas/Geles/Pomadas/UngÂentos"
"mometasona furoato","loc.x 30 ml","MOMETAX","Siegfried","Antiinflam.Antipruriginoso","SoluciÂ¢n de uso externo/LociÂ¢n"
"mometasona furoato","cr.x 15 g","NOVASONE","Organon Arg.","Antiinflam.Antipruriginoso","Cremas/Geles/Pomadas/UngÂentos"
"mometasona furoato","nasal spray acuosox60ds.","NASONEX MINI","Organon Arg.","Antialergico Antiinflamatorio","Aerosoles nasales"
"mometasona furoato","spray nasal x 120 dosis","METASON NASAL","Fortbenton","Antialergico Antiinflamatorio","Aerosoles nasales"
"mometasona furoato","nas.spray acuoso x140ds.","NASONEX","Organon Arg.","Antialergico Antiinflamatorio","Aerosoles nasales"
"mometasona furoato","cr.x 30 g","MOMETAX","Siegfried","Antiinflam.Antipruriginoso","Cremas/Geles/Pomadas/UngÂentos"
"mometasona furoato","loc.x 30 ml","METASON","Fortbenton","Antiinflam.Antipruriginoso","SoluciÂ¢n de uso externo/LociÂ¢n"
"mometasona furoato","cr.x 15 g","MOMETAX","Siegfried","Antiinflam.Antipruriginoso","Cremas/Geles/Pomadas/UngÂentos"
"mometasona furoato","spray nasal x 60 ds.","HEXALER NASAL","Siegfried","Antialergico Antiinflamatorio","Aerosoles nasales"
"mometasona furoato","spray nasal x 60 dosis","METASON NASAL MINI","Fortbenton","Antialergico Antiinflamatorio","Aerosoles nasales"
"mometasona furoato","400 mcg cÂ ps.p/inh.x 60","HEXALER BRONQUIAL","Siegfried","Antiasmatico","CÂ psulas para inhalar"
"mometasona furoato","400mcg cÂ p.inh.c/dispx30","HEXALER BRONQUIAL","Siegfried","Antiasmatico","CÂ psulas para inhalar"
"mometasona furoato","50mcg spray nasalx120ds.","FENISONA","Elea","Antialergico Antiinflamatorio","Aerosoles nasales"
"mometasona furoato","spray nasal x 150 ds.","SUAVICORT","CassarÂ","Antialergico Antiinflamatorio","Aerosoles nasales"
"mometasona+formoterol","200/10mcg cÂ ps.p/inh.x60","HEXALER BRONQUIAL DUO","Siegfried","Antiasmatico","CÂ psulas para inhalar"
"mometasona+formoterol","400/10mcg cÂ ps.p/inh.x60","HEXALER BRONQUIAL DUO","Siegfried","Antiasmatico","CÂ psulas para inhalar"
"montelukast","niÂ¤os 5 mg comp.mast.x30","ROLAST","Elea","Antiasmatico","Comprimidos/Pastillas/Tabletas/Grageas"
"montelukast","10 mg comp.x 30","SINGULAIR","Organon Arg.","Antiasmatico","Comprimidos/Pastillas/Tabletas/Grageas"
"montelukast","10 mg comp.rec.x 30","PLENAIR 10","Roemmers","Antiasmatico","Comprimidos/Pastillas/Tabletas/Grageas"
"montelukast","4 mg comp.mast.x 30","MONTRATE","Casasco","Antiasmatico","Comprimidos/Pastillas/Tabletas/Grageas"
"montelukast","4 mg gran.sob.x 30","ASMAVITAN","Montpellier","Antiasmatico","Jarabe/SuspensiÂ¢n oral/Polvo para uso oral"
"montelukast","niÂ¤os 5 mg comp.mast.x30","SINGULAIR","Organon Arg.","Antiasmatico","Comprimidos/Pastillas/Tabletas/Grageas"
"montelukast","5 mg comp.mast.x 60","AIREAL 5","Siegfried","Antiasmatico","Comprimidos/Pastillas/Tabletas/Grageas"
"montelukast","4 mg comp.mast.x 30","INSPIROL","Lazar","Antiasmatico","Comprimidos/Pastillas/Tabletas/Grageas"
"montelukast","5 mg comp.mast.x 30","LUKAST 5","BagÂ¢","Antiasmatico","Comprimidos/Pastillas/Tabletas/Grageas"
"montelukast","niÂ¤os 4 mg comp.mast.x30","SINGULAIR","Organon Arg.","Antiasmatico","Comprimidos/Pastillas/Tabletas/Grageas"
"montelukast","niÂ¤os 4 mg comp.mast.x30","ROLAST","Elea","Antiasmatico","Comprimidos/Pastillas/Tabletas/Grageas"
"montelukast","4 mg comp.mast.x 30","ASMAVITAN","Montpellier","Antiasmatico","Comprimidos/Pastillas/Tabletas/Grageas"
"montelukast","4 mg comp.mast.x 60","AIREAL 4","Siegfried","Antiasmatico","Comprimidos/Pastillas/Tabletas/Grageas"
"montelukast","10 mg comp.rec.x 30","MONTAIR","Biotenk","Antiasmatico","Comprimidos/Pastillas/Tabletas/Grageas"
"montelukast","4 mg sob.monods.x 30","LUKAST 4","BagÂ¢","Antiasmatico","Jarabe/SuspensiÂ¢n oral/Polvo para uso oral"
"montelukast","4 mg comp.mast.x 30","LUKAST 4","BagÂ¢","Antiasmatico","Comprimidos/Pastillas/Tabletas/Grageas"
"montelukast","5 mg comp.mast.x 30","LUKASMA","Fortbenton","Antiasmatico","Comprimidos/Pastillas/Tabletas/Grageas"
"montelukast","10 mg comp. x 30","MONTELUKAST TEVA","Teva Argentina","Antiasmatico","Comprimidos/Pastillas/Tabletas/Grageas"
"montelukast","10 mg comp.rec.x 30","ROLAST","Elea","Antiasmatico","Comprimidos/Pastillas/Tabletas/Grageas"
"montelukast","10 mg comp.x 30","MONTELUK","Lafedar","Antiasmatico","Comprimidos/Pastillas/Tabletas/Grageas"
"montelukast","4 mg gran.sob.x 30","PLENAIR 4","Roemmers","Antiasmatico","Jarabe/SuspensiÂ¢n oral/Polvo para uso oral"
"montelukast","5 mg comp.mast.x 30","ASMAVITAN","Montpellier","Antiasmatico","Comprimidos/Pastillas/Tabletas/Grageas"
"montelukast","5 mg comp.mast.x 30","MONTAIR","Biotenk","Antiasmatico","Comprimidos/Pastillas/Tabletas/Grageas"
"montelukast","10 mg comp.x 30","LUKASMA","Fortbenton","Antiasmatico","Comprimidos/Pastillas/Tabletas/Grageas"
"montelukast","5 mg comp.mast.x 30","MONTELUKAST TEVA","Teva Argentina","Antiasmatico","Comprimidos/Pastillas/Tabletas/Grageas"
"montelukast","10 mg comp.rec.x 30","ASMAVITAN","Montpellier","Antiasmatico","Comprimidos/Pastillas/Tabletas/Grageas"
"montelukast","4 mg comp.mast.x 30","AIREAL 4","Siegfried","Antiasmatico","Comprimidos/Pastillas/Tabletas/Grageas"
"montelukast","4 mg comp.mast.x 30","MONTELUKAST RICHET","Richet","Antiasmatico","Comprimidos/Pastillas/Tabletas/Grageas"
"montelukast","4 mg comp.mast.x 30","MONTELUKAST TEVA","Teva Argentina","Antiasmatico","Comprimidos/Pastillas/Tabletas/Grageas"
"montelukast","4 mg comp.mast.x 30","PLENAIR 4","Roemmers","Antiasmatico","Comprimidos/Pastillas/Tabletas/Grageas"
"montelukast","10 mg comp. x 30","MONTRATE","Casasco","Antiasmatico","Comprimidos/Pastillas/Tabletas/Grageas"
"montelukast","5 mg comp.mast.x 30","AIREAL 5","Siegfried","Antiasmatico","Comprimidos/Pastillas/Tabletas/Grageas"
"montelukast","5 mg comp.mast.x 30","MONTELUKAST RICHET","Richet","Antiasmatico","Comprimidos/Pastillas/Tabletas/Grageas"
"montelukast","10 mg comp.rec.x 30","INSPIROL","Lazar","Antiasmatico","Comprimidos/Pastillas/Tabletas/Grageas"
"montelukast","10 mg comp.x 30","DENVERKAST","Denver Farma","Antiasmatico","Comprimidos/Pastillas/Tabletas/Grageas"
"montelukast","sob.x 30","MONTRATE","Casasco","Antiasmatico","Jarabe/SuspensiÂ¢n oral/Polvo para uso oral"
"montelukast","5 mg comp.mast.x 30","PLENAIR 5","Roemmers","Antiasmatico","Comprimidos/Pastillas/Tabletas/Grageas"
"montelukast","5 mg comp.mast.x 30","MONTRATE","Casasco","Antiasmatico","Comprimidos/Pastillas/Tabletas/Grageas"
"montelukast","10 mg comp.rec.x 30","AIREAL 10","Siegfried","Antiasmatico","Comprimidos/Pastillas/Tabletas/Grageas"
"montelukast","4 mg comp.mast.x 30","MONTELUK","Lafedar","Antiasmatico","Comprimidos/Pastillas/Tabletas/Grageas"
"montelukast","10 mg comp.rec.x 30","MONTELUKAST RICHET","Richet","Antiasmatico","Comprimidos/Pastillas/Tabletas/Grageas"
"montelukast","10 mg comp.rec.x 60","AIREAL 10","Siegfried","Antiasmatico","Comprimidos/Pastillas/Tabletas/Grageas"
"montelukast","5 mg comp.mast.x 30","INSPIROL","Lazar","Antiasmatico","Comprimidos/Pastillas/Tabletas/Grageas"
"montelukast","10 mg comp.rec.x 30","LUKAST 10","BagÂ¢","Antiasmatico","Comprimidos/Pastillas/Tabletas/Grageas"
"mupirocina","cr.x 15 g","DIMSA","Oxapharma","Antibiotico topico","Cremas/Geles/Pomadas/UngÂentos"
"mupirocina","ung.x 15 g","PALDAR","Siegfried","Antibiotico topico","Cremas/Geles/Pomadas/UngÂentos"
"mupirocina","cr.x 15 g","MUPIDERM","AndrÂ¢maco","Antibiotico topico","Cremas/Geles/Pomadas/UngÂentos"
"mupirocina","2% ung.x 5 g","MUPIROX NASAL","Fortbenton","Antibiotico topico","Gotas/Geles nasales"
"mupirocina","2% ung.x 5 g","MUPAX NASAL","Lazar","Antibiotico topico","Gotas/Geles nasales"
"mupirocina","ung.derm.x 15 g","MUPAX","Lazar","Antibiotico topico","Cremas/Geles/Pomadas/UngÂentos"
"mupirocina","2% ung.x 3 g","QUEMICETINA NF NASAL","Lafedar","Antibiotico topico","Cremas/Geles/Pomadas/UngÂentos"
"mupirocina","cr.x 15 g","MUPAX","Lazar","Antibiotico topico","Cremas/Geles/Pomadas/UngÂentos"
"mupirocina","2% ung.x 15 g","MUPIROX","Fortbenton","Antibiotico topico","Cremas/Geles/Pomadas/UngÂentos"
"mupirocina","cr.x 15 g","PALDAR","Siegfried","Antibiotico topico","Cremas/Geles/Pomadas/UngÂentos"
"mupirocina+hidrocortisona","cr.x 15 g","MUPAX H","Lazar","Antibiotico topico","Cremas/Geles/Pomadas/UngÂentos"
"mupirocina+hidrocortisona","cr.x 15 g","PALDAR H","Siegfried","Antibiotico topico","Cremas/Geles/Pomadas/UngÂentos"
"naproxeno","550 mg comp.rec.ran.x 20","NAPRUX RAPID","AndrÂ¢maco","Analgesico Antiinflam.","Comprimidos/Pastillas/Tabletas/Grageas"
"naproxeno","500 mg comp.x 20","NAPRONTAG","Rontag","Antiinflamatorio","Comprimidos/Pastillas/Tabletas/Grageas"
"naproxeno","500 mg comp.x 10","DEBRIL","Monserrat","Analgesico Antiinflam.","Comprimidos/Pastillas/Tabletas/Grageas"
"naproxeno","750 mg comp.x 30","NAPRONTAG 24","Rontag","Antiinflamatorio","Comprimidos/Pastillas/Tabletas/Grageas"
"naproxeno","550 mg comp.rec.x 10","NAPRONTAG GESIC","Rontag","Antiinflamatorio","Comprimidos/Pastillas/Tabletas/Grageas"
"naproxeno","550 mg comp.rec.ran.x 10","NAPRUX RAPID","AndrÂ¢maco","Analgesico Antiinflam.","Comprimidos/Pastillas/Tabletas/Grageas"
"naproxeno","750 mg comp.x 10","NAPRONTAG 24","Rontag","Antiinflamatorio","Comprimidos/Pastillas/Tabletas/Grageas"
"naproxeno","250 mg comp.x 20","NAPRUX","AndrÂ¢maco","Analgesico Antiinflam.","Comprimidos/Pastillas/Tabletas/Grageas"
"naproxeno","500 mg comp.x 10","NAPROXENO VANNIER","Vannier","Antiinflamatorio","Comprimidos/Pastillas/Tabletas/Grageas"
"naproxeno","250 mg comp.x 50","NAPRUX","AndrÂ¢maco","Analgesico Antiinflam.","Comprimidos/Pastillas/Tabletas/Grageas"
"naproxeno","500 mg comp.x 50","NAPRUX","AndrÂ¢maco","Analgesico Antiinflam.","Comprimidos/Pastillas/Tabletas/Grageas"
"naproxeno","comp.x 10","ALIDASE","Laboratorios Be","Antiinflamatorio","Comprimidos/Pastillas/Tabletas/Grageas"
"naproxeno","500 mg comp.x 10","ALGINOPROX","Omicron","Analgesico Antiinflam.","Comprimidos/Pastillas/Tabletas/Grageas"
"naproxeno","500 mg comp.x 20","NAPROGEN","Klonal","Analgesico Antiinflam.","Comprimidos/Pastillas/Tabletas/Grageas"
"naproxeno","comp.rec.x 10","MOX FORTE","PharmaDorf","Analgesico Antifebril","Comprimidos/Pastillas/Tabletas/Grageas"
"naproxeno","250 mg comp.x 20","NAPRONTAG","Rontag","Antiinflamatorio","Comprimidos/Pastillas/Tabletas/Grageas"
"naproxeno","comp.x 40","ALIDASE 500","Laboratorios Be","Antiinflamatorio","Comprimidos/Pastillas/Tabletas/Grageas"
"naproxeno","750 mg comp.x 60","NAPRUX 750 AP","AndrÂ¢maco","Analgesico Antiinflam.","CÂ ps./Comp. de LiberaciÂ¢n Controlada"
"naproxeno","comp.x 10","ALIDASE 500","Laboratorios Be","Antiinflamatorio","Comprimidos/Pastillas/Tabletas/Grageas"
"naproxeno","500 mg comp.x 50","NAPRONTAG","Rontag","Antiinflamatorio","Comprimidos/Pastillas/Tabletas/Grageas"
"naproxeno","750 mg comp.x 30","NAPRUX 750 AP","AndrÂ¢maco","Analgesico Antiinflam.","CÂ ps./Comp. de LiberaciÂ¢n Controlada"
"naproxeno","500 mg comp.x 20","NAPRUX","AndrÂ¢maco","Analgesico Antiinflam.","Comprimidos/Pastillas/Tabletas/Grageas"
"naproxeno","500 mg comp.x 20","DEBRIL","Monserrat","Analgesico Antiinflam.","Comprimidos/Pastillas/Tabletas/Grageas"
"naproxeno","500 mg comp.x 20","NAPROXENO VANNIER","Vannier","Antiinflamatorio","Comprimidos/Pastillas/Tabletas/Grageas"
"naproxeno","500 mg tab.x 20","NAPROXENO TEVA","Teva Argentina","Analgesico Antiinflam.","Comprimidos/Pastillas/Tabletas/Grageas"
"naproxeno","550 mg comp.rec.x 20","NAPRONTAG GESIC","Rontag","Antiinflamatorio","Comprimidos/Pastillas/Tabletas/Grageas"
"nebivolol","5 mg comp.x 28","NEOBLOCK 5","Eczane","Antihipertensivo","Comprimidos/Pastillas/Tabletas/Grageas"
"nebivolol","2.5 mg comp.x 30","NEBICOR","Lazar","Antihipertensivo","Comprimidos/Pastillas/Tabletas/Grageas"
"nebivolol","5 mg comp.x 30","MOBAN","Montpellier","Antihipertensivo","Comprimidos/Pastillas/Tabletas/Grageas"
"nebivolol","10 mg comp.x 30","NEBIBLOC","Lepetit","Antihipertensivo","Comprimidos/Pastillas/Tabletas/Grageas"
"nebivolol","5 mg comp.x 60","CORPRES 5","Roemmers","Antihipertensivo","Comprimidos/Pastillas/Tabletas/Grageas"
"nebivolol","5 mg comp.birran.x 30","NIDIB","Baliarda","Antihipertensivo","Comprimidos/Pastillas/Tabletas/Grageas"
"nebivolol","10 mg comp.birran.x 28","NIDIB","Baliarda","Antihipertensivo","Comprimidos/Pastillas/Tabletas/Grageas"
"nebivolol","5 mg comp.x 30","NEBIBLOC","Lepetit","Antihipertensivo","Comprimidos/Pastillas/Tabletas/Grageas"
"nebivolol","5 mg comp.x 28","NEBIVOLOL DENVER FARMA","Denver Farma","Antihipertensivo","Comprimidos/Pastillas/Tabletas/Grageas"
"nebivolol","5 mg comp.x 30","NIRPOL","Casasco","Antihipertensivo","Comprimidos/Pastillas/Tabletas/Grageas"
"nebivolol","2.5 mg comp.x 30","CORPRES 2.5","Roemmers","Antihipertensivo","Comprimidos/Pastillas/Tabletas/Grageas"
"nebivolol","5 mg comp.x 28","NEBILET","Siegfried","Antihipertensivo","Comprimidos/Pastillas/Tabletas/Grageas"
"nebivolol","2.5 mg comp.x 30","NEBIBLOC","Lepetit","Antihipertensivo","Comprimidos/Pastillas/Tabletas/Grageas"
"nebivolol","2.5 mg comp.x 60","CORPRES 2.5","Roemmers","Antihipertensivo","Comprimidos/Pastillas/Tabletas/Grageas"
"nebivolol","5 mg comp.x 30","CORPRES 5","Roemmers","Antihipertensivo","Comprimidos/Pastillas/Tabletas/Grageas"
"nebivolol","10 mg comp.ran.x 30","GADOCOR","Gador","Antihipertensivo","Comprimidos/Pastillas/Tabletas/Grageas"
"nebivolol","10 mg comp.x 28","NABILA","Adium","Antihipertensivo","Comprimidos/Pastillas/Tabletas/Grageas"
"nebivolol","10 mg comp.x 56","NIRPOL","Casasco","Antihipertensivo","Comprimidos/Pastillas/Tabletas/Grageas"
"nebivolol","5 mg comp.birran.x 28","NIDIB","Baliarda","Antihipertensivo","Comprimidos/Pastillas/Tabletas/Grageas"
"nebivolol","5 mg comp.x 28","NABILA","Adium","Antihipertensivo","Comprimidos/Pastillas/Tabletas/Grageas"
"nebivolol","10 mg comp.x 30","CORPRES 10","Roemmers","Antihipertensivo","Comprimidos/Pastillas/Tabletas/Grageas"
"nebivolol","5 mg comp.birran.x 30","GADOCOR","Gador","Antihipertensivo","Comprimidos/Pastillas/Tabletas/Grageas"
"nebivolol","2.5 mg comp.x 28","NABILA","Adium","Antihipertensivo","Comprimidos/Pastillas/Tabletas/Grageas"
"nebivolol","5 mg comp.x 28","NIRPOL","Casasco","Antihipertensivo","Comprimidos/Pastillas/Tabletas/Grageas"
"nebivolol","5 mg comp.x 28","NEBICOR","Lazar","Antihipertensivo","Comprimidos/Pastillas/Tabletas/Grageas"
"nebivolol","10 mg comp.x 28","NIRPOL","Casasco","Antihipertensivo","Comprimidos/Pastillas/Tabletas/Grageas"
"nebivolol","10 mg comp.x 30","NEBIX 10","BagÂ¢","Antihipertensivo","Comprimidos/Pastillas/Tabletas/Grageas"
"nebivolol","5 mg comp.x 30","NEBICOR","Lazar","Antihipertensivo","Comprimidos/Pastillas/Tabletas/Grageas"
"nebivolol","10 mg comp.x 28","NEOBLOCK 10","Eczane","Antihipertensivo","Comprimidos/Pastillas/Tabletas/Grageas"
"nebivolol","5 mg comp.x 56","NIRPOL","Casasco","Antihipertensivo","Comprimidos/Pastillas/Tabletas/Grageas"
"nebivolol","10 mg comp.x 30","NEBICOR","Lazar","Antihipertensivo","Comprimidos/Pastillas/Tabletas/Grageas"
"nebivolol","10 mg comp.x 30","MOBAN","Montpellier","Antihipertensivo","Comprimidos/Pastillas/Tabletas/Grageas"
"nebivolol","10 mg comp.x 60","CORPRES 10","Roemmers","Antihipertensivo","Comprimidos/Pastillas/Tabletas/Grageas"
"nebivolol","10 mg comp.birran.x 30","NIDIB","Baliarda","Antihipertensivo","Comprimidos/Pastillas/Tabletas/Grageas"
"nebivolol","5 mg comp.x 30","NEBIX 5","BagÂ¢","Antihipertensivo","Comprimidos/Pastillas/Tabletas/Grageas"
"neomicina","250 mg comp.x 16","NEOMAS BOWERS","Temis-LostalÂ¢","Antibiotico intest.Antidiarreico","Comprimidos/Pastillas/Tabletas/Grageas"
"neomicina","250 mg comp.x 16","NEOTRIL","Ariston","Antibiotico intest.Antidiarreico","Comprimidos/Pastillas/Tabletas/Grageas"
"nifedipina","60 mg comp.x 30","NIFED SOL","Elea","Antianginoso","Comprimidos/Pastillas/Tabletas/Grageas"
"nifedipina","30 mg comp.x 30","NIFED SOL","Elea","Antianginoso","Comprimidos/Pastillas/Tabletas/Grageas"
"nistatina","susp.oral x 60 ml","MICOSTYL","Lafedar","Antimicotico","Jarabe/SuspensiÂ¢n oral/Polvo para uso oral"
"nistatina","susp.oral x 60 ml","NISTATINA DENVER FARMA","Denver Farma","Antimicotico","Jarabe/SuspensiÂ¢n oral/Polvo para uso oral"
"nistatina","susp.x 60 ml","CANDIDIAS","Fabra","Antimicotico","Jarabe/SuspensiÂ¢n oral/Polvo para uso oral"
"nistatina","susp.oral x 24 ml","MICOSTYL","Lafedar","Antimicotico","Jarabe/SuspensiÂ¢n oral/Polvo para uso oral"
"nistatina+neomicina+asoc.","Â¢v.x 6","O BIOL","Biol","Antimicotico Antibacteriano","Ovulos/Comprimidos vaginales"
"nitrofurantoina","100 mg cÂ ps.x 30","UROFURAN","Eurolab","Antibiotico urinario","CÂ psulas/Softgels"
"nitrofurantoina","100 mg cÂ ps.x 36","FURADANTINA MC","BagÂ¢","Antibiotico urinario","CÂ psulas/Softgels"
"nitrofurantoina","susp.x 120 ml","FURADANTINA","BagÂ¢","Antibiotico urinario","Jarabe/SuspensiÂ¢n oral/Polvo para uso oral"
"nomegestrol","comp.x 10","LUTENYL","Teva Argentina","Progestageno","Comprimidos/Pastillas/Tabletas/Grageas"
"nomegestrol,acetato+estradiol","comp.x 84 (24+4)","MIRANDA","Elea","Anticonceptivo","Comprimidos/Pastillas/Tabletas/Grageas"
"nomegestrol,acetato+estradiol","comp.rec.x 28","AMAPOLI","Laboratorios Be","Anticonceptivo","Comprimidos/Pastillas/Tabletas/Grageas"
"nomegestrol,acetato+estradiol","comp.x 28 (24+4)","MIRANDA","Elea","Anticonceptivo","Comprimidos/Pastillas/Tabletas/Grageas"
"nomegestrol,acetato+estradiol","comp.x 28 (24+4)","FEMALVI","Adium","Anticonceptivo","Comprimidos/Pastillas/Tabletas/Grageas"
"nomegestrol,acetato+estradiol","comp.rec.x 28","SIGNORINA","Craveri","Anticonceptivo","Comprimidos/Pastillas/Tabletas/Grageas"
"nomegestrol,acetato+estradiol","comp.rec.x 28","FEMIDEN","Gador","Anticonceptivo","Comprimidos/Pastillas/Tabletas/Grageas"
"norelgestromin+etinilestradiol","parches transdârmicos x3","EVRA","Elea","Anticonceptivo","Parches transdermicos"
"noretisterona","10 mg blÂ¡st.comp.x 20","PRIMOLUT NOR","Adium","Hormonoterapia","Comprimidos/Pastillas/Tabletas/Grageas"
"noretisterona+etinilestradiol","comp.x 30","PRIMOSISTON","Adium","Hormonoterapia","Comprimidos/Pastillas/Tabletas/Grageas"
"noretisterona+etinilestradiol","a.x 1 x 1 ml","UNIMEX","MR Pharma","Anticonceptivo","Ampollas/Frascos-Ampolla/Liofilizados/Soluc.Parent"
"norfloxacina","400 mg comp.rec.x 20","UROXACIN","Lazar","Antiinfeccioso urinario","Comprimidos/Pastillas/Tabletas/Grageas"
"norfloxacina","comp.rec.x 20","NEFRONET","Ronnet","Antibiotico urinario","Comprimidos/Pastillas/Tabletas/Grageas"
"norfloxacina","400 mg comp.rec.x 20","BIO TARBUN","Duncan","Antibiotico","Comprimidos/Pastillas/Tabletas/Grageas"
"norfloxacina","comp.x 20","UROTEM","Temis-LostalÂ¢","Antibiotico","Comprimidos/Pastillas/Tabletas/Grageas"
"norfloxacina","400 mg comp.x 10","FLOXATRAL","Lepetit","Antibiotico","Comprimidos/Pastillas/Tabletas/Grageas"
"norfloxacina","400 mg comp.x 10","NORFLOXACINA RICHET","Richet","Antibiotico","Comprimidos/Pastillas/Tabletas/Grageas"
"norfloxacina","comp.x 14","UROTEM","Temis-LostalÂ¢","Antibiotico","Comprimidos/Pastillas/Tabletas/Grageas"
"norfloxacina","comp.x 20","NORFLOXACINA CRAVERI","Craveri","Antibiotico","Comprimidos/Pastillas/Tabletas/Grageas"
"norfloxacina","400 mg comp.x 20","NORFLOXACINA VANNIER","Vannier","Antibiotico","Comprimidos/Pastillas/Tabletas/Grageas"
"norfloxacina","comp.x 10","NORFLOXACINA CRAVERI","Craveri","Antibiotico","Comprimidos/Pastillas/Tabletas/Grageas"
"norfloxacina","400 mg comp.x 20","FLOXATRAL","Lepetit","Antibiotico","Comprimidos/Pastillas/Tabletas/Grageas"
"norfloxacina","400 mg comp.x 20","NORFLOXACINA KLONAL","Klonal","Antibiotico","Comprimidos/Pastillas/Tabletas/Grageas"
"norfloxacina","comp.rec.x 10","NEFRONET","Ronnet","Antibiotico urinario","Comprimidos/Pastillas/Tabletas/Grageas"
"norfloxacina","400 mg comp.x 10","FRIFLOXACINA SANT GALL","Sant Gall","Antibiotico","Comprimidos/Pastillas/Tabletas/Grageas"
"norfloxacina","400 mg comp.rec.x 20","ACTOBIAN","Savant Generic","Antibiotico","Comprimidos/Pastillas/Tabletas/Grageas"
"norfloxacina","comp.x 20","UROSEPTAL","BagÂ¢","Antiseptico urinario","Comprimidos/Pastillas/Tabletas/Grageas"
"norfloxacina","400 mg comp.rec.x 10","UROXACIN","Lazar","Antiinfeccioso urinario","Comprimidos/Pastillas/Tabletas/Grageas"
"norfloxacina","400 mg comp.x 20","NORFLOXACINA RICHET","Richet","Antibiotico","Comprimidos/Pastillas/Tabletas/Grageas"
"norfloxacina","400 mg comp.x 20","NORFLOXACINA FABRA","Fabra","Antibiotico","Comprimidos/Pastillas/Tabletas/Grageas"
"omeprazol","40 mg cÂ ps.x 56","OMEFORT","Eczane","Antiulceroso","CÂ psulas/Softgels"
"omeprazol","pvo.p/susp.oral x30 sob.","ULCOZOL 20","BagÂ¢","Antiacido Antiulceroso","Jarabe/SuspensiÂ¢n oral/Polvo para uso oral"
"omeprazol+sodio,bicarbonato","40 mg cÂ ps.x 15","GASTEC RAPIDO","Laboratorios Be","Antiacido Antiulceroso","CÂ psulas/Softgels"
"omeprazol+sodio,bicarbonato","polv.p/susp.oral x 70 ml","ULCOZOL SUSP","BagÂ¢","Antiacido Antiulceroso","Jarabe/SuspensiÂ¢n oral/Polvo para uso oral"
"oxcarbazepina","300 mg comp.x 30","AURENE","Teva Argentina","Antiepileptico","Comprimidos/Pastillas/Tabletas/Grageas"
"oxcarbazepina","300 mg comp.x 60","AURENE","Teva Argentina","Antiepileptico","Comprimidos/Pastillas/Tabletas/Grageas"
"oxcarbazepina","300 mg comp.x 30","RUPOX","Medipharma","Anticonvulsivo","Comprimidos/Pastillas/Tabletas/Grageas"
"oxcarbazepina","300 mg comp.x 60","TRILEPTAL","Novartis","Anticonvulsivo","Comprimidos/Pastillas/Tabletas/Grageas"
"oxcarbazepina","600 mg comp.x 30","RUPOX","Medipharma","Anticonvulsivo","Comprimidos/Pastillas/Tabletas/Grageas"
"oxcarbazepina","300 mg comp.x 30","TRILEPTAL","Novartis","Anticonvulsivo","Comprimidos/Pastillas/Tabletas/Grageas"
"oxcarbazepina","300 mg comp.x 60","RUPOX","Medipharma","Anticonvulsivo","Comprimidos/Pastillas/Tabletas/Grageas"
"oxcarbazepina","600 mg comp.x 60","AURENE","Teva Argentina","Antiepileptico","Comprimidos/Pastillas/Tabletas/Grageas"
"oxcarbazepina","600 mg comp.x 60","TRILEPTAL","Novartis","Anticonvulsivo","Comprimidos/Pastillas/Tabletas/Grageas"
"oxcarbazepina","jbe.x 100 ml","TRILEPTAL","Novartis","Anticonvulsivo","Jarabe/SuspensiÂ¢n oral/Polvo para uso oral"
"oxcarbazepina","600 mg comp.x 30","AURENE","Teva Argentina","Antiepileptico","Comprimidos/Pastillas/Tabletas/Grageas"
"oxcarbazepina","600 mg comp.x 60","RUPOX","Medipharma","Anticonvulsivo","Comprimidos/Pastillas/Tabletas/Grageas"
"oxcarbazepina","600 mg comp.x 30","TRILEPTAL","Novartis","Anticonvulsivo","Comprimidos/Pastillas/Tabletas/Grageas"
"oxibutinina","comp.x 50","UREQUIN","Craveri","Antiespasmodico vesical","Comprimidos/Pastillas/Tabletas/Grageas"
"oxibutinina","10 mg comp.x 20","DITROPAN UD","Elea","Antiespasmodico vesical","CÂ ps./Comp. de LiberaciÂ¢n Controlada"
"oxibutinina","comp.x 50","DITROPAN","Elea","Antiespasmodico vesical","Comprimidos/Pastillas/Tabletas/Grageas"
"oxibutinina","comp.x 20","UREQUIN","Craveri","Antiespasmodico vesical","Comprimidos/Pastillas/Tabletas/Grageas"
"oxibutinina","comp.x 60","DELAK","Adium","Antiespasmodico vesical","Comprimidos/Pastillas/Tabletas/Grageas"
"oxibutinina","comp.x 20","DITROPAN","Elea","Antiespasmodico vesical","Comprimidos/Pastillas/Tabletas/Grageas"
"oxibutinina","comp.x 30","DELAK","Adium","Antiespasmodico vesical","Comprimidos/Pastillas/Tabletas/Grageas"
"oxibutinina","comp.x 20","DELAK","Adium","Antiespasmodico vesical","Comprimidos/Pastillas/Tabletas/Grageas"
"oxibutinina","jbe.x 200 ml","DITROPAN","Elea","Antiespasmodico vesical","Jarabe/SuspensiÂ¢n oral/Polvo para uso oral"
"oxibutinina","15 mg comp.x 30","DITROPAN UD","Elea","Antiespasmodico vesical","CÂ ps./Comp. de LiberaciÂ¢n Controlada"
"oxibutinina","5 mg comp.x 20","DITROPAN UD","Elea","Antiespasmodico vesical","CÂ ps./Comp. de LiberaciÂ¢n Controlada"
"oxibutinina","10 mg comp.x 30","DITROPAN UD","Elea","Antiespasmodico vesical","CÂ ps./Comp. de LiberaciÂ¢n Controlada"
"oxibutinina","comp.x 30","DITROPAN","Elea","Antiespasmodico vesical","Comprimidos/Pastillas/Tabletas/Grageas"
"oxibutinina","5 mg comp.x 20","OXIBUTININA VANNIER","Vannier","Antiespasmodico vesical","Comprimidos/Pastillas/Tabletas/Grageas"
"oxibutinina","5 mg comp.x 30","DITROPAN UD","Elea","Antiespasmodico vesical","CÂ ps./Comp. de LiberaciÂ¢n Controlada"
"oxibutinina","15 mg comp.x 20","DITROPAN UD","Elea","Antiespasmodico vesical","CÂ ps./Comp. de LiberaciÂ¢n Controlada"
"pantoprazol","40 mg comp.x 60","PANTOCAS","Casasco","Antiulceroso","Comprimidos/Pastillas/Tabletas/Grageas"
"pantoprazol","40 mg comp.x 60","GASTROMAX","Gador","Antiulceroso","Comprimidos/Pastillas/Tabletas/Grageas"
"pantoprazol magnesico","40 mg comp.x 30","TECTA","Adium","Antiulceroso","Comprimidos/Pastillas/Tabletas/Grageas"
"pantoprazol magnesico","40mg comp.rec.gastr.x 30","PANTUSEC","Baliarda","Antiulceroso","Comprimidos/Pastillas/Tabletas/Grageas"
"paracetamol","gts.x 20 ml","PARACETAMOL SANT GALL FRIBURG GOTAS","Sant Gall","Analgesico Antifebril","Gotas orales"
"paracetamol","10g% gts.x 20 ml","NODIPIR","Klonal","Analgesico Antiinflam.","Gotas orales"
"paracetamol","gts.x 20 ml","PARACETAMOL LAZAR","Lazar","Analgesico Antifebril","Gotas orales"
"paracetamol","gts.x 20 ml","PARACETAMOL MONSERRAT Y ECLAIR","Monserrat","Analgesico Antiinflam.","Gotas orales"
"paracetamol","1 g comp.x 30","PARACETAMOL LAZAR","Lazar","Analgesico Antifebril","Comprimidos/Pastillas/Tabletas/Grageas"
"paracetamol","comp.ran.x 24","TAFIROL 1 G","Genomma Lab.","Analgesico Antifebril","Comprimidos/Pastillas/Tabletas/Grageas"
"paracetamol","500 mg comp.x 20","PARACETAMOL LAFEDAR","Lafedar","Analgesico","Comprimidos/Pastillas/Tabletas/Grageas"
"paracetamol","comp.ran.x 60","PARACETAMOL SCHAFER 1 G","Schafer","Analgesico Antifebril","Comprimidos/Pastillas/Tabletas/Grageas"
"paracetamol","comp.ran.x 10","PARACETAMOL RAFFO 1 G","Adium","Analgesico Antifebril","Comprimidos/Pastillas/Tabletas/Grageas"
"paracetamol","gts.x 20 ml","TERMOFREN","Roemmers","Analgesico Antifebril","Gotas orales"
"paracetamol","sol.x 120 ml","TERMOFREN","Roemmers","Analgesico Antifebril","Jarabe/SuspensiÂ¢n oral/Polvo para uso oral"
"paracetamol","gts.x 20 ml","PARACETAMOL LAFEDAR","Lafedar","Analgesico","Gotas orales"
"paracetamol","2% sol.x 120 ml","FIEBROLEX","Savant Consumer","Analgesico Antifebril","Jarabe/SuspensiÂ¢n oral/Polvo para uso oral"
"paracetamol","comp.ran.x 30","PARACETAMOL SCHAFER 1 G","Schafer","Analgesico Antifebril","Comprimidos/Pastillas/Tabletas/Grageas"
"paracetamol","1000 mg comp.x 24","PARACETAMOL 1 GRAMO","ISA","Analgesico Antifebril","Comprimidos/Pastillas/Tabletas/Grageas"
"paracetamol","1g blÂ¡ster x 8 comp.","GENIOL","Elea","Analgesico Antifebril","Comprimidos/Pastillas/Tabletas/Grageas"
"paracetamol","1000 mg comp.x 30","PARACETAMOL TEVA","Teva Argentina","Analgesico Antifebril","Comprimidos/Pastillas/Tabletas/Grageas"
"paracetamol","1g fco.comp. x 50","GENIOL","Elea","Analgesico Antifebril","Comprimidos/Pastillas/Tabletas/Grageas"
"paracetamol","comp.ran.x 50","TAFIROL 1 G","Genomma Lab.","Analgesico Antifebril","Comprimidos/Pastillas/Tabletas/Grageas"
"paracetamol","1g comp. x 56","GENIOL","Elea","Analgesico Antifebril","Comprimidos/Pastillas/Tabletas/Grageas"
"paracetamol","gts.x 20 ml","PARACETAMOL FECOFAR","Fecofar","Analgesico Antiinflam.","Gotas orales"
"paracetamol+ibuprofeno","comp.x 10","DUOMAX","Laboratorio Mil","Analgesico","Comprimidos/Pastillas/Tabletas/Grageas"
"paracetamol+ibuprofeno","comp.x 20","DUOMAX","Laboratorio Mil","Analgesico","Comprimidos/Pastillas/Tabletas/Grageas"
"paracetamol+pseudoefedrina+asoc.","comp.rec.x 20","QURA PLUS","Laboratorios Be","Analgesico Descongestivo","Comprimidos/Pastillas/Tabletas/Grageas"
"paroxetina","20 mg comp.rec.x 30","PAROXIN","Rospaw","Antidepresivo","Comprimidos/Pastillas/Tabletas/Grageas"
"paroxetina","20 mg comp.rec.x 30","MIXEGAN","Lepetit","Antidepresivo","Comprimidos/Pastillas/Tabletas/Grageas"
"paroxetina","20 mg comp.x 30","DATEVAN","Rontag","Antidepresivo","Comprimidos/Pastillas/Tabletas/Grageas"
"paroxetina","10 mg comp.rec.x 30","PAROXIN","Rospaw","Antidepresivo","Comprimidos/Pastillas/Tabletas/Grageas"
"paroxetina","20 mg comp.rec.x 30","PAROXETINA LEPRET","Pretoria","Antidepresivo","Comprimidos/Pastillas/Tabletas/Grageas"
"paroxetina","20 mg comp.rec.x 30","MEPLAR 20","Baliarda","Antidepresivo","Comprimidos/Pastillas/Tabletas/Grageas"
"paroxetina","20 mg comp.rec.x 30","OPTIPAR","Ariston","Antidepresivo","Comprimidos/Pastillas/Tabletas/Grageas"
"paroxetina","20 mg comp.x 30","XILANIC","Siegfried","Antidepresivo","Comprimidos/Pastillas/Tabletas/Grageas"
"paroxetina","20 mg comp.x 10","DATEVAN","Rontag","Antidepresivo","Comprimidos/Pastillas/Tabletas/Grageas"
"paroxetina","10 mg comp.rec.x 30","MEPLAR 10","Baliarda","Antidepresivo","Comprimidos/Pastillas/Tabletas/Grageas"
"paroxetina","20 mg comp.rec.x 30","AFENEXIL","Temis-LostalÂ¢","Antidepresivo","Comprimidos/Pastillas/Tabletas/Grageas"
"paroxetina","10 mg comp.rec.x 30","PSICOASTEN 10 MG","Beta","Antidepresivo","Comprimidos/Pastillas/Tabletas/Grageas"
"paroxetina","40 mg comp.x 30","DEPAROX 40","Vannier","Antidepresivo","Comprimidos/Pastillas/Tabletas/Grageas"
"paroxetina","20 mg comp.rec.x 30","PSICOASTEN","Beta","Antidepresivo","Comprimidos/Pastillas/Tabletas/Grageas"
"paroxetina","10 mg comp.rec.x 30","TIARIX 10","Casasco","Antidepresivo","Comprimidos/Pastillas/Tabletas/Grageas"
"paroxetina","20 mg comp.x 30","DEPAROX 20","Vannier","Antidepresivo","Comprimidos/Pastillas/Tabletas/Grageas"
"peg 3350","fr. x 2 x 70 g","LUMENCOL 2F","Sanitas","Limp.intestinal p/diag.y cirugia","Jarabe/SuspensiÂ¢n oral/Polvo para uso oral"
"peg 3350","sobres x 28","TANESA","Rossmore Pharma","Laxante","Jarabe/SuspensiÂ¢n oral/Polvo para uso oral"
"peg 3350","sobres x 12","BAREX UNIPEG","DomÂ¡nguez","Laxante","Enemas/Polvos para uso rectal"
"peg 3350","sobres x 7","BAREX UNIPEG","DomÂ¡nguez","Laxante","Enemas/Polvos para uso rectal"
"peg 3350","sobres x 14","TANESA","Rossmore Pharma","Laxante","Jarabe/SuspensiÂ¢n oral/Polvo para uso oral"
"peg 3350","sobres x 24","BAREX UNIPEG","DomÂ¡nguez","Laxante","Enemas/Polvos para uso rectal"
"peg 3350","sobres x 12","TANESA","Rossmore Pharma","Laxante","Jarabe/SuspensiÂ¢n oral/Polvo para uso oral"
"peg 3350","sobres x 28","TRACTOLAX","Eurofarma","Laxante","Jarabe/SuspensiÂ¢n oral/Polvo para uso oral"
"peg 3350","sobres x 30","BAREX UNIPEG","DomÂ¡nguez","Laxante","Enemas/Polvos para uso rectal"
"peg 3350","sobres x 14","TRACTOLAX","Eurofarma","Laxante","Jarabe/SuspensiÂ¢n oral/Polvo para uso oral"
"peg 3350","sobres x 30 x 17 g c/u","LAX 3350","Pharmanove","Laxante","Jarabe/SuspensiÂ¢n oral/Polvo para uso oral"
"peg 3350","sobres x 24 x 17 g c/u","LAX 3350","Pharmanove","Laxante","Jarabe/SuspensiÂ¢n oral/Polvo para uso oral"
"peg 3350","sobres x 12 x 17 g c/u","LAX 3350","Pharmanove","Laxante","Jarabe/SuspensiÂ¢n oral/Polvo para uso oral"
"peg 3350+asoc.","bidÂ¢n x 4 l","LUMENCOL","Sanitas","Evacuante intestinal","Jarabe/SuspensiÂ¢n oral/Polvo para uso oral"
"peg 3350+asoc.","pvo.hidrosol.sob.x 50","BAREX S","DomÂ¡nguez","Laxante","Enemas/Polvos para uso rectal"
"peg 3350+asoc.","pvo.p/sol.oral x 1 l","BAREX 70","DomÂ¡nguez","Limp.intestinal p/diag.y cirugia","Jarabe/SuspensiÂ¢n oral/Polvo para uso oral"
"peg 3350+asoc.","sobres x 4","SINASTAL","Rossmore Pharma","Limp.intestinal p/diag.y cirugia","Jarabe/SuspensiÂ¢n oral/Polvo para uso oral"
"peg 3350+asoc.","pvo.hidrosol.sob.x 24","BAREX S","DomÂ¡nguez","Laxante","Enemas/Polvos para uso rectal"
"peg 3350+asoc.","sobres x 30","OSTILAX","Lazar","Laxante","Granulados"
"peg 3350+asoc.","pvo.p/sol.oral x 4 l","BAREX SABORIZADO","DomÂ¡nguez","Limp.intestinal p/diag.y cirugia","Jarabe/SuspensiÂ¢n oral/Polvo para uso oral"
"peg 3350+asoc.","sobres x 10","OSTILAX","Lazar","Laxante","Granulados"
"peg 3350+asoc.","sobres x 3 + dosif.","BAREX PLUS","DomÂ¡nguez","Laxante","Jarabe/SuspensiÂ¢n oral/Polvo para uso oral"
"peg 3350+bisacodilo","barex70 x2+ 4c.bisacodil","BAREX KIT","DomÂ¡nguez","Limp.intestinal p/diag.y cirugia","Kit"
"penicilamina","250 mg cÂ ps.x 30","CUPRIPEN","Ariston","Antirreumatico","CÂ psulas/Softgels"
"penicilina g benzatinica","1200000 UI iny.f.a.x 1","PEN DI BEN 1200000","BagÂ¢","Antibiotico","Ampollas/Frascos-Ampolla/Liofilizados/Soluc.Parent"
"penicilina g benzatinica","2400000 UI f.a.x 1","PENICILINA G BENZATINICA RICHET","Richet","Antibiotico","Ampollas/Frascos-Ampolla/Liofilizados/Soluc.Parent"
"penicilina g benzatinica","1200000 UI f.a.x 1","PENICILINA G BENZATINICA RICHET","Richet","Antibiotico","Ampollas/Frascos-Ampolla/Liofilizados/Soluc.Parent"
"penicilina g benzatinica","1200000 UI f.a.x 1","PENICILINA G BENZATINICA","Fabra","Antibiotico","Ampollas/Frascos-Ampolla/Liofilizados/Soluc.Parent"
"penicilina g benzatinica","2400000 UI f.a.x 1","PENICILINA G BENZATINICA","Fabra","Antibiotico","Ampollas/Frascos-Ampolla/Liofilizados/Soluc.Parent"
"penicilina g benzatinica","2400000 UI iny.f.a.x 1","PEN DI BEN 2400000","BagÂ¢","Antibiotico","Ampollas/Frascos-Ampolla/Liofilizados/Soluc.Parent"
"pentoxifilina","rtd.600 mg comp.x 30","PREVISCAN","Siegfried","Vasodilatador","Comprimidos/Pastillas/Tabletas/Grageas"
"pentoxifilina","comp.rec.x 60","PENTOMIRON","Craveri","Vasodilatador","Comprimidos/Pastillas/Tabletas/Grageas"
"pilocarpina","2% sol.oft.x 15 ml","ISOPTO CARPINA","Novartis","Miotico","Gotas oftÂ lmicas/Colirios"
"pilocarpina","1% sol.oft.x 15 ml","OMACLOPIL","Lafedar","Antiglaucomatoso","Gotas oftÂ lmicas/Colirios"
"pilocarpina","comp.rec.x 30","WETOL","Beta","Estimulante secrec.salival","Comprimidos/Pastillas/Tabletas/Grageas"
"pilocarpina","1.25 % sol.oft.x 2.5 ml","NEARLEA","Elea","Miotico","Gotas oftÂ lmicas/Colirios"
"pilocarpina","2% sol.oft.x 15 ml","OMACLOPIL","Lafedar","Antiglaucomatoso","Gotas oftÂ lmicas/Colirios"
"pioglitazona","15 mg comp.x 28","HIGLUCEM","Lazar","Antidiabetico","Comprimidos/Pastillas/Tabletas/Grageas"
"pioglitazona","45 mg comp.x 30","CERELUC","Beta","Antidiabetico","Comprimidos/Pastillas/Tabletas/Grageas"
"pioglitazona","15 mg comp.x 30","CERELUC","Beta","Antidiabetico","Comprimidos/Pastillas/Tabletas/Grageas"
"pioglitazona","45 mg comp.x 30","HIGLUCEM","Lazar","Antidiabetico","Comprimidos/Pastillas/Tabletas/Grageas"
"pioglitazona","30 mg comp.x 30","CERELUC","Beta","Antidiabetico","Comprimidos/Pastillas/Tabletas/Grageas"
"pioglitazona","45 mg comp.birran.x 30","PIOTAMAX 45","Francelab","Antidiabetico","Comprimidos/Pastillas/Tabletas/Grageas"
"pioglitazona","30 mg comp.x 28","HIGLUCEM","Lazar","Antidiabetico","Comprimidos/Pastillas/Tabletas/Grageas"
"pioglitazona","30 mg comp.x 30","PIOTAMAX 30","Francelab","Antidiabetico","Comprimidos/Pastillas/Tabletas/Grageas"
"piridostigmina","180 mg comp.x 30","MESTINON TS","Roemmers","Antimiastenico","Comprimidos/Pastillas/Tabletas/Grageas"
"piridostigmina","60 mg comp.x 100","MESTINON","Roemmers","Antimiastenico","Comprimidos/Pastillas/Tabletas/Grageas"
"polisacaridos de neumococos","vial monodosis x 0.5 ml","PNEUMOVAX 23","MSD Argentina S","Vacuna antineumococcica","Ampollas/Frascos-Ampolla/Liofilizados/Soluc.Parent"
"polisacaridos de S.pneumoniae","jga.prell.x 1 x 0.5 ml","PREVENAR 20","Pfizer","Vacuna antineumococcica","Jeringa prellenada"
"polisacaridos de S.pneumoniae","jga.prell.x 1 x 0.5 ml","PREVENAR 13","Pfizer","Vacuna antineumococcica","Jeringa prellenada"
"pramipexol","0.25 mg comp.x 30","NOXOPRAN","Casasco","Antiparkinsoniano","Comprimidos/Pastillas/Tabletas/Grageas"
"pramipexol","1.5 mg comp.lib.prol.x30","NULIPAR LP","Baliarda","Antiparkinsoniano","CÂ ps./Comp. de LiberaciÂ¢n Controlada"
"pramipexol","0.5 mg comp.ran.x 30","NULIPAR","Baliarda","Antiparkinsoniano","Comprimidos/Pastillas/Tabletas/Grageas"
"pramipexol","1 mg comp.x 100","SIFROL","Boehringer Inge","Antiparkinsoniano","Comprimidos/Pastillas/Tabletas/Grageas"
"pramipexol","0.75mg comp.lib.prol.x30","NULIPAR LP","Baliarda","Antiparkinsoniano","CÂ ps./Comp. de LiberaciÂ¢n Controlada"
"pramipexol","0.375mgcomp.lib.prol.x10","KINSON XR","Eurofarma","Antiparkinsoniano","CÂ ps./Comp. de LiberaciÂ¢n Controlada"
"pramipexol","1 mg comp.x 30","SIFROL","Boehringer Inge","Antiparkinsoniano","Comprimidos/Pastillas/Tabletas/Grageas"
"pramipexol","0.375mg comp.lib.prolx10","NULIPAR LP","Baliarda","Antiparkinsoniano","CÂ ps./Comp. de LiberaciÂ¢n Controlada"
"pramipexol","1.5 mg comp.lib.prol.x30","KINSON XR","Eurofarma","Antiparkinsoniano","CÂ ps./Comp. de LiberaciÂ¢n Controlada"
"pramipexol","1 mg comp.x 30","NIXOL","Siegfried","Antiparkinsoniano","Comprimidos/Pastillas/Tabletas/Grageas"
"pramipexol","1 mg comp.x 30","NEUROSOMAT 1 MG","Beta","Antiparkinsoniano","Comprimidos/Pastillas/Tabletas/Grageas"
"pramipexol","0.250 mg comp.x 100","SIFROL","Boehringer Inge","Antiparkinsoniano","Comprimidos/Pastillas/Tabletas/Grageas"
"pramipexol","1 mg comp.ran.x 60","NULIPAR","Baliarda","Antiparkinsoniano","Comprimidos/Pastillas/Tabletas/Grageas"
"pramipexol","1 mg comp.x 60","NOXOPRAN","Casasco","Antiparkinsoniano","Comprimidos/Pastillas/Tabletas/Grageas"
"pramipexol","3 mg comp.lib.prol.x 30","SIFROL ER","Boehringer Inge","Antiparkinsoniano","CÂ ps./Comp. de LiberaciÂ¢n Controlada"
"pramipexol","0.25 mg comp.rec.x 30","PRAMIP","Biotechno Pharm","Antiparkinsoniano","Comprimidos/Pastillas/Tabletas/Grageas"
"pramipexol","0.75mg comp.lib.prol.x30","KINSON XR","Eurofarma","Antiparkinsoniano","CÂ ps./Comp. de LiberaciÂ¢n Controlada"
"pramipexol","0.25 mg comp.x 30","NIXOL","Siegfried","Antiparkinsoniano","Comprimidos/Pastillas/Tabletas/Grageas"
"pramipexol","0.25 mg comp.x 30","NEUROSOMAT 0.25 MG","Beta","Antiparkinsoniano","Comprimidos/Pastillas/Tabletas/Grageas"
"pramipexol","0.250 mg comp.x 30","SIFROL","Boehringer Inge","Antiparkinsoniano","Comprimidos/Pastillas/Tabletas/Grageas"
"pramipexol","0.25 mg comp.x 100","NOXOPRAN","Casasco","Antiparkinsoniano","Comprimidos/Pastillas/Tabletas/Grageas"
"pramipexol","1 mg comp.ran.x 30","NULIPAR","Baliarda","Antiparkinsoniano","Comprimidos/Pastillas/Tabletas/Grageas"
"pramipexol","1 mg comp.x 30","NOXOPRAN","Casasco","Antiparkinsoniano","Comprimidos/Pastillas/Tabletas/Grageas"
"pramipexol","1.5mg comp.lib.prol.x 30","SIFROL ER","Boehringer Inge","Antiparkinsoniano","CÂ ps./Comp. de LiberaciÂ¢n Controlada"
"pramipexol","1 mg comp.rec.x 30","PRAMIP","Biotechno Pharm","Antiparkinsoniano","Comprimidos/Pastillas/Tabletas/Grageas"
"pramipexol","0.125 mg comp.x 30","NIXOL","Siegfried","Antiparkinsoniano","Comprimidos/Pastillas/Tabletas/Grageas"
"pramipexol","1 mg comp.x 100","NOXOPRAN","Casasco","Antiparkinsoniano","Comprimidos/Pastillas/Tabletas/Grageas"
"pramipexol","0.375mg comp.lib.prolx30","SIFROL ER","Boehringer Inge","Antiparkinsoniano","CÂ ps./Comp. de LiberaciÂ¢n Controlada"
"pramipexol","0.25 mg comp.ran.x 30","NULIPAR","Baliarda","Antiparkinsoniano","Comprimidos/Pastillas/Tabletas/Grageas"
"pramipexol","0.25 mg comp.ran.x 60","NULIPAR","Baliarda","Antiparkinsoniano","Comprimidos/Pastillas/Tabletas/Grageas"
"pramipexol","0.25 mg comp.x 60","NOXOPRAN","Casasco","Antiparkinsoniano","Comprimidos/Pastillas/Tabletas/Grageas"
"pramipexol","0.75mg comp.lib.prol.x30","SIFROL ER","Boehringer Inge","Antiparkinsoniano","CÂ ps./Comp. de LiberaciÂ¢n Controlada"
"pramipexol","3 mg comp.lib.prol.x 30","NULIPAR LP","Baliarda","Antiparkinsoniano","CÂ ps./Comp. de LiberaciÂ¢n Controlada"
"prednisolona","colirio x 5 ml","SOPHIPREN OFTENO","Siegfried","Antiinflam.Descongestivo","Gotas oftÂ lmicas/Colirios"
"prednisolona acetato+fenilefrina","fco.gotero x 10 ml","FENIPRED ACETATO","Lab Internacion","Antiinflam.Descongestivo","Gotas oftÂ lmicas/Colirios"
"prednisolona+asoc.","pda.x 30 g","PROCTO VENART","Casasco","Antihemorroidal","Cremas/Geles/Pomadas/UngÂentos"
"prednisolona+asoc.","pda.x 10 g","PROCTO VENART","Casasco","Antihemorroidal","Cremas/Geles/Pomadas/UngÂentos"
"prednisolona+fenilefrina","susp.oft.x 10 ml","DELTAR","Elea","Antiinflam.Descongestivo","Gotas oftÂ lmicas/Colirios"
"prednisolona+fenilefrina","susp.oft.x 10 ml","EFECORYL FORTE","Sidus","Antiinflam.Descongestivo","Gotas oftÂ lmicas/Colirios"
"prednisolona+fenilefrina","susp.oft.x 10 ml","PREDNEFRIN FORTE","Abbvie","Antiinflam.Descongestivo","Gotas oftÂ lmicas/Colirios"
"prednisona","50mgcomp.rec.trirran.x20","METILPRES 50","Trb-Pharma","Corticosteroide","Comprimidos/Pastillas/Tabletas/Grageas"
"prednisona","5 mg comp.ran.x 30","METILPRES","Trb-Pharma","Corticosteroide","Comprimidos/Pastillas/Tabletas/Grageas"
"prednisona","20 mg comp.ran.x 20","METILPRES","Trb-Pharma","Corticosteroide","Comprimidos/Pastillas/Tabletas/Grageas"
"prednisona","5 mg comp.ran.x 60","METILPRES","Trb-Pharma","Corticosteroide","Comprimidos/Pastillas/Tabletas/Grageas"
"pregabalina","150 mg cÂ ps.x 30","GAVANEURAL","Denver Farma","Antiepileptico","CÂ psulas/Softgels"
"pregabalina","75 mg comp.multid.x 15","PGB 75 MULTIDOSIS","Siegfried","Antiepileptico","Comprimidos/Pastillas/Tabletas/Grageas"
"pregabalina","300 mg cÂ ps.x 28","LINPREL 300","Baliarda","Antiepileptico","CÂ psulas/Softgels"
"pregabalina","25 mg cÂ ps.x 30","LYRICA","Aspen Pharma","Antiepileptico","CÂ psulas/Softgels"
"pregabalina","75 mg cÂ ps.x 60","PLENICA","Roemmers","Antiepileptico","CÂ psulas/Softgels"
"pregabalina","50 mg cÂ ps.x 30","GAVIN","Gador","Antiepileptico","CÂ psulas/Softgels"
"pregabalina","150 mg cÂ ps.x 30","LYRICA","Aspen Pharma","Antiepileptico","CÂ psulas/Softgels"
"pregabalina","150 mg cÂ ps.x 30","PLENICA","Roemmers","Antiepileptico","CÂ psulas/Softgels"
"pregabalina","300 mg cÂ ps.x 30","AXUAL","Teva Argentina","Antiepileptico","CÂ psulas/Softgels"
"pregabalina","75 mg comp.birran.x 30","PREBIEN 75 DIVIDOSIS","Ariston","Antiepileptico","CÂ psulas/Softgels"
"pregabalina","150 mg comp.birran.x 30","PREBIEN 150 DIVIDOSIS","Ariston","Antiepileptico","Comprimidos/Pastillas/Tabletas/Grageas"
"pregabalina","75 mg cÂ ps.x 30","NEURISTAN","Casasco","Antiepileptico","CÂ psulas/Softgels"
"pregabalina","50 mg cÂ ps.x 30","SERIPRAN","Rospaw","Antiepileptico","CÂ psulas/Softgels"
"pregabalina","50 mg cÂ ps.x 30","DOLONEUTIN","Gâminis Farmacâ","Antiepileptico","CÂ psulas/Softgels"
"pregabalina","150 mg cÂ ps.x 28","PREGANNIER","Vannier","Antiepileptico","CÂ psulas/Softgels"
"pregabalina","150 mg cÂ ps.x 30","PREGABALINA RICHET 150","Richet","Antiepileptico","CÂ psulas/Softgels"
"pregabalina","75 mg cÂ ps.x 30","GAVANEURAL","Denver Farma","Antiepileptico","CÂ psulas/Softgels"
"pregabalina","300 mg cÂ ps.x 30","LINPREL 300","Baliarda","Antiepileptico","CÂ psulas/Softgels"
"pregabalina","150 mg cÂ ps.x 30","PGB","Siegfried","Antiepileptico","CÂ psulas/Softgels"
"pregabalina","150 mg cÂ ps.x 28","LINPREL 150","Baliarda","Antiepileptico","CÂ psulas/Softgels"
"pregabalina","50 mg cÂ ps.x 30","NEURISTAN","Casasco","Antiepileptico","CÂ psulas/Softgels"
"pregabalina","25 mg cÂ ps.x 30","GAVIN","Gador","Antiepileptico","CÂ psulas/Softgels"
"pregabalina","75 mg cÂ ps.x 60","LYRICA","Aspen Pharma","Antiepileptico","CÂ psulas/Softgels"
"pregabalina","75 mg cÂ ps.x 30","PLENICA","Roemmers","Antiepileptico","CÂ psulas/Softgels"
"pregabalina","150 mg cÂ ps.x 30","AXUAL","Teva Argentina","Antiepileptico","CÂ psulas/Softgels"
"pregabalina","75 mg comp.birran.x 60","LINPREL MULTIDOSIS","Baliarda","Antiepileptico","Comprimidos/Pastillas/Tabletas/Grageas"
"pregabalina","25 mg cÂ ps.x 30","SERIPRAN","Rospaw","Antiepileptico","CÂ psulas/Softgels"
"pregabalina","25 mg cÂ ps.x 30","DOLONEUTIN","Gâminis Farmacâ","Antiepileptico","CÂ psulas/Softgels"
"pregabalina","75 mg cÂ ps.x 28","PREGANNIER","Vannier","Antiepileptico","CÂ psulas/Softgels"
"pregabalina","150 mg cÂ ps.x 30","LUNEL","Montpellier","Antiepileptico","CÂ psulas/Softgels"
"pregabalina","75 mg cÂ ps.x 30","PREGABALINA RICHET 75","Richet","Antiepileptico","CÂ psulas/Softgels"
"pregabalina","150 mg cÂ ps.x 30","LINPREL 150","Baliarda","Antiepileptico","CÂ psulas/Softgels"
"pregabalina","75 mg cÂ ps.x 30","PGB","Siegfried","Antiepileptico","CÂ psulas/Softgels"
"pregabalina","75 mg cÂ ps.x 28","LINPREL 75","Baliarda","Antiepileptico","CÂ psulas/Softgels"
"pregabalina","300 mg cÂ ps.x 30","PRINCIPIA","Elea","Antiepileptico","CÂ psulas/Softgels"
"pregabalina","150 mg cÂ ps.x 28","PREBICTAL","Adium","Antiepileptico","CÂ psulas/Softgels"
"pregabalina","100 mg comp.trirran.x 30","KABIAN 100 MULTIDOSIS","Temis-LostalÂ¢","Antiepileptico","CÂ psulas/Softgels"
"pregabalina","75 mg divids.x 15","AXUAL","Teva Argentina","Antiepileptico","CÂ psulas/Softgels"
"pregabalina","150 mg comp.rec.x 30","MYSTIKA 150","Richmond","Antiepileptico","Comprimidos/Pastillas/Tabletas/Grageas"
"pregabalina","75 mg cÂ ps.x 60","AXUAL","Teva Argentina","Antiepileptico","CÂ psulas/Softgels"
"pregabalina","75 mg cÂ ps.x 30","LYRICA","Aspen Pharma","Antiepileptico","CÂ psulas/Softgels"
"pregabalina","75 mg cÂ ps.x 15","PLENICA","Roemmers","Antiepileptico","CÂ psulas/Softgels"
"pregabalina","75 mg cÂ ps.x 30","AXUAL","Teva Argentina","Antiepileptico","CÂ psulas/Softgels"
"pregabalina","50 mg cÂ ps.x 30","PLENICA","Roemmers","Antiepileptico","CÂ psulas/Softgels"
"pregabalina","75 mg divids.x 30","AXUAL","Teva Argentina","Antiepileptico","CÂ psulas/Softgels"
"pregabalina","75 mg cÂ ps.x 30","LUNEL","Montpellier","Antiepileptico","CÂ psulas/Softgels"
"pregabalina","150 mg cÂ ps.x 28","PREBIEN","Ariston","Antiepileptico","CÂ psulas/Softgels"
"pregabalina","75 mg comp.birran.x 30","KABIAN 75 MULTIDOSIS","Temis-LostalÂ¢","Antiepileptico","CÂ psulas/Softgels"
"pregabalina","75 mg comp.birran.x 30","GAVIN 75 BIRRANURADO","Gador","Antiepileptico","Comprimidos/Pastillas/Tabletas/Grageas"
"pregabalina","300 mg cÂ ps.x 30","DOLONEUTIN","Gâminis Farmacâ","Antiepileptico","CÂ psulas/Softgels"
"pregabalina","75 mg comp.birran.x 30","LUNEL 75 PRACTIDOSIS","Montpellier","Antiepileptico","Comprimidos/Pastillas/Tabletas/Grageas"
"pregabalina","75 mg cÂ ps.x 30","LINPREL 75","Baliarda","Antiepileptico","CÂ psulas/Softgels"
"pregabalina","150 mg cÂ ps.x 30","PRINCIPIA","Elea","Antiepileptico","CÂ psulas/Softgels"
"pregabalina","75mg comp.ran.divids.x30","SERIPRAN","Rospaw","Antiepileptico","Comprimidos/Pastillas/Tabletas/Grageas"
"pregabalina","75 mg cÂ ps.x 28","PREBICTAL","Adium","Antiepileptico","CÂ psulas/Softgels"
"pregabalina","50 mg cÂ ps.x 30","AXUAL","Teva Argentina","Antiepileptico","CÂ psulas/Softgels"
"pregabalina","75mg comp.rec.birran.x30","MYSTIKA 75 MULTIDOSIS","Richmond","Antiepileptico","Comprimidos/Pastillas/Tabletas/Grageas"
"pregabalina","25 mg cÂ ps.x 28","PREBICTAL","Adium","Antiepileptico","CÂ psulas/Softgels"
"pregabalina","100 mg cÂ ps.x 28","PREBICTAL","Adium","Antiepileptico","CÂ psulas/Softgels"
"pregabalina","75 mg cÂ ps.x 15","LYRICA","Aspen Pharma","Antiepileptico","CÂ psulas/Softgels"
"pregabalina","50 mg cÂ ps.x 15","PLENICA","Roemmers","Antiepileptico","CÂ psulas/Softgels"
"pregabalina","75 mg cÂ ps.x 60","PREGABALINA RICHET 75","Richet","Antiepileptico","CÂ psulas/Softgels"
"pregabalina","75 mg comp. birran. x 30","PREBICTAL 75 MULTIDOSIS","Adium","Antiepileptico","CÂ psulas/Softgels"
"pregabalina","300 mg cÂ ps.x 30","GAVIN","Gador","Antiepileptico","CÂ psulas/Softgels"
"pregabalina","75 mg cÂ ps.x 28","PREBIEN","Ariston","Antiepileptico","CÂ psulas/Softgels"
"pregabalina","150 mg comp.birran.x 30","KABIAN 150 MULTIDOSIS","Temis-LostalÂ¢","Antiepileptico","CÂ psulas/Softgels"
"pregabalina","150 mg cÂ ps.x 30","DOLONEUTIN","Gâminis Farmacâ","Antiepileptico","CÂ psulas/Softgels"
"pregabalina","150 mg cÂ ps.x 30","DOLGENAL","Savant Generic","Antiepileptico","CÂ psulas/Softgels"
"pregabalina","75 mg comp.x 60","NEURISTAN MULTIDOSIS","Casasco","Antiepileptico","Comprimidos/Pastillas/Tabletas/Grageas"
"pregabalina","75 mg cÂ ps.x 60","PRINCIPIA","Elea","Antiepileptico","CÂ psulas/Softgels"
"pregabalina","300 mg cÂ ps.x 30","SERIPRAN","Rospaw","Antiepileptico","CÂ psulas/Softgels"
"pregabalina","75 mg comp.x 15","PLENICA 75 PRACTIDOSIS","Roemmers","Antiepileptico","Comprimidos/Pastillas/Tabletas/Grageas"
"pregabalina","50 mg cÂ ps.x 28","LINPREL 50","Baliarda","Antiepileptico","CÂ psulas/Softgels"
"pregabalina","75 mg comp.birran.x 15","PREBIEN 75 DIVIDOSIS","Ariston","Antiepileptico","CÂ psulas/Softgels"
"pregabalina","50 mg cÂ ps.x 28","PREBICTAL","Adium","Antiepileptico","CÂ psulas/Softgels"
"pregabalina","50 mg cÂ ps.x 30","LYRICA","Aspen Pharma","Antiepileptico","CÂ psulas/Softgels"
"pregabalina","75 mg comp.x 30","NEURISTAN MULTIDOSIS","Casasco","Antiepileptico","Comprimidos/Pastillas/Tabletas/Grageas"
"pregabalina","75 mg comp. birran. x 15","PREBICTAL 75 MULTIDOSIS","Adium","Antiepileptico","CÂ psulas/Softgels"
"pregabalina","150 mg cÂ ps.x 30","GAVIN","Gador","Antiepileptico","CÂ psulas/Softgels"
"pregabalina","150 mg comp.birran.x 15","PREBIEN 150 DIVIDOSIS","Ariston","Antiepileptico","Comprimidos/Pastillas/Tabletas/Grageas"
"pregabalina","75 mg cÂ ps.x 30","DOLONEUTIN","Gâminis Farmacâ","Antiepileptico","CÂ psulas/Softgels"
"pregabalina","75 mg cÂ ps.x 30","DOLGENAL","Savant Generic","Antiepileptico","CÂ psulas/Softgels"
"pregabalina","25 mg cÂ ps.x 30","AXUAL","Teva Argentina","Antiepileptico","CÂ psulas/Softgels"
"pregabalina","75 mg cÂ ps.x 30","PRINCIPIA","Elea","Antiepileptico","CÂ psulas/Softgels"
"pregabalina","25 mg cÂ ps.x 30","PLENICA","Roemmers","Antiepileptico","CÂ psulas/Softgels"
"pregabalina","150 mg cÂ ps.x 30","SERIPRAN","Rospaw","Antiepileptico","CÂ psulas/Softgels"
"pregabalina","25 mg cÂ ps.x 28","LINPREL 25","Baliarda","Antiepileptico","CÂ psulas/Softgels"
"pregabalina","75 mg comp.multid.x 30","PGB 75 MULTIDOSIS","Siegfried","Antiepileptico","Comprimidos/Pastillas/Tabletas/Grageas"
"pregabalina","25 mg cÂ ps.x 60","LYRICA","Aspen Pharma","Antiepileptico","CÂ psulas/Softgels"
"pregabalina","75 mg comp.x 30","PLENICA 75 PRACTIDOSIS","Roemmers","Antiepileptico","Comprimidos/Pastillas/Tabletas/Grageas"
"pregabalina","75 mg comp.birran.x 30","LINPREL MULTIDOSIS","Baliarda","Antiepileptico","Comprimidos/Pastillas/Tabletas/Grageas"
"pregabalina","25 mg cÂ ps.x 30","NEURISTAN","Casasco","Antiepileptico","CÂ psulas/Softgels"
"pregabalina","75 mg cÂ ps.x 30","GAVIN","Gador","Antiepileptico","CÂ psulas/Softgels"
"pregabalina","300 mg cÂ ps.x 30","LYRICA","Aspen Pharma","Antiepileptico","CÂ psulas/Softgels"
"pregabalina","300 mg cÂ ps.x 30","PLENICA","Roemmers","Antiepileptico","CÂ psulas/Softgels"
"pregabalina","25 mg cÂ ps.x 30","PRINCIPIA","Elea","Antiepileptico","CÂ psulas/Softgels"
"pregabalina","75 mg comp.birran.x 30","PRINCIPIA PRACTIDOSIS","Elea","Antiepileptico","Comprimidos/Pastillas/Tabletas/Grageas"
"pregabalina","150 mg cÂ ps.x 30","NEURISTAN","Casasco","Antiepileptico","CÂ psulas/Softgels"
"pregabalina","75 mg cÂ ps.x 30","SERIPRAN","Rospaw","Antiepileptico","CÂ psulas/Softgels"
"pregabalina","75 mg cÂ ps.x 15","DOLONEUTIN","Gâminis Farmacâ","Antiepileptico","CÂ psulas/Softgels"
"pridinol,mesilato","4 mg comp.x 30","RODI RELAX","Gâminis Farmacâ","Relajante muscular","Comprimidos/Pastillas/Tabletas/Grageas"
"pridinol,mesilato","4 mg comp.x 15","RODI RELAX","Gâminis Farmacâ","Relajante muscular","Comprimidos/Pastillas/Tabletas/Grageas"
"pridinol,mesilato","4 mg comp.ran.x 10","PRINIL","Trb-Pharma","Relajante muscular","Comprimidos/Pastillas/Tabletas/Grageas"
"pridinol,mesilato","4 mg comp.x 10","RODI RELAX","Gâminis Farmacâ","Relajante muscular","Comprimidos/Pastillas/Tabletas/Grageas"
"pridinol,mesilato","4 mg comp.ran.x 15","RELAXEDAN 4","BagÂ¢","Relajante muscular","Comprimidos/Pastillas/Tabletas/Grageas"
"pridinol,mesilato","4 mg comp.ran.x 30","PRINIL","Trb-Pharma","Relajante muscular","Comprimidos/Pastillas/Tabletas/Grageas"
"progesterona","cÂ ps.x 28","MAFEL 200","Megalabs Argent","Progestageno","CÂ psulas/Softgels"
"progesterona","200 mg cÂ ps.x 14","UTROGESTAN","Ferring","Progestageno","CÂ psulas/Softgels"
"progesterona","200 mg cÂ ps.bl.x 30","GESLUTIN","Adium","Progestageno","CÂ psulas/Softgels"
"progesterona","cÂ ps.x 14","MAFEL 200","Megalabs Argent","Progestageno","CÂ psulas/Softgels"
"progesterona","200 mg cÂ ps.bl.x 15","GESLUTIN","Adium","Progestageno","CÂ psulas/Softgels"
"progesterona","100 mg cÂ ps.bl.x 30","GESLUTIN","Adium","Progestageno","CÂ psulas/Softgels"
"progesterona","200 mg cÂ ps.x 28","UTROGESTAN","Ferring","Progestageno","CÂ psulas/Softgels"
"progesterona","cÂ ps.blandas x 15","PROGEST 200","Elea","Progestageno","CÂ psulas/Softgels"
"progesterona","cÂ ps.x 42","MAFEL 200","Megalabs Argent","Progestageno","CÂ psulas/Softgels"
"progesterona","cÂ ps.x 30","GESTFEM","Laboratorios Be","Progestageno","CÂ psulas/Softgels"
"progesterona","cÂ ps.blandas x 30","PROGEST 200","Elea","Progestageno","CÂ psulas/Softgels"
"progesterona","100 mg cÂ ps.x 30","UTROGESTAN","Ferring","Progestageno","CÂ psulas/Softgels"
"progesterona","cÂ ps.x 30","MAFEL","Megalabs Argent","Progestageno","CÂ psulas/Softgels"
"progesterona","cÂ ps.blandas x 30","PROGEST","Elea","Progestageno","CÂ psulas/Softgels"
"progesterona","dispens.monods.pack x 15","CRINONE 8%","Merck Serono","Progestageno","Cremas/Geles/Pomadas/UngÂentos"
"progesterona","200 mg cÂ ps.x 42","UTROGESTAN","Ferring","Progestageno","CÂ psulas/Softgels"
"promestriene","comp.vag.x 10","PROMECLIM","Megalabs Argent","Estrogenoterapia","Ovulos/Comprimidos vaginales"
"promestriene","cr.x 15 g","MENOCLIM PRO","Beta","Estrogenoterapia","Cremas/Geles/Pomadas/UngÂentos"
"promestriene","cr.x 15 g","COLPOTROPHINE","Teva Argentina","Estrogenoterapia","Cremas/Geles/Pomadas/UngÂentos"
"promestriene","cÂ ps.vag.x 10","COLPOTROPHINE","Teva Argentina","Estrogenoterapia","Ovulos/Comprimidos vaginales"
"promestriene","cÂ ps.vag.x 20","COLPOTROPHINE","Teva Argentina","Estrogenoterapia","Ovulos/Comprimidos vaginales"
"promestriene","Â¢v. x 20","COLPOESTRIENE","Temis-LostalÂ¢","Estrogenoterapia","Ovulos/Comprimidos vaginales"
"promestriene","Â¢v. x 20","MENOCLIM PRO","Beta","Estrogenoterapia","Ovulos/Comprimidos vaginales"
"promestriene","Â¢v. x 10","COLPOESTRIENE","Temis-LostalÂ¢","Estrogenoterapia","Ovulos/Comprimidos vaginales"
"promestriene","comp.vag.x 20","PROMECLIM","Megalabs Argent","Estrogenoterapia","Ovulos/Comprimidos vaginales"
"promestriene","Â¢v. x 10","MENOCLIM PRO","Beta","Estrogenoterapia","Ovulos/Comprimidos vaginales"
"propafenona","300 mg comp.rec.x 50","NORMORYTMIN","Abbott EPD","Antiarritmico","Comprimidos/Pastillas/Tabletas/Grageas"
"propafenona","300 mg comp.rec.x 20","NORMORYTMIN","Abbott EPD","Antiarritmico","Comprimidos/Pastillas/Tabletas/Grageas"
"propafenona","150 mg comp.rec.x 50","NORMORYTMIN","Abbott EPD","Antiarritmico","Comprimidos/Pastillas/Tabletas/Grageas"
"propafenona","150 mg comp.rec.x 20","NORMORYTMIN","Abbott EPD","Antiarritmico","Comprimidos/Pastillas/Tabletas/Grageas"
"propranolol","80 mg comp.x 50","PROPRANOLOL GADOR","Gador","Antianginoso","Comprimidos/Pastillas/Tabletas/Grageas"
"propranolol","40 mg comp.x 100","PROPRANOLOL GADOR","Gador","Antianginoso","Comprimidos/Pastillas/Tabletas/Grageas"
"propranolol","10 mg comp.x 20","PROPRANOLOL GADOR","Gador","Antianginoso","Comprimidos/Pastillas/Tabletas/Grageas"
"propranolol","40 mg comp.x 50","PROPRANOLOL GADOR","Gador","Antianginoso","Comprimidos/Pastillas/Tabletas/Grageas"
"propranolol,clorh.","sol.oral x 100 ml","PROPADER","CassarÂ","Betabloqueante","Jarabe/SuspensiÂ¢n oral/Polvo para uso oral"
"prucalopride","2 mg comp.rec.x 28","RESOLIDE","Eczane","Estimulante de la motilidad inte","Comprimidos/Pastillas/Tabletas/Grageas"
"prucalopride","2 mg comp.rec.x 10","PRUCAL","Siegfried","Estimulante de la motilidad inte","Comprimidos/Pastillas/Tabletas/Grageas"
"prucalopride","2 mg comp.rec.x 28","DOSNE","Rossmore Pharma","Estimulante de la motilidad inte","Comprimidos/Pastillas/Tabletas/Grageas"
"prucalopride","1 mg comp.x 30","ERCANOL","Casasco","Estimulante de la motilidad inte","Comprimidos/Pastillas/Tabletas/Grageas"
"prucalopride","1 mg comp.rec.x 10","PRUCAL","Siegfried","Estimulante de la motilidad inte","Comprimidos/Pastillas/Tabletas/Grageas"
"prucalopride","1 mg comp.rec.x 28","DOSNE","Rossmore Pharma","Estimulante de la motilidad inte","Comprimidos/Pastillas/Tabletas/Grageas"
"prucalopride","2 mg comp.rec.x 30","PRUCACINET","DomÂ¡nguez","Estimulante de la motilidad inte","Comprimidos/Pastillas/Tabletas/Grageas"
"prucalopride","2 mg comp.rec.x 42","DOSNE","Rossmore Pharma","Estimulante de la motilidad inte","Comprimidos/Pastillas/Tabletas/Grageas"
"prucalopride","2 mg comp.rec.x 30","PRUCAL","Siegfried","Estimulante de la motilidad inte","Comprimidos/Pastillas/Tabletas/Grageas"
"prucalopride","1 mg comp.rec.x 7","DOSNE","Rossmore Pharma","Estimulante de la motilidad inte","Comprimidos/Pastillas/Tabletas/Grageas"
"prucalopride","1 mg comp.rec.x 42","DOSNE","Rossmore Pharma","Estimulante de la motilidad inte","Comprimidos/Pastillas/Tabletas/Grageas"
"prucalopride","1 mg comp.rec.x 30","PRUCAL","Siegfried","Estimulante de la motilidad inte","Comprimidos/Pastillas/Tabletas/Grageas"
"prucalopride","2 mg comp.rec.x 28","PRUXAN","Ariston","Estimulante de la motilidad inte","Comprimidos/Pastillas/Tabletas/Grageas"
"prucalopride","2 mg comp.rec.x 7","PRUXAN","Ariston","Estimulante de la motilidad inte","Comprimidos/Pastillas/Tabletas/Grageas"
"prucalopride","2 mg comp.x 30","ERCANOL","Casasco","Estimulante de la motilidad inte","Comprimidos/Pastillas/Tabletas/Grageas"
"repaglinida","2 mg comp.x 30","GLUKENIL","Lazar","Antidiabetico","Comprimidos/Pastillas/Tabletas/Grageas"
"repaglinida","1 mg comp.x 30","GLUKENIL","Lazar","Antidiabetico","Comprimidos/Pastillas/Tabletas/Grageas"
"repaglinida","2 mg comp.x 90","SESTRINE","Beta","Antidiabetico","Comprimidos/Pastillas/Tabletas/Grageas"
"repaglinida","0.5 mg comp.x 30","GLUKENIL","Lazar","Antidiabetico","Comprimidos/Pastillas/Tabletas/Grageas"
"repaglinida","2 mg comp.x 30","SESTRINE","Beta","Antidiabetico","Comprimidos/Pastillas/Tabletas/Grageas"
"repaglinida","1 mg comp.x 90","SESTRINE","Beta","Antidiabetico","Comprimidos/Pastillas/Tabletas/Grageas"
"repaglinida","1 mg comp.x 30","CRAVENORM","Craveri","Antidiabetico","Comprimidos/Pastillas/Tabletas/Grageas"
"repaglinida","1 mg comp.x 30","SESTRINE","Beta","Antidiabetico","Comprimidos/Pastillas/Tabletas/Grageas"
"repaglinida","0.5 mg comp.x 30","SESTRINE","Beta","Antidiabetico","Comprimidos/Pastillas/Tabletas/Grageas"
"rifamicina","spray x 30 ml","RIFAMICYN","Lafedar","Antibiotico topico","SoluciÂ¢n de uso externo/LociÂ¢n"
"rifampicina","jbe.x 25 x 60 ml (EH)","RIFAMPICINA KILAB","Kilab","Antibiotico","Jarabe/SuspensiÂ¢n oral/Polvo para uso oral"
"rifampicina","jbe.x 50 ml","RIFAMPICINA RICHET","Richet","Antibiotico","Jarabe/SuspensiÂ¢n oral/Polvo para uso oral"
"rifampicina","300 mg cÂ ps.x 8","RIFAMPICINA RICHET","Richet","Antibiotico","CÂ psulas/Softgels"
"rifampicina","300 mg cÂ ps.x 8","RIFAMPICINA KILAB","Kilab","Antibiotico","CÂ psulas/Softgels"
"rifaximina","200 mg comp.rec.x 40","ROCIAMIN","Laboratorios Be","Antibiotico","Comprimidos/Pastillas/Tabletas/Grageas"
"rifaximina","550 mg comp.x 60","RIFAXTRIL","Ariston","Antibiotico","Comprimidos/Pastillas/Tabletas/Grageas"
"rifaximina","200 mg comp.rec.x 20","COLOXIMINA","Eurofarma","Antibiotico","Comprimidos/Pastillas/Tabletas/Grageas"
"rifaximina","550 mg comp.rec.x 30","LISIBACTER","Roemmers","Antibiotico","Comprimidos/Pastillas/Tabletas/Grageas"
"rifaximina","400 mg comp.rec.ran.x 10","COLOXIMINA","Eurofarma","Antibiotico","Comprimidos/Pastillas/Tabletas/Grageas"
"rifaximina","550 mg comp.rec.x 10","COLOXIMINA","Eurofarma","Antibiotico","Comprimidos/Pastillas/Tabletas/Grageas"
"rifaximina","200 mg comp.rec.x 20","ROCIAMIN","Laboratorios Be","Antibiotico","Comprimidos/Pastillas/Tabletas/Grageas"
"rifaximina","550 mg comp.x 30","RIFAXTRIL","Ariston","Antibiotico","Comprimidos/Pastillas/Tabletas/Grageas"
"rifaximina","comp.rec.x 30","ROCIAMIN 550","Laboratorios Be","Antibiotico","Comprimidos/Pastillas/Tabletas/Grageas"
"rifaximina","200 mg comp.rec.x 10","COLOXIMINA","Eurofarma","Antibiotico","Comprimidos/Pastillas/Tabletas/Grageas"
"rifaximina","200 mg comp.rec.x 40","RIFAMAX","Eczane","Antiinflam.intestinal","Comprimidos/Pastillas/Tabletas/Grageas"
"rifaximina","550 mg comp.rec.x 10","LISIBACTER","Roemmers","Antibiotico","Comprimidos/Pastillas/Tabletas/Grageas"
"rifaximina","200 mg comp.x 40","RIFAXTRIL","Ariston","Antibiotico","Comprimidos/Pastillas/Tabletas/Grageas"
"rifaximina","550 mg comp.x 10","RIFAXTRIL","Ariston","Antibiotico","Comprimidos/Pastillas/Tabletas/Grageas"
"rifaximina","550 mg comp.rec.x 60","LISIBACTER","Roemmers","Antibiotico","Comprimidos/Pastillas/Tabletas/Grageas"
"rifaximina","comp.rec.x 10","ROCIAMIN 550","Laboratorios Be","Antibiotico","Comprimidos/Pastillas/Tabletas/Grageas"
"rifaximina","200 mg comp.rec.x 20","RIFAMAX","Eczane","Antiinflam.intestinal","Comprimidos/Pastillas/Tabletas/Grageas"
"rifaximina","200 mg comp.rec.x 20","LISIBACTER","Roemmers","Antibiotico","Comprimidos/Pastillas/Tabletas/Grageas"
"rifaximina","200 mg comp.x 20","RIFAXTRIL","Ariston","Antibiotico","Comprimidos/Pastillas/Tabletas/Grageas"
"rifaximina","200 mg comp.x 40","RIFADOM","DomÂ¡nguez","Antibiotico","Comprimidos/Pastillas/Tabletas/Grageas"
"rifaximina","400 mg comp.rec.x 30","LISIBACTER","Roemmers","Antibiotico","Comprimidos/Pastillas/Tabletas/Grageas"
"rifaximina","550 mg comp.x 60","RIFADOM","DomÂ¡nguez","Antibiotico","Comprimidos/Pastillas/Tabletas/Grageas"
"rifaximina","550 mg comp.rec.x 30","RIFAMAX","Eczane","Antiinflam.intestinal","Comprimidos/Pastillas/Tabletas/Grageas"
"rifaximina","200 mg comp.x 10","RIFADOM","DomÂ¡nguez","Antibiotico","Comprimidos/Pastillas/Tabletas/Grageas"
"rifaximina","200 mg comp.rec.x 10","RIFAMAX","Eczane","Antiinflam.intestinal","Comprimidos/Pastillas/Tabletas/Grageas"
"rifaximina","200 mg comp.rec.x 10","LISIBACTER","Roemmers","Antibiotico","Comprimidos/Pastillas/Tabletas/Grageas"
"rifaximina","200 mg comp.x 20","RIFADOM","DomÂ¡nguez","Antibiotico","Comprimidos/Pastillas/Tabletas/Grageas"
"rifaximina","550 mg comp.x 30","RIFADOM","DomÂ¡nguez","Antibiotico","Comprimidos/Pastillas/Tabletas/Grageas"
"rifaximina","550 mg comp.x 10","RIFADOM","DomÂ¡nguez","Antibiotico","Comprimidos/Pastillas/Tabletas/Grageas"
"rifaximina","400 mg comp.rec.x 30","ROCIAMIN","Laboratorios Be","Antibiotico","Comprimidos/Pastillas/Tabletas/Grageas"
"rifaximina","400 mg comp.rec.ran.x 30","COLOXIMINA","Eurofarma","Antibiotico","Comprimidos/Pastillas/Tabletas/Grageas"
"rifaximina","550 mg comp.rec.x 30","COLOXIMINA","Eurofarma","Antibiotico","Comprimidos/Pastillas/Tabletas/Grageas"
"rivaroxaban","20 mg x 30 comp.rec.","XAROBAN","Adium","Antitrombotico","Comprimidos/Pastillas/Tabletas/Grageas"
"rivaroxaban","10 mg comp.rec.x 15","RIXATYL","Baliarda","Antitrombotico","Comprimidos/Pastillas/Tabletas/Grageas"
"rivaroxaban","20 mg comp.rec.x 28","REMEXAL","Casasco","Antitrombotico","Comprimidos/Pastillas/Tabletas/Grageas"
"rivaroxaban","10 mg comp.rec.x 30","DRINAX R 10","BagÂ¢","Antitrombotico","Comprimidos/Pastillas/Tabletas/Grageas"
"rivaroxaban","20 mg comp.rec.x 30","LIXATROM","Laboratorios Be","Antitrombotico","Comprimidos/Pastillas/Tabletas/Grageas"
"rivaroxaban","10 mg comp.rec.x 30","RIVAREX","Everex","Antitrombotico","Comprimidos/Pastillas/Tabletas/Grageas"
"rivaroxaban","15 mg comp.x 28","XARELTO","Bayer (PH)","Antitrombotico","Comprimidos/Pastillas/Tabletas/Grageas"
"rivaroxaban","2.5 mg x 56 comp.","XARELTO","Bayer (PH)","Antitrombotico","Comprimidos/Pastillas/Tabletas/Grageas"
"rivaroxaban","10 mg comp.rec.x 15","QUARXOM","Richmond","Antitrombotico","Comprimidos/Pastillas/Tabletas/Grageas"
"rivaroxaban","20 mg x 30 comp.rec.","ABAXON","Roemmers","Antitrombotico","Comprimidos/Pastillas/Tabletas/Grageas"
"rivaroxaban","20 mg x 15 comp.rec.","XAROBAN","Adium","Antitrombotico","Comprimidos/Pastillas/Tabletas/Grageas"
"rivaroxaban","20 mg comp.rec.x 28","REMIVOX","Elea","Antitrombotico","Comprimidos/Pastillas/Tabletas/Grageas"
"rivaroxaban","10 mg x 10 comp.rec.","ABAXON","Roemmers","Antitrombotico","Comprimidos/Pastillas/Tabletas/Grageas"
"rivaroxaban","15 mg comp.rec.x 30","REMEXAL","Casasco","Antitrombotico","Comprimidos/Pastillas/Tabletas/Grageas"
"rivaroxaban","10 mg comp.rec.x 15","DRINAX R 10","BagÂ¢","Antitrombotico","Comprimidos/Pastillas/Tabletas/Grageas"
"rivaroxaban","15 mg comp.rec.x 30","LIXATROM","Laboratorios Be","Antitrombotico","Comprimidos/Pastillas/Tabletas/Grageas"
"rivaroxaban","20 mg comp. x 30","RIBEX","Eurofarma","Antitrombotico","Comprimidos/Pastillas/Tabletas/Grageas"
"rivaroxaban","20 mg x 30 comp.rec.","ANTITROM","Lazar","Antitrombotico","Comprimidos/Pastillas/Tabletas/Grageas"
"rivaroxaban","15 mg x 30 comp.rec.","ABAXON","Roemmers","Antitrombotico","Comprimidos/Pastillas/Tabletas/Grageas"
"rivaroxaban","15 mg x 30 comp.rec.","XAROBAN","Adium","Antitrombotico","Comprimidos/Pastillas/Tabletas/Grageas"
"rivaroxaban","15 mg comp.rec.x 28","REMIVOX","Elea","Antitrombotico","Comprimidos/Pastillas/Tabletas/Grageas"
"rivaroxaban","15 mg comp.rec.x 28","REMEXAL","Casasco","Antitrombotico","Comprimidos/Pastillas/Tabletas/Grageas"
"rivaroxaban","15 mg comp. x 30","RIBEX","Eurofarma","Antitrombotico","Comprimidos/Pastillas/Tabletas/Grageas"
"rivaroxaban","15 mg x 30 comp.rec.","ANTITROM","Lazar","Antitrombotico","Comprimidos/Pastillas/Tabletas/Grageas"
"rivaroxaban","10 mg x 30 comp.rec.","ABAXON","Roemmers","Antitrombotico","Comprimidos/Pastillas/Tabletas/Grageas"
"rivaroxaban","15 mg x 15 comp.rec.","XAROBAN","Adium","Antitrombotico","Comprimidos/Pastillas/Tabletas/Grageas"
"rivaroxaban","15 mg comp.rec.x 30","RIVACRIST","Abbott EPD","Antitrombotico","Comprimidos/Pastillas/Tabletas/Grageas"
"rivaroxaban","10 mg comp.rec.x 10","REMEXAL","Casasco","Antitrombotico","Comprimidos/Pastillas/Tabletas/Grageas"
"rivaroxaban","2.5 mg comp.rec.x 60","RIXATYL","Baliarda","Antitrombotico","Comprimidos/Pastillas/Tabletas/Grageas"
"rivaroxaban","10 mg comp. x 15","RIBEX","Eurofarma","Antitrombotico","Comprimidos/Pastillas/Tabletas/Grageas"
"rivaroxaban","20 mg comp.rec.x 30","QUARXOM","Richmond","Antitrombotico","Comprimidos/Pastillas/Tabletas/Grageas"
"rivaroxaban","10 mg x 30 comp.rec.","ANTITROM","Lazar","Antitrombotico","Comprimidos/Pastillas/Tabletas/Grageas"
"rivaroxaban","2.5 mg x 30 comp.rec.","ABAXON","Roemmers","Antitrombotico","Comprimidos/Pastillas/Tabletas/Grageas"
"rivaroxaban","2.5 mg x 60 comp.rec","XAROBAN","Adium","Antitrombotico","Comprimidos/Pastillas/Tabletas/Grageas"
"rivaroxaban","20 mg comp.rec.x 30","RIVACRIST","Abbott EPD","Antitrombotico","Comprimidos/Pastillas/Tabletas/Grageas"
"rivaroxaban","10 mg comp.x 10","XARELTO","Bayer (PH)","Antitrombotico","Comprimidos/Pastillas/Tabletas/Grageas"
"rivaroxaban","10 mg x 30 comp.rec.","XAROBAN","Adium","Antitrombotico","Comprimidos/Pastillas/Tabletas/Grageas"
"rivaroxaban","20 mg comp.rec.x 30","RIXATYL","Baliarda","Antitrombotico","Comprimidos/Pastillas/Tabletas/Grageas"
"rivaroxaban","20 mg comp.rec.x 30","DRINAX R 20","BagÂ¢","Antitrombotico","Comprimidos/Pastillas/Tabletas/Grageas"
"rivaroxaban","15 mg comp.rec.x 30","QUARXOM","Richmond","Antitrombotico","Comprimidos/Pastillas/Tabletas/Grageas"
"rivaroxaban","10 mg comp.rec.x 30","REMEXAL","Casasco","Antitrombotico","Comprimidos/Pastillas/Tabletas/Grageas"
"rivaroxaban","2.5 mg x 30 comp.rec.","XAROBAN","Adium","Antitrombotico","Comprimidos/Pastillas/Tabletas/Grageas"
"rivaroxaban","10 mg comp.rec.x 15","RIVACRIST","Abbott EPD","Antitrombotico","Comprimidos/Pastillas/Tabletas/Grageas"
"rivaroxaban","10 mg x 10 comp.rec.","XAROBAN","Adium","Antitrombotico","Comprimidos/Pastillas/Tabletas/Grageas"
"rivaroxaban","15 mg comp.rec.x 30","RIXATYL","Baliarda","Antitrombotico","Comprimidos/Pastillas/Tabletas/Grageas"
"rivaroxaban","20 mg comp.rec.x 30","REMEXAL","Casasco","Antitrombotico","Comprimidos/Pastillas/Tabletas/Grageas"
"rivaroxaban","15 mg comp.rec.x 30","DRINAX R 15","BagÂ¢","Antitrombotico","Comprimidos/Pastillas/Tabletas/Grageas"
"rivaroxaban","20 mg comp.x 28","XARELTO","Bayer (PH)","Antitrombotico","Comprimidos/Pastillas/Tabletas/Grageas"
"rivaroxaban","10 mg comp.rec.x 30","RIXATYL","Baliarda","Antitrombotico","Comprimidos/Pastillas/Tabletas/Grageas"
"rosuvastatina","20 mg comp.x 30","TIALIPOL","Lafedar","Hipocolesterolemiante","Comprimidos/Pastillas/Tabletas/Grageas"
"rosuvastatina","20 mg comp.x 28","CRESTOR","AstraZeneca","Hipocolesterolemiante","Comprimidos/Pastillas/Tabletas/Grageas"
"rosuvastatina","20 mg comp.x 30","ROSUFEC 20","Fecofar","Hipolipemiante","Comprimidos/Pastillas/Tabletas/Grageas"
"rosuvastatina","10 mg comp.x 60","ROSUSTATIN","Montpellier","Hipocolesterolemiante","Comprimidos/Pastillas/Tabletas/Grageas"
"rosuvastatina","20 mg comp.rec.x 60","ROVARTAL","Roemmers","Hipolipemiante","Comprimidos/Pastillas/Tabletas/Grageas"
"rosuvastatina","20 mg comp.rec.x 30","ASTENDE","Lazar","Hipocolesterolemiante","Comprimidos/Pastillas/Tabletas/Grageas"
"rosuvastatina","5 mg comp.rec.ran.x 60","REOVEX 5","Baliarda","Hipocolesterolemiante","Comprimidos/Pastillas/Tabletas/Grageas"
"rosuvastatina","20 mg comp.rec.x 30","ROSTAN","Biotenk","Hipocolesterolemiante","Comprimidos/Pastillas/Tabletas/Grageas"
"rosuvastatina","20 mg comp.x 30","ROSUVASTATINA RICHET","Richet","Hipocolesterolemiante","Comprimidos/Pastillas/Tabletas/Grageas"
"rosuvastatina","40 mg comp.x 28","ROSUVAST 40","BagÂ¢","Hipocolesterolemiante","Comprimidos/Pastillas/Tabletas/Grageas"
"rosuvastatina","40 mg comp.x 30","ROSUVASTATINA RICHET","Richet","Hipocolesterolemiante","Comprimidos/Pastillas/Tabletas/Grageas"
"rosuvastatina","10 mg comp.rec.x 30","ROVARTAL","Roemmers","Hipolipemiante","Comprimidos/Pastillas/Tabletas/Grageas"
"rosuvastatina","10 mg comp.x 30","ROSUBER","Laboratorios Be","Hipocolesterolemiante","Comprimidos/Pastillas/Tabletas/Grageas"
"rosuvastatina","5 mg comp.x 60","ROSUVAST 5","BagÂ¢","Hipocolesterolemiante","Comprimidos/Pastillas/Tabletas/Grageas"
"rosuvastatina","40 mg comp.rec.x 30","ROXOLAN","Siegfried","Hipolipemiante","Comprimidos/Pastillas/Tabletas/Grageas"
"rosuvastatina","5 mg comp.x 60","ROSUCOL","Gâminis Farmacâ","Hipolipemiante","Comprimidos/Pastillas/Tabletas/Grageas"
"rosuvastatina","20 mg comp.x 30","ARTOMEY","Teva Argentina","Hipolipemiante","Comprimidos/Pastillas/Tabletas/Grageas"
"rosuvastatina","40 mg comp.rec.x 30","ROSUFEN","Nolter","Hipolipemiante","Comprimidos/Pastillas/Tabletas/Grageas"
"rosuvastatina","10 mg comp.x 30","NONLIPID","Denver Farma","Hipolipemiante","Comprimidos/Pastillas/Tabletas/Grageas"
"rosuvastatina","10 mg comp.rec.x 30","SINLIP","Gador","Hipocolesterolemiante","Comprimidos/Pastillas/Tabletas/Grageas"
"rosuvastatina","10 mg comp.rec.x 500","ROVASTANE","Eczane","Hipocolesterolemiante","Comprimidos/Pastillas/Tabletas/Grageas"
"rosuvastatina","20 mg comp.rec.x 30","LIPOGLUTAREN 20","Craveri","Hipocolesterolemiante","Comprimidos/Pastillas/Tabletas/Grageas"
"rosuvastatina","20 mg comp.rec.x 30","ROXOLAN","Siegfried","Hipolipemiante","Comprimidos/Pastillas/Tabletas/Grageas"
"rosuvastatina","20 mg comp.rec.x 56","HIPOLIPOL","Casasco","Hipocolesterolemiante","Comprimidos/Pastillas/Tabletas/Grageas"
"rosuvastatina","10 mg comp.x 30","TIALIPOL","Lafedar","Hipocolesterolemiante","Comprimidos/Pastillas/Tabletas/Grageas"
"rosuvastatina","10 mg comp.x 28","CRESTOR","AstraZeneca","Hipocolesterolemiante","Comprimidos/Pastillas/Tabletas/Grageas"
"rosuvastatina","10 mg comp.x 30","ROSUFEC 10","Fecofar","Hipolipemiante","Comprimidos/Pastillas/Tabletas/Grageas"
"rosuvastatina","10 mg comp.x 30","ROSUSTATIN","Montpellier","Hipocolesterolemiante","Comprimidos/Pastillas/Tabletas/Grageas"
"rosuvastatina","10 mg comp.rec.x 30","ASTENDE","Lazar","Hipocolesterolemiante","Comprimidos/Pastillas/Tabletas/Grageas"
"rosuvastatina","20 mg comp.rec.x 28","HIPOLIPOL","Casasco","Hipocolesterolemiante","Comprimidos/Pastillas/Tabletas/Grageas"
"rosuvastatina","10 mg comp.rec.x 30","ROSTAN","Biotenk","Hipocolesterolemiante","Comprimidos/Pastillas/Tabletas/Grageas"
"rosuvastatina","10 mg comp.x 30","ROSUVASTATINA RICHET","Richet","Hipocolesterolemiante","Comprimidos/Pastillas/Tabletas/Grageas"
"rosuvastatina","20 mg comp.x 28","COLESTRAX","Savant Generic","Hipocolesterolemiante","Comprimidos/Pastillas/Tabletas/Grageas"
"rosuvastatina","5 mg comp.x 28","CRESTOR","AstraZeneca","Hipocolesterolemiante","Comprimidos/Pastillas/Tabletas/Grageas"
"rosuvastatina","20 mg comp.x 28","ROSUVAST 20","BagÂ¢","Hipocolesterolemiante","Comprimidos/Pastillas/Tabletas/Grageas"
"rosuvastatina","5 mg comp.rec.x 30","ROVARTAL","Roemmers","Hipolipemiante","Comprimidos/Pastillas/Tabletas/Grageas"
"rosuvastatina","20 mg comp.x 28","ROSUVASTATINA RICHET","Richet","Hipocolesterolemiante","Comprimidos/Pastillas/Tabletas/Grageas"
"rosuvastatina","5 mg comp.x 30","ROSUBER","Laboratorios Be","Hipocolesterolemiante","Comprimidos/Pastillas/Tabletas/Grageas"
"rosuvastatina","20 mg comp.x 56","CRESTOR","AstraZeneca","Hipocolesterolemiante","Comprimidos/Pastillas/Tabletas/Grageas"
"rosuvastatina","5 mg comp.x 30","ROSUVAST 5","BagÂ¢","Hipocolesterolemiante","Comprimidos/Pastillas/Tabletas/Grageas"
"rosuvastatina","40 mg comp.x 30","ROSUVASTATINA VANNIER","Vannier","Hipolipemiante","Comprimidos/Pastillas/Tabletas/Grageas"
"rosuvastatina","40 mg comp.x 30","ROSUFEC 40","Fecofar","Hipolipemiante","Comprimidos/Pastillas/Tabletas/Grageas"
"rosuvastatina","10 mg comp.x 30","ARTOMEY","Teva Argentina","Hipolipemiante","Comprimidos/Pastillas/Tabletas/Grageas"
"rosuvastatina","20 mg comp.rec.x 30","TURBULINA","Microsules Arg.","Hipolipemiante","Comprimidos/Pastillas/Tabletas/Grageas"
"rosuvastatina","10 mg comp.rec.x 30","LIPOGLUTAREN 10","Craveri","Hipocolesterolemiante","Comprimidos/Pastillas/Tabletas/Grageas"
"rosuvastatina","20 mg comp.rec.ran.x 30","REOVEX 20","Baliarda","Hipocolesterolemiante","Comprimidos/Pastillas/Tabletas/Grageas"
"rosuvastatina","40 mg comp.rec.x 30","ASTENDE","Lazar","Hipocolesterolemiante","Comprimidos/Pastillas/Tabletas/Grageas"
"rosuvastatina","40 mg comp.x 30","ROSUVAST 40","BagÂ¢","Hipocolesterolemiante","Comprimidos/Pastillas/Tabletas/Grageas"
"rosuvastatina","10 mg comp.rec.x 30","ROXOLAN","Siegfried","Hipolipemiante","Comprimidos/Pastillas/Tabletas/Grageas"
"rosuvastatina","10 mg comp.rec.x 56","HIPOLIPOL","Casasco","Hipocolesterolemiante","Comprimidos/Pastillas/Tabletas/Grageas"
"rosuvastatina","5 mg comp.rec.x 60","ROVARTAL","Roemmers","Hipolipemiante","Comprimidos/Pastillas/Tabletas/Grageas"
"rosuvastatina","20 mg comp.rec.x 30","ROSUFEN","Nolter","Hipolipemiante","Comprimidos/Pastillas/Tabletas/Grageas"
"rosuvastatina","5 mg comp.x 30","ROSUSTATIN","Montpellier","Hipocolesterolemiante","Comprimidos/Pastillas/Tabletas/Grageas"
"rosuvastatina","20 mg comp.ran.x 30","APRENTICE","Francelab","Hipolipemiante","Comprimidos/Pastillas/Tabletas/Grageas"
"rosuvastatina","5 mg comp.rec.x 30","ROSTAN","Biotenk","Hipocolesterolemiante","Comprimidos/Pastillas/Tabletas/Grageas"
"rosuvastatina","10 mg comp.x 28","COLESTRAX","Savant Generic","Hipocolesterolemiante","Comprimidos/Pastillas/Tabletas/Grageas"
"rosuvastatina","5 mg comp.x 28","ROSUVAST 5","BagÂ¢","Hipocolesterolemiante","Comprimidos/Pastillas/Tabletas/Grageas"
"rosuvastatina","20 mg comp.x 28","ROSUCOL","Gâminis Farmacâ","Hipolipemiante","Comprimidos/Pastillas/Tabletas/Grageas"
"rosuvastatina","10 mg comp.x 28","ROSUVAST 10","BagÂ¢","Hipocolesterolemiante","Comprimidos/Pastillas/Tabletas/Grageas"
"rosuvastatina","40 mg comp.x 30","BILIP 40","Richmond","Hipocolesterolemiante","Comprimidos/Pastillas/Tabletas/Grageas"
"rosuvastatina","10 mg comp.x 56","CRESTOR","AstraZeneca","Hipocolesterolemiante","Comprimidos/Pastillas/Tabletas/Grageas"
"rosuvastatina","20 mg comp.x 30","ROSUVASTATINA VANNIER","Vannier","Hipolipemiante","Comprimidos/Pastillas/Tabletas/Grageas"
"rosuvastatina","20 mg comp.rec.x 30","ROVARTAL","Roemmers","Hipolipemiante","Comprimidos/Pastillas/Tabletas/Grageas"
"rosuvastatina","5 mg comp.rec.x 60","SINLIP","Gador","Hipocolesterolemiante","Comprimidos/Pastillas/Tabletas/Grageas"
"rosuvastatina","10 mg comp.x 28","LIPEX","Elea","Hipolipemiante","Comprimidos/Pastillas/Tabletas/Grageas"
"rosuvastatina","5 mg comp.x 30","ARTOMEY","Teva Argentina","Hipolipemiante","Comprimidos/Pastillas/Tabletas/Grageas"
"rosuvastatina","20 mg comp.rec.x 30","ROVASTANE","Eczane","Hipocolesterolemiante","Comprimidos/Pastillas/Tabletas/Grageas"
"rosuvastatina","20 mg comp.x 30","BILIP 20","Richmond","Hipocolesterolemiante","Comprimidos/Pastillas/Tabletas/Grageas"
"rosuvastatina","5 mg comp.rec.x 30","NODIS 5","Temis-LostalÂ¢","Hipocolesterolemiante","Comprimidos/Pastillas/Tabletas/Grageas"
"rosuvastatina","5 mg comp.rec.x 30","LIPOGLUTAREN 5","Craveri","Hipocolesterolemiante","Comprimidos/Pastillas/Tabletas/Grageas"
"rosuvastatina","5 mg comp.x 30","ROSUCOL","Gâminis Farmacâ","Hipolipemiante","Comprimidos/Pastillas/Tabletas/Grageas"
"rosuvastatina","10 mg comp.x 28","ROSUVASTATINA RICHET","Richet","Hipocolesterolemiante","Comprimidos/Pastillas/Tabletas/Grageas"
"rosuvastatina","10 mg comp.rec.ran.x 30","REOVEX 10","Baliarda","Hipocolesterolemiante","Comprimidos/Pastillas/Tabletas/Grageas"
"rosuvastatina","20 mg comp.x 60","ROSUVAST 20","BagÂ¢","Hipocolesterolemiante","Comprimidos/Pastillas/Tabletas/Grageas"
"rosuvastatina","40 mg comp.rec.x 30","HIPOLIPOL","Casasco","Hipocolesterolemiante","Comprimidos/Pastillas/Tabletas/Grageas"
"rosuvastatina","40 mg comp.x 30","LIPEX","Elea","Hipolipemiante","Comprimidos/Pastillas/Tabletas/Grageas"
"rosuvastatina","5 mg comp.rec.x 56","HIPOLIPOL","Casasco","Hipocolesterolemiante","Comprimidos/Pastillas/Tabletas/Grageas"
"rosuvastatina","10 mg comp.rec.x 28","HIPOLIPOL","Casasco","Hipocolesterolemiante","Comprimidos/Pastillas/Tabletas/Grageas"
"rosuvastatina","10 mg comp.rec.x 30","ROSUFEN","Nolter","Hipolipemiante","Comprimidos/Pastillas/Tabletas/Grageas"
"rosuvastatina","10 mg comp.rec.x 30","TURBULINA","Microsules Arg.","Hipolipemiante","Comprimidos/Pastillas/Tabletas/Grageas"
"rosuvastatina","40 mg comp.x 30","ROSUX","Lepetit","Hipolipemiante","Comprimidos/Pastillas/Tabletas/Grageas"
"rosuvastatina","20 mg comp.x 30","ROSULIP","Eurofarma","Hipolipemiante","Comprimidos/Pastillas/Tabletas/Grageas"
"rosuvastatina","20 mg comp.x 30","ATERONOVA","Beta","Hipocolesterolemiante","Comprimidos/Pastillas/Tabletas/Grageas"
"rosuvastatina","5 mg comp.rec.x 30","SINLIP","Gador","Hipocolesterolemiante","Comprimidos/Pastillas/Tabletas/Grageas"
"rosuvastatina","10 mg comp.x 28","ROSUCOL","Gâminis Farmacâ","Hipolipemiante","Comprimidos/Pastillas/Tabletas/Grageas"
"rosuvastatina","5 mg comp.rec.x 30","ASTENDE","Lazar","Hipocolesterolemiante","Comprimidos/Pastillas/Tabletas/Grageas"
"rosuvastatina","40 mg comp.rec.x 30","ROVARTAL","Roemmers","Hipolipemiante","Comprimidos/Pastillas/Tabletas/Grageas"
"rosuvastatina","20 mg comp.x 30","ROSUCOL","Gâminis Farmacâ","Hipolipemiante","Comprimidos/Pastillas/Tabletas/Grageas"
"rosuvastatina","10 mg comp.x 30","ROSUVASTATINA VANNIER","Vannier","Hipolipemiante","Comprimidos/Pastillas/Tabletas/Grageas"
"rosuvastatina","20 mg comp.x 30","ROSUX","Lepetit","Hipolipemiante","Comprimidos/Pastillas/Tabletas/Grageas"
"rosuvastatina","20 mg comp.rec.x 60","SINLIP","Gador","Hipocolesterolemiante","Comprimidos/Pastillas/Tabletas/Grageas"
"rosuvastatina","10 mg comp.rec.x 30","ROVASTANE","Eczane","Hipocolesterolemiante","Comprimidos/Pastillas/Tabletas/Grageas"
"rosuvastatina","10 mg comp.x 30","BILIP 10","Richmond","Hipocolesterolemiante","Comprimidos/Pastillas/Tabletas/Grageas"
"rosuvastatina","10 mg comp.rec.x 60","ROVARTAL","Roemmers","Hipolipemiante","Comprimidos/Pastillas/Tabletas/Grageas"
"rosuvastatina","5 mg comp.rec.ran.x 30","REOVEX 5","Baliarda","Hipocolesterolemiante","Comprimidos/Pastillas/Tabletas/Grageas"
"rosuvastatina","20 mg comp.x 30","ROSUVAST 20","BagÂ¢","Hipocolesterolemiante","Comprimidos/Pastillas/Tabletas/Grageas"
"rosuvastatina","20 mg comp.rec.x 30","HIPOLIPOL","Casasco","Hipocolesterolemiante","Comprimidos/Pastillas/Tabletas/Grageas"
"rosuvastatina","40 mg comp.trirran.x 20","APRENTICE","Francelab","Hipolipemiante","Comprimidos/Pastillas/Tabletas/Grageas"
"rosuvastatina","20 mg comp.x 30","LIPEX","Elea","Hipolipemiante","Comprimidos/Pastillas/Tabletas/Grageas"
"rosuvastatina","20 mg comp.rec.x 30","MESOTEROL 20","Finadiet","Hipocolesterolemiante","Comprimidos/Pastillas/Tabletas/Grageas"
"rosuvastatina","10 mg comp.x 60","ARTOMEY","Teva Argentina","Hipolipemiante","Comprimidos/Pastillas/Tabletas/Grageas"
"rosuvastatina","5 mg comp.x 30","ATERONOVA","Beta","Hipocolesterolemiante","Comprimidos/Pastillas/Tabletas/Grageas"
"rosuvastatina","5 mg comp.rec.x 28","HIPOLIPOL","Casasco","Hipocolesterolemiante","Comprimidos/Pastillas/Tabletas/Grageas"
"rosuvastatina","20 mg comp.rec.x 30","NODIS 20","Temis-LostalÂ¢","Hipocolesterolemiante","Comprimidos/Pastillas/Tabletas/Grageas"
"rosuvastatina","5 mg comp.rec.x 30","ROSUFEN","Nolter","Hipolipemiante","Comprimidos/Pastillas/Tabletas/Grageas"
"rosuvastatina","10 mg comp.x 30","ROSULIP","Eurofarma","Hipolipemiante","Comprimidos/Pastillas/Tabletas/Grageas"
"rosuvastatina","40 mg comp.rec.ran.x 30","REOVEX 40","Baliarda","Hipocolesterolemiante","Comprimidos/Pastillas/Tabletas/Grageas"
"rosuvastatina","10 mg comp.x 30","ROSUCOL","Gâminis Farmacâ","Hipolipemiante","Comprimidos/Pastillas/Tabletas/Grageas"
"rosuvastatina","10 mg comp.x 30","ROSUX","Lepetit","Hipolipemiante","Comprimidos/Pastillas/Tabletas/Grageas"
"rosuvastatina","10 mg comp.rec.x 60","SINLIP","Gador","Hipocolesterolemiante","Comprimidos/Pastillas/Tabletas/Grageas"
"rosuvastatina","20 mg comp. x 30","ROVESTOR","Klonal","Hipolipemiante","Comprimidos/Pastillas/Tabletas/Grageas"
"rosuvastatina","20 mg comp.x 30","RABLOC","Elea","Hipolipemiante","Comprimidos/Pastillas/Tabletas/Grageas"
"rosuvastatina","20 mg comp.x 30","NONLIPID 20 MG","Denver Farma","Hipolipemiante","Comprimidos/Pastillas/Tabletas/Grageas"
"rosuvastatina","20 mg comp.rec.ran.x 60","REOVEX 20","Baliarda","Hipocolesterolemiante","Comprimidos/Pastillas/Tabletas/Grageas"
"rosuvastatina","40 mg comp.x 30","ARTOMEY","Teva Argentina","Hipolipemiante","Comprimidos/Pastillas/Tabletas/Grageas"
"rosuvastatina","40 mg comp.rec.x 30","NODIS 40","Temis-LostalÂ¢","Hipocolesterolemiante","Comprimidos/Pastillas/Tabletas/Grageas"
"rosuvastatina","40 mg comp.x 30","ROSUBER","Laboratorios Be","Hipocolesterolemiante","Comprimidos/Pastillas/Tabletas/Grageas"
"rosuvastatina","10 mg comp.x 60","ROSUVAST 10","BagÂ¢","Hipocolesterolemiante","Comprimidos/Pastillas/Tabletas/Grageas"
"rosuvastatina","10 mg comp.rec.x 30","HIPOLIPOL","Casasco","Hipocolesterolemiante","Comprimidos/Pastillas/Tabletas/Grageas"
"rosuvastatina","20 mg comp.x 60","ROSUCOL","Gâminis Farmacâ","Hipolipemiante","Comprimidos/Pastillas/Tabletas/Grageas"
"rosuvastatina","10 mg comp.x 30","LIPEX","Elea","Hipolipemiante","Comprimidos/Pastillas/Tabletas/Grageas"
"rosuvastatina","10 mg comp.rec.x 30","MESOTEROL 10","Finadiet","Hipocolesterolemiante","Comprimidos/Pastillas/Tabletas/Grageas"
"rosuvastatina","10 mg comp.rec.x 30","NODIS 10","Temis-LostalÂ¢","Hipocolesterolemiante","Comprimidos/Pastillas/Tabletas/Grageas"
"rosuvastatina","40 mg comp.x 28","ROSUVASTATINA RICHET","Richet","Hipocolesterolemiante","Comprimidos/Pastillas/Tabletas/Grageas"
"rosuvastatina","40 mg comp.rec.x 30","SINLIP","Gador","Hipocolesterolemiante","Comprimidos/Pastillas/Tabletas/Grageas"
"rosuvastatina","40 mg comp.rec.x 28","HIPOLIPOL","Casasco","Hipocolesterolemiante","Comprimidos/Pastillas/Tabletas/Grageas"
"rosuvastatina","10 mg comp.x 56","ROSUVAST 10","BagÂ¢","Hipocolesterolemiante","Comprimidos/Pastillas/Tabletas/Grageas"
"rosuvastatina","5 mg comp.x 30","ROSUX","Lepetit","Hipolipemiante","Comprimidos/Pastillas/Tabletas/Grageas"
"rosuvastatina","40 mg comp.x 28","CRESTOR","AstraZeneca","Hipocolesterolemiante","Comprimidos/Pastillas/Tabletas/Grageas"
"rosuvastatina","10 mg comp.x 30","ROVESTOR","Klonal","Hipolipemiante","Comprimidos/Pastillas/Tabletas/Grageas"
"rosuvastatina","20 mg comp.x 30","ROSUSTATIN","Montpellier","Hipocolesterolemiante","Comprimidos/Pastillas/Tabletas/Grageas"
"rosuvastatina","10 mg comp.x 30","RABLOC","Elea","Hipolipemiante","Comprimidos/Pastillas/Tabletas/Grageas"
"rosuvastatina","40 mg comp.x 30","ROSUCOL","Gâminis Farmacâ","Hipolipemiante","Comprimidos/Pastillas/Tabletas/Grageas"
"rosuvastatina","10 mg comp.rec.ran.x 60","REOVEX 10","Baliarda","Hipocolesterolemiante","Comprimidos/Pastillas/Tabletas/Grageas"
"rosuvastatina","10 mg comp.x 30","ATERONOVA","Beta","Hipocolesterolemiante","Comprimidos/Pastillas/Tabletas/Grageas"
"rosuvastatina","20 mg comp.x 30","ROSUBER","Laboratorios Be","Hipocolesterolemiante","Comprimidos/Pastillas/Tabletas/Grageas"
"rosuvastatina","10 mg comp.x 30","ROSUVAST 10","BagÂ¢","Hipocolesterolemiante","Comprimidos/Pastillas/Tabletas/Grageas"
"rosuvastatina","5 mg comp.rec.x 30","HIPOLIPOL","Casasco","Hipocolesterolemiante","Comprimidos/Pastillas/Tabletas/Grageas"
"rosuvastatina","10 mg comp.x 60","ROSUCOL","Gâminis Farmacâ","Hipolipemiante","Comprimidos/Pastillas/Tabletas/Grageas"
"rosuvastatina","5 mg comp.x 30","LIPEX","Elea","Hipolipemiante","Comprimidos/Pastillas/Tabletas/Grageas"
"rosuvastatina","5 mg comp.rec.x 30","MESOTEROL 5","Finadiet","Hipocolesterolemiante","Comprimidos/Pastillas/Tabletas/Grageas"
"rosuvastatina","20 mg comp.rec.x 30","SINLIP","Gador","Hipocolesterolemiante","Comprimidos/Pastillas/Tabletas/Grageas"
"rosuvastatina","20 mg comp.rec.x 500","ROVASTANE","Eczane","Hipocolesterolemiante","Comprimidos/Pastillas/Tabletas/Grageas"
"rosuvastatina","5 mg comp.rec.x 30","ROXOLAN","Siegfried","Hipolipemiante","Comprimidos/Pastillas/Tabletas/Grageas"
"rotavirus","tubo plÂ stico x 1 x 2 ml","ROTATEQ","MSD Argentina S","Vacuna contra gastroenteritis","Ampollas bebibles"
"rotavirus","jga.prell.x 1 lÂ¡quida","ROTARIX","GlaxoSmithKline","Vacuna contra gastroenteritis","Jeringa prellenada"
"salbutamol","aer.hfa x 250 dosis","SALBUTRAL C/AEROMED","CassarÂ","Broncodilatador","Sprays/Aerosoles/Soluc.p/nebulizar CON AEROCAMARA"
"salbutamol","fco.x 20 ml","AIRCOSALM","Lab Internacion","Broncodilatador","Sprays/Aerosoles/Soluciones para nebulizar"
"salbutamol","40mg/100 ml jbe.x 120 ml","BUTAMOL","Lafedar","Broncodilatador","Jarabe/SuspensiÂ¢n oral/Polvo para uso oral"
"salbutamol","fco.x 20 ml","SALBUNEB","Valmax","Broncodilatador","Sprays/Aerosoles/Soluciones para nebulizar"
"salbutamol","aer.x 250 dosis","SALBUTRAL","CassarÂ","Broncodilatador","Sprays/Aerosoles/Soluciones para nebulizar"
"salbutamol","aer.inh.c/adap.x 250ds.","AIRCOSALM HFA","Lab Internacion","Broncodilatador","Sprays/Aerosoles/Soluciones para nebulizar"
"salbutamol","sol.p/nebul.x 20 ml","VENTOLIN","GlaxoSmithKline","Broncodilatador","Sprays/Aerosoles/Soluciones para nebulizar"
"salbutamol","sol.p/nebul.x 20 ml","SALBUTAMOL DENVER FARMA","Denver Farma","Broncodilatador","Sprays/Aerosoles/Soluciones para nebulizar"
"salbutamol","sol.x 20 ml","LABSA VENT 0.5%","Labsa","Broncodilatador","Sprays/Aerosoles/Soluciones para nebulizar"
"salbutamol","0.5% gts.p/nebul.x 20 ml","BUTAMOL","Lafedar","Broncodilatador","Sprays/Aerosoles/Soluciones para nebulizar"
"salbutamol","aer.x 10 ml/200 dosis","AIRSALBU","Biofactor","Broncodilatador","Sprays/Aerosoles/Soluciones para nebulizar"
"salbutamol","fco.x 10 ml","SALBUNEB","Valmax","Broncodilatador","Sprays/Aerosoles/Soluciones para nebulizar"
"salbutamol","inhalador hfa x 250 ds.","SALBUDEN","Denver Farma","Broncodilatador","Sprays/Aerosoles/Soluciones para nebulizar"
"salbutamol","0.5% gts.x 20 ml","SALBUTAMOL FABRA","Fabra","Broncodilatador","Sprays/Aerosoles/Soluciones para nebulizar"
"salbutamol","aer.inh.c/aplic.x200ds.","VENTOLIN HFA","GlaxoSmithKline","Broncodilatador","Sprays/Aerosoles/Soluciones para nebulizar"
"salbutamol","aer.inh.c/adap.x 200ds.","AIRCOSALM HFA","Lab Internacion","Broncodilatador","Sprays/Aerosoles/Soluciones para nebulizar"
"salbutamol","inh.HFA+aeroc.x 250ds.","SALBUDEN HFA CON AEROCAMARA DF 280","Denver Farma","Broncodilatador","Sprays/Aerosoles/Soluc.p/nebulizar CON AEROCAMARA"
"salbutamol","5mg/ml sol.p/nebul.x20ml","MICROTEROL","Microsules Arg.","Broncodilatador","Sprays/Aerosoles/Soluciones para nebulizar"
"salbutamol","aer.inh.c/adap.x 250ds.","AEROLEP","Austral","Broncodilatador","Sprays/Aerosoles/Soluciones para nebulizar"
"salbutamol","0.5% gts.p/nebul.x 10 ml","BUTAMOL","Lafedar","Broncodilatador","Sprays/Aerosoles/Soluciones para nebulizar"
"salbutamol+beclometasona","aer.x 250 dosis","BUTOCORT HFA","CassarÂ","Broncodilatador","Sprays/Aerosoles/Soluciones para nebulizar"
"salbutamol+beclometasona","aer.x 250 dosis","SALBUTRAL PLUS","CassarÂ","Broncodilatador","Sprays/Aerosoles/Soluciones para nebulizar"
"salbutamol+ipratropio,br.","sol.unidosis x 20","SALBUTROP","Lafedar","Broncodilatador","Sprays/Aerosoles/Soluciones para nebulizar"
"salbutamol+ipratropio,br.","aer.x 200 dosis","MAXAIR","Lersan","Broncodilatador","Sprays/Aerosoles/Soluciones para nebulizar"
"salbutamol+ipratropio,br.","sol.p/neb.unid.x24x2.5ml","SALBUTRAL AC","CassarÂ","Broncodilatador","Sprays/Aerosoles/Soluciones para nebulizar"
"salbutamol+ipratropio,br.","sol.monods. x 20","IPRASALB","Valmax","Broncodilatador","Sprays/Aerosoles/Soluciones para nebulizar"
"salbutamol+ipratropio,br.","sol.monodosis x 20","COMBIVENT SM","Boehringer Inge","Broncodilatador","Sprays/Aerosoles/Soluciones para nebulizar"
"salbutamol+ipratropio,br.","aer.x 250 dosis","SALBUTRAL AC HFA","CassarÂ","Broncodilatador","Sprays/Aerosoles/Soluciones para nebulizar"
"salbutamol+ipratropio,br.","sol. p/nebul.x 20 ml","SALBUTRAL AC NEBU","Medisol","Broncodilatador","Sprays/Aerosoles/Soluciones para nebulizar"
"sertralina","50 mg comp.x 30","SERTRALINA LEPRET","Pretoria","Antidepresivo","Comprimidos/Pastillas/Tabletas/Grageas"
"sertralina","50 mg comp.rec.x 30","SERTRALINA TEVA","Teva Argentina","Antidepresivo","Comprimidos/Pastillas/Tabletas/Grageas"
"sertralina","50 mg tab.ran.x 30","ZOLOFT","Aspen Pharma","Antidepresivo","Comprimidos/Pastillas/Tabletas/Grageas"
"sertralina","50 mg comp.x 30","DIMENA","Lepetit","Antidepresivo","Comprimidos/Pastillas/Tabletas/Grageas"
"sertralina","50 mg comp.ran.x 30","ASERTRAL","Roemmers","Antidepresivo","Comprimidos/Pastillas/Tabletas/Grageas"
"sertralina","50 mg comp.rec.x 30","ANILAR","Megalabs Argent","Antidepresivo","Comprimidos/Pastillas/Tabletas/Grageas"
"sertralina","50 mg comp.x 30","SERVANTAX","Vannier","Antidepresivo","Comprimidos/Pastillas/Tabletas/Grageas"
"sertralina","50 mg comp.x 30","STRALINA","PharmaDorf","Antidepresivo","Comprimidos/Pastillas/Tabletas/Grageas"
"sertralina","50 mg comp.ran.x 30","CADILER","Montpellier","Antidepresivo","Comprimidos/Pastillas/Tabletas/Grageas"
"sertralina","50 mg comp.rec.x 30","ZOXX 50","Casasco","Antidepresivo","Comprimidos/Pastillas/Tabletas/Grageas"
"sertralina","50 mg comp.ran.x 30","INSERTEC 50","Baliarda","Antidepresivo","Comprimidos/Pastillas/Tabletas/Grageas"
"sertralina","50 mg comp.x 30","BICROMIL","Cetus","Antidepresivo","Comprimidos/Pastillas/Tabletas/Grageas"
"sertralina","50 mg comp.x 30","SERTRALINA ROSPAW","Rospaw","Antidepresivo","Comprimidos/Pastillas/Tabletas/Grageas"
"sertralina","50 mg comp.ran.x 30","ATENIX","Adium","Antidepresivo","Comprimidos/Pastillas/Tabletas/Grageas"
"sertralina","50 mg comp.x 30","VUNOT","Medipharma","Antidepresivo","Comprimidos/Pastillas/Tabletas/Grageas"
"sertralina","50 mg comp.rec.x 30","PSICOTIL","Beta","Antidepresivo","Comprimidos/Pastillas/Tabletas/Grageas"
"sertralina","50 mg comp.x 30","SERLINA","Rontag","Antidepresivo","Comprimidos/Pastillas/Tabletas/Grageas"
"sertralina","50 mg comp. rec.x 30","IRRADIAL","Teva Argentina","Antidepresivo","Comprimidos/Pastillas/Tabletas/Grageas"
"simeticona","gts.x 20 ml","SIMEFLAT","Lazar","Antiflatulento","Gotas orales"
"simeticona","grag.x 30","SIMECON 250","Sanitas","Antiflatulento","Comprimidos/Pastillas/Tabletas/Grageas"
"simeticona","200 mg comp.x 20","FACTOR AG","Casasco","Antiflatulento","Comprimidos/Pastillas/Tabletas/Grageas"
"simeticona","emuls.x 150 ml","FACTOR AG FORTE","Casasco","Antiflatulento","Emulsiones/Leches de Limpieza"
"simeticona","gts.x 30 ml","SIMECON PEDIATRICO","Medisol","Antiflatulento","Gotas orales"
"simeticona","200 mg comp.x 30","SIMEFLAT","Lazar","Antiflatulento","Comprimidos/Pastillas/Tabletas/Grageas"
"simeticona","comp.x 20","SIMETICONA CETUS","Cetus","Antiflatulento","Comprimidos/Pastillas/Tabletas/Grageas"
"simeticona","cÂ ps.x 40 (20+20)","CARBOGASOL FORTE","Montpellier","Antiflatulento","CÂ psulas/Softgels"
"simeticona","200 mg comp.x 20","AESIM 200","Austral","Antiflatulento","Comprimidos/Pastillas/Tabletas/Grageas"
"simeticona","200 mg comp.x 10","SIMEFLAT","Lazar","Antiflatulento","Comprimidos/Pastillas/Tabletas/Grageas"
"simeticona","cÂ ps.x 120 (60+60)","CARBOGASOL FORTE","Montpellier","Antiflatulento","CÂ psulas/Softgels"
"simeticona","200 mg comp.x 40","FACTOR AG","Casasco","Antiflatulento","Comprimidos/Pastillas/Tabletas/Grageas"
"simeticona","liq.x 30 ml","CARBOGASOL","Montpellier","Antiflatulento","Gotas orales"
"simeticona","emuls.x 60 ml","FACTOR AG FORTE","Casasco","Antiflatulento","Emulsiones/Leches de Limpieza"
"simeticona","Ped.gts.x 30 ml","FACTOR AG GOTAS","Casasco","Antiflatulento","Gotas orales"
"simvastatin","40 mg comp.rec.x 30","COLEFLUX","Lafedar","Hipocolesterolemiante","Comprimidos/Pastillas/Tabletas/Grageas"
"simvastatin","20 mg comp.rec.x 30","COLEFLUX","Lafedar","Hipocolesterolemiante","Comprimidos/Pastillas/Tabletas/Grageas"
"simvastatin","10 mg comp.rec.x 30","LISAC","Laboratorios Be","Hipocolesterolemiante","Comprimidos/Pastillas/Tabletas/Grageas"
"simvastatin","20 mg comp.x 30","GEMISTATIN 20","Gâminis Farmacâ","Hipocolesterolemiante","Comprimidos/Pastillas/Tabletas/Grageas"
"simvastatin","20 mg comp.x 30","VASOTENAL","Roemmers","Hipolipemiante","Comprimidos/Pastillas/Tabletas/Grageas"
"simvastatin","40 mg comp.x 30","ZOCOR","Organon Arg.","Hipocolesterolemiante","Comprimidos/Pastillas/Tabletas/Grageas"
"simvastatin","20 mg comp.x 30","TANAVAT","Microsules Arg.","Hipocolesterolemiante","Comprimidos/Pastillas/Tabletas/Grageas"
"simvastatin","10 mg comp.rec.x 30","COLEFLUX","Lafedar","Hipocolesterolemiante","Comprimidos/Pastillas/Tabletas/Grageas"
"simvastatin","20 mg comp.rec.x 30","SISTATIN","Lepetit","Hipocolesterolemiante","Comprimidos/Pastillas/Tabletas/Grageas"
"simvastatin","10 mg comp.x 30","GEMISTATIN 10","Gâminis Farmacâ","Hipocolesterolemiante","Comprimidos/Pastillas/Tabletas/Grageas"
"simvastatin","10 mg comp.x 30","ZOCOR","Organon Arg.","Hipocolesterolemiante","Comprimidos/Pastillas/Tabletas/Grageas"
"simvastatin","20 mg comp.x 30","REDUSTEROL","Adium","Hipocolesterolemiante","Comprimidos/Pastillas/Tabletas/Grageas"
"simvastatin","10 mg comp.rec.x 30","SISTATIN","Lepetit","Hipocolesterolemiante","Comprimidos/Pastillas/Tabletas/Grageas"
"simvastatin","20 mg comp.x 30","SIMVASTATINA FABRA","Fabra","Hipocolesterolemiante","Comprimidos/Pastillas/Tabletas/Grageas"
"simvastatin","10 mg comp.x 30","VASOTENAL","Roemmers","Hipolipemiante","Comprimidos/Pastillas/Tabletas/Grageas"
"simvastatin","10 mg comp.x 30","SIMVASTATINA FABRA","Fabra","Hipocolesterolemiante","Comprimidos/Pastillas/Tabletas/Grageas"
"simvastatin","20 mg comp.x 30","ZOCOR","Organon Arg.","Hipocolesterolemiante","Comprimidos/Pastillas/Tabletas/Grageas"
"simvastatin","10 mg comp.x 30","TANAVAT","Microsules Arg.","Hipocolesterolemiante","Comprimidos/Pastillas/Tabletas/Grageas"
"simvastatin","40 mg comp.x 30","REDUSTEROL","Adium","Hipocolesterolemiante","Comprimidos/Pastillas/Tabletas/Grageas"
"simvastatin","10 mg comp.x 30","REDUSTEROL","Adium","Hipocolesterolemiante","Comprimidos/Pastillas/Tabletas/Grageas"
"simvastatin","20 mg comp.x 30","SIMVASTATIN VANNIER","Vannier","Hipocolesterolemiante","Comprimidos/Pastillas/Tabletas/Grageas"
"simvastatin","80 mg comp.rec.x 30","COLEFLUX","Lafedar","Hipocolesterolemiante","Comprimidos/Pastillas/Tabletas/Grageas"
"simvastatin","20 mg comp.rec.x 30","LISAC","Laboratorios Be","Hipocolesterolemiante","Comprimidos/Pastillas/Tabletas/Grageas"
"simvastatin","10 mg comp.x 30","SIMVASTATIN VANNIER","Vannier","Hipocolesterolemiante","Comprimidos/Pastillas/Tabletas/Grageas"
"sodio,divalproato","500 mg comp.x 50","EXIBRAL 500","BagÂ¢","Anticonvulsivo","Comprimidos/Pastillas/Tabletas/Grageas"
"sodio,divalproato","500 mg comp.rec.x 60","IMPROVAL 500","Roemmers","Anticonvulsivo","Comprimidos/Pastillas/Tabletas/Grageas"
"sodio,divalproato","125 mg comp.x 50","VALCOTE","Abbott EPD","Anticonvulsivo","Comprimidos/Pastillas/Tabletas/Grageas"
"sodio,divalproato","250 mg comp.x 30","VALCAS","Casasco","Anticonvulsivo","Comprimidos/Pastillas/Tabletas/Grageas"
"sodio,divalproato","500 mg comp.rec.x 30","IMPROVAL 500","Roemmers","Anticonvulsivo","Comprimidos/Pastillas/Tabletas/Grageas"
"sodio,divalproato","250 mg comp.x 50","EXIBRAL 250","BagÂ¢","Anticonvulsivo","Comprimidos/Pastillas/Tabletas/Grageas"
"sodio,divalproato","250 mg comp.rec.x 30","IMPROVAL 250","Roemmers","Anticonvulsivo","Comprimidos/Pastillas/Tabletas/Grageas"
"sodio,divalproato","500 mg comp.x 50","DIVALPREX","Gador","Anticonvulsivo","Comprimidos/Pastillas/Tabletas/Grageas"
"sodio,divalproato","125 mg comp.rec.x 30","IMPROVAL 125","Roemmers","Anticonvulsivo","Comprimidos/Pastillas/Tabletas/Grageas"
"sodio,divalproato","500 mg comp.x 50","VALNAR","Teva Argentina","Anticonvulsivo","Comprimidos/Pastillas/Tabletas/Grageas"
"sodio,divalproato","250 mg comp.lib.cont.x50","VALCOTE ER","Abbott EPD","Anticonvulsivo","CÂ ps./Comp. de LiberaciÂ¢n Controlada"
"sodio,divalproato","125 mg cÂ ps.x 100","VALCOTE SPRINKLE","Abbott EPD","Anticonvulsivo","CÂ psulas/Softgels"
"sodio,divalproato","250 mg comp.x 50","DIVALPREX","Gador","Anticonvulsivo","Comprimidos/Pastillas/Tabletas/Grageas"
"sodio,divalproato","500 mg comp. rec.x 50","LOGICAL S","Teva Argentina","Anticonvulsivo","Comprimidos/Pastillas/Tabletas/Grageas"
"sodio,divalproato","500 mg comp.x 60","VALCAS","Casasco","Anticonvulsivo","Comprimidos/Pastillas/Tabletas/Grageas"
"sodio,divalproato","500 mg comp.lib.cont.x50","VALCOTE ER","Abbott EPD","Anticonvulsivo","CÂ ps./Comp. de LiberaciÂ¢n Controlada"
"sodio,divalproato","125 mg cÂ ps.x 50","VALCOTE SPRINKLE","Abbott EPD","Anticonvulsivo","CÂ psulas/Softgels"
"sodio,divalproato","500 mg comp.lib.cont.x50","DIVALPREX ER","Gador","Anticonvulsivo","CÂ ps./Comp. de LiberaciÂ¢n Controlada"
"sodio,divalproato","250 mg comp.x 50","VALNAR","Teva Argentina","Anticonvulsivo","Comprimidos/Pastillas/Tabletas/Grageas"
"sodio,divalproato","500 mg comp.x 50","VALCOTE","Abbott EPD","Anticonvulsivo","Comprimidos/Pastillas/Tabletas/Grageas"
"sodio,divalproato","250 mg comp. rec.x 50","LOGICAL S","Teva Argentina","Anticonvulsivo","Comprimidos/Pastillas/Tabletas/Grageas"
"sodio,divalproato","500 mg comp.x 30","VALCAS","Casasco","Anticonvulsivo","Comprimidos/Pastillas/Tabletas/Grageas"
"sodio,divalproato","500 mg comp.x 50","VALCAS","Casasco","Anticonvulsivo","Comprimidos/Pastillas/Tabletas/Grageas"
"sodio,divalproato","250 mg comp.lib.cont.x50","DIVALPREX ER","Gador","Anticonvulsivo","CÂ ps./Comp. de LiberaciÂ¢n Controlada"
"sodio,divalproato","250 mg comp.x 50","VALCOTE","Abbott EPD","Anticonvulsivo","Comprimidos/Pastillas/Tabletas/Grageas"
"sodio,divalproato","250 mg comp.x 60","VALCAS","Casasco","Anticonvulsivo","Comprimidos/Pastillas/Tabletas/Grageas"
"sodio,divalproato","250 mg comp.x 50","VALCAS","Casasco","Anticonvulsivo","Comprimidos/Pastillas/Tabletas/Grageas"
"sodio,fusidato","ung.x 15 g","ACIFUSIN","AndrÂ¢maco","Antibiotico topico","Cremas/Geles/Pomadas/UngÂentos"
"sodio,picosulfato","sol.oral x 50 ml","LAXANET","Ronnet","Laxante","Gotas orales"
"sodio,picosulfato","gts.x 30 ml","MODATON","Montpellier","Laxante","Gotas orales"
"sodio,picosulfato","8 mg/ml gts.x 30 ml","TRALI","Rontag","Laxante","Gotas orales"
"sodio,picosulfato","gts.x 50 ml","RAPILAX","Elea","Laxante","Gotas orales"
"sodio,picosulfato","sol.oral x 15 ml","LAXANET","Ronnet","Laxante","Gotas orales"
"sodio,picosulfato+asoc.","10 mg sob.x 2","PICOPREP","Ferring","Laxante","Jarabe/SuspensiÂ¢n oral/Polvo para uso oral"
"sodio,picosulfato+asoc.","10 mg sob.x 2","NOVOPREP","DomÂ¡nguez","Laxante","Jarabe/SuspensiÂ¢n oral/Polvo para uso oral"
"sodio,valproato","jbe.x 120 ml","PROVAL","Medipharma","Anticonvulsivo","Jarabe/SuspensiÂ¢n oral/Polvo para uso oral"
"solifenacina","5 mg comp.rec.x 30","NOVURIT","Lazar","Trat.vejiga hiperactiva","Comprimidos/Pastillas/Tabletas/Grageas"
"solifenacina","10 mg comp.rec.x 20","PISONO","Finadiet","Trat.vejiga hiperactiva","Comprimidos/Pastillas/Tabletas/Grageas"
"solifenacina","10 mg comp.rec.x 30","CISTIL","Temis-LostalÂ¢","Anticolinergico","Comprimidos/Pastillas/Tabletas/Grageas"
"solifenacina","5 mg comp.rec.x 30","URIMA","IMA","Anticolinergico","Comprimidos/Pastillas/Tabletas/Grageas"
"solifenacina","10 mg comp.x 30","SOLIFENACINA TEVA","Teva Argentina","Trat.vejiga hiperactiva","Comprimidos/Pastillas/Tabletas/Grageas"
"solifenacina","5 mg comp.rec.x 20","PISONO","Finadiet","Trat.vejiga hiperactiva","Comprimidos/Pastillas/Tabletas/Grageas"
"solifenacina","5 mg comp.rec.x 30","CISTIL","Temis-LostalÂ¢","Anticolinergico","Comprimidos/Pastillas/Tabletas/Grageas"
"solifenacina","10 mg comp.rec.x 30","URIMA","IMA","Anticolinergico","Comprimidos/Pastillas/Tabletas/Grageas"
"solifenacina","5 mg comp.x 30","SOLIFENACINA TEVA","Teva Argentina","Trat.vejiga hiperactiva","Comprimidos/Pastillas/Tabletas/Grageas"
"solifenacina","10 mg comp.rec.x 30","SOLIFEN","Casasco","Anticolinergico","Comprimidos/Pastillas/Tabletas/Grageas"
"solifenacina","10 mg comp.x 30","SOLFACINA","Roemmers","Trat.vejiga hiperactiva","Comprimidos/Pastillas/Tabletas/Grageas"
"solifenacina","5 mg comp.rec.x 30","SOLIFEN","Casasco","Anticolinergico","Comprimidos/Pastillas/Tabletas/Grageas"
"solifenacina","5 mg comp.x 30","SOLFACINA","Roemmers","Trat.vejiga hiperactiva","Comprimidos/Pastillas/Tabletas/Grageas"
"solifenacina","10 mg comp.rec.x 30","PISONO","Finadiet","Trat.vejiga hiperactiva","Comprimidos/Pastillas/Tabletas/Grageas"
"solifenacina","10 mg comp.rec.x 30","SOLICINA","Craveri","Trat.vejiga hiperactiva","Comprimidos/Pastillas/Tabletas/Grageas"
"solifenacina","10 mg comp.rec.x 30","VESICARE","Gador","Trat.vejiga hiperactiva","Comprimidos/Pastillas/Tabletas/Grageas"
"solifenacina","10 mg comp.rec.x 20","VESICARE","Gador","Trat.vejiga hiperactiva","Comprimidos/Pastillas/Tabletas/Grageas"
"solifenacina","5 mg comp.rec.x 30","PISONO","Finadiet","Trat.vejiga hiperactiva","Comprimidos/Pastillas/Tabletas/Grageas"
"solifenacina","5 mg comp.rec.x 30","SOLICINA","Craveri","Trat.vejiga hiperactiva","Comprimidos/Pastillas/Tabletas/Grageas"
"solifenacina","5 mg comp.rec.x 30","VESICARE","Gador","Trat.vejiga hiperactiva","Comprimidos/Pastillas/Tabletas/Grageas"
"solifenacina","10 mg comp.rec.x 30","NOVURIT","Lazar","Trat.vejiga hiperactiva","Comprimidos/Pastillas/Tabletas/Grageas"
"solifenacina","5 mg comp.rec.x 20","VESICARE","Gador","Trat.vejiga hiperactiva","Comprimidos/Pastillas/Tabletas/Grageas"
"sucralfato","susp.x 200 ml","GASTROMED","Sanitas","Antiulceroso","Jarabe/SuspensiÂ¢n oral/Polvo para uso oral"
"sucralfato","20% susp.x 200 ml","SUCRALFATO DENVER FARMA","Denver Farma","Antiulceroso","Jarabe/SuspensiÂ¢n oral/Polvo para uso oral"
"sucralfato","susp.x 200 ml","NETUNAL","Elea","Antiulceroso","Jarabe/SuspensiÂ¢n oral/Polvo para uso oral"
"sucralfato","susp.oral x 200 ml","SUCRALFORT","Eczane","Antiulceroso","Jarabe/SuspensiÂ¢n oral/Polvo para uso oral"
"sucralfato","susp.x 200 ml","SUCRALMAX","Eurofarma","Antiulceroso","Jarabe/SuspensiÂ¢n oral/Polvo para uso oral"
"sulfadiazina de plata","cr.x 30 g","SULFATRAL","Austral","Antibacteriano topico","Cremas/Geles/Pomadas/UngÂentos"
"sulfadiazina de plata+asoc.","ung.x 15 g","PLATSUL-A","Soubeiran Chobe","Antibacteriano Cicatrizante","Cremas/Geles/Pomadas/UngÂentos"
"sulfadiazina de plata+asoc.","cr.x 50 g","SULFATRAL A","Austral","Antibacteriano Cicatrizante","Cremas/Geles/Pomadas/UngÂentos"
"sulfadiazina de plata+asoc.","cr.dârmica x 30 g","HIPOGLOS Q","AndrÂ¢maco","Antibacteriano Cicatrizante","Cremas/Geles/Pomadas/UngÂentos"
"sulfadiazina de plata+asoc.","cr.x 50 g","SULFAPLAT LA","Lafedar","Antibacteriano Cicatrizante","Cremas/Geles/Pomadas/UngÂentos"
"sulfadiazina de plata+asoc.","cr.x 30 g","SULFADINA","Biosintex Retai","Antibacteriano Cicatrizante","Cremas/Geles/Pomadas/UngÂentos"
"sulfadiazina de plata+asoc.","cr.x 30 g","PLATSUL-A","Soubeiran Chobe","Antibacteriano Cicatrizante","Cremas/Geles/Pomadas/UngÂentos"
"sulfadiazina de plata+asoc.","cr.pomo x 50 g","SULFADIAZINA DE PLATA DENVER FARMA","Denver Farma","Antibacteriano Cicatrizante","Cremas/Geles/Pomadas/UngÂentos"
"sulfadiazina de plata+asoc.","cr.pomo x 30 g","SULFADIAZINA DE PLATA DENVER FARMA","Denver Farma","Antibacteriano Cicatrizante","Cremas/Geles/Pomadas/UngÂentos"
"sulfametoxazol+trimetoprima","jbe.x 100 ml","ADRENOL","Fabra","Antibiotico","Jarabe/SuspensiÂ¢n oral/Polvo para uso oral"
"sulfametoxazol+trimetoprima","comp.x 10","TRITENK FORTE","Biotenk","Quimioterapico","Comprimidos/Pastillas/Tabletas/Grageas"
"sulfametoxazol+trimetoprima","adultos comp.x 20","SPECTREX","Lafedar","Antibacteriano","Comprimidos/Pastillas/Tabletas/Grageas"
"sulfametoxazol+trimetoprima","comp.x 10","BACTRIM FORTE","Siegfried","Antibacteriano","Comprimidos/Pastillas/Tabletas/Grageas"
"sulfametoxazol+trimetoprima","comp.x 10","ADRENOL","Fabra","Antibiotico","Comprimidos/Pastillas/Tabletas/Grageas"
"sulfametoxazol+trimetoprima","susp.x 100 ml","DOSULFIN","Roemmers","Antibiotico","Jarabe/SuspensiÂ¢n oral/Polvo para uso oral"
"sulfametoxazol+trimetoprima","comp.x 20","BACTRIM","Siegfried","Antibacteriano","Comprimidos/Pastillas/Tabletas/Grageas"
"sulfametoxazol+trimetoprima","forte comp.x 10","SPECTREX","Lafedar","Antibacteriano","Comprimidos/Pastillas/Tabletas/Grageas"
"sulfametoxazol+trimetoprima","comp.x 20","COTRIMOX","Lepetit","Antibiotico","Comprimidos/Pastillas/Tabletas/Grageas"
"sulfametoxazol+trimetoprima","susp.oral x 100 ml","SPECTREX","Lafedar","Antibiotico","Jarabe/SuspensiÂ¢n oral/Polvo para uso oral"
"sulfametoxazol+trimetoprima","jbe.x 100 ml","BACTRIM","Siegfried","Antibacteriano","Jarabe/SuspensiÂ¢n oral/Polvo para uso oral"
"sulfametoxazol+trimetoprima","susp.x 120 ml","BACTICEL","BagÂ¢","Quimioterapico","Jarabe/SuspensiÂ¢n oral/Polvo para uso oral"
"sulfametoxazol+trimetoprima","comp.x 10","COTRIMOX FORTE","Lepetit","Antibiotico","Comprimidos/Pastillas/Tabletas/Grageas"
"sulfametoxazol+trimetoprima","comp.x 10","ADRENOL FORTE","Fabra","Antibiotico","Comprimidos/Pastillas/Tabletas/Grageas"
"sulfametoxazol+trimetoprima","800/160 mg comp.x 10","NETOCUR","Duncan","Quimioterapico","Comprimidos/Pastillas/Tabletas/Grageas"
"sulfametoxazol+trimetoprima","comp.x 12","BACTICEL","BagÂ¢","Quimioterapico","Comprimidos/Pastillas/Tabletas/Grageas"
"sulfametoxazol+trimetoprima","comp.x 14","DOSULFIN FORTE","Roemmers","Quimioterapico","Comprimidos/Pastillas/Tabletas/Grageas"
"sulfametoxazol+trimetoprima","jbe.x 100 ml","NETOCUR","Duncan","Quimioterapico","Jarabe/SuspensiÂ¢n oral/Polvo para uso oral"
"sulfasalazina","500 mg comp.rec.x 60","FLOGOSTOP","Teva Argentina","Antiinflam.Antirreumatico","Comprimidos/Pastillas/Tabletas/Grageas"
"sumatriptan","jga.prell.x 1 x 0.5 ml","MICRANIL","PharmaDorf","AntimigraÂ¤oso","Jeringa prellenada"
"sumatriptan","100 mg comp.rec.x 1","MIGRANEITOR","Lafedar","AntimigraÂ¤oso","Comprimidos/Pastillas/Tabletas/Grageas"
"sumatriptan","comp.x 6","MICRANIL","PharmaDorf","AntimigraÂ¤oso","Comprimidos/Pastillas/Tabletas/Grageas"
"sumatriptan","100 mg comp.x 4","MIGRATRIPTAN","Roemmers","AntimigraÂ¤oso","Comprimidos/Pastillas/Tabletas/Grageas"
"sumatriptan","70 mg comp.rec.x 4","SUMATRIPTAN TEVA","Teva Argentina","AntimigraÂ¤oso","Comprimidos/Pastillas/Tabletas/Grageas"
"sumatriptan","50 mg tab.x 4","IMIGRAN","GlaxoSmithKline","AntimigraÂ¤oso","Comprimidos/Pastillas/Tabletas/Grageas"
"sumatriptan","100 mg comp.x 2","MIGRATRIPTAN","Roemmers","AntimigraÂ¤oso","Comprimidos/Pastillas/Tabletas/Grageas"
"sumatriptan","100 mg comp.rec.x 2","MIGRANEITOR","Lafedar","AntimigraÂ¤oso","Comprimidos/Pastillas/Tabletas/Grageas"
"sumatriptan","comp.x 4","MICRANIL","PharmaDorf","AntimigraÂ¤oso","Comprimidos/Pastillas/Tabletas/Grageas"
"tamsulosina","0.4 mg cÂ ps.lib.mod.x60","TARUSOL","Lepetit","Antiprostatico","CÂ psulas/Softgels"
"tamsulosina","0.4 mg cÂ ps.x 30","SULOS","Elea","Terapeutica prostatica","CÂ ps./Comp. de LiberaciÂ¢n Controlada"
"tamsulosina","0.4 mg comp.lib.prol.x30","TANSILOPROST RETARD","Finadiet","Antiprostatico","CÂ ps./Comp. de LiberaciÂ¢n Controlada"
"tamsulosina","0.4 mg cÂ ps.lib.cont.x60","ESPONTAL","Panalab","Terapeutica prostatica","CÂ ps./Comp. de LiberaciÂ¢n Controlada"
"tamsulosina","0.4 mg cÂ ps.x 30","UROPROST-Q","Ariston","Terapeutica prostatica","CÂ ps./Comp. de LiberaciÂ¢n Controlada"
"tamsulosina","0.4 mg cÂ ps.x 30","DIUFORTAN","Lazar","Antiprostatico","CÂ ps./Comp. de LiberaciÂ¢n Controlada"
"tamsulosina","0.4 mg comp.x 30","URALOS CR","Casasco","Terapeutica prostatica","CÂ ps./Comp. de LiberaciÂ¢n Controlada"
"tamsulosina","0.4 mg comp.lib.prol.x30","PROSTOKLAR","Baliarda","Terapeutica prostatica","CÂ ps./Comp. de LiberaciÂ¢n Controlada"
"tamsulosina","0.4 mg cÂ ps.lib.prol.x30","UROCETINA","Eurolab","Antiprostatico","CÂ ps./Comp. de LiberaciÂ¢n Controlada"
"tamsulosina","0.4 mg cÂ ps.lib.mod.x30","TARUSOL","Lepetit","Antiprostatico","CÂ ps./Comp. de LiberaciÂ¢n Controlada"
"tamsulosina","0.4 mg cÂ ps.x 30","ACLOSAN","Eurofarma","Antiprostatico","CÂ ps./Comp. de LiberaciÂ¢n Controlada"
"tamsulosina","0.4 mg cÂ ps.lib.cont.x30","DENVERPROST","Denver Farma","Terapeutica prostatica","CÂ ps./Comp. de LiberaciÂ¢n Controlada"
"tamsulosina","0.4mg comp.lib.prol.x 60","OMNIC OCAS","Gador","Antiprostatico","CÂ ps./Comp. de LiberaciÂ¢n Controlada"
"tamsulosina","0.4 mg comp.lib.prol.x60","PROSTOKLAR","Baliarda","Terapeutica prostatica","CÂ ps./Comp. de LiberaciÂ¢n Controlada"
"tamsulosina","0.4 mg comp.x 60","URALOS CR","Casasco","Terapeutica prostatica","Comprimidos/Pastillas/Tabletas/Grageas"
"tamsulosina","0.4 mg cÂ ps.x 60","TANSILOPROST","Finadiet","Antiprostatico","CÂ ps./Comp. de LiberaciÂ¢n Controlada"
"tamsulosina","0.4 mg cÂ ps.x 30","REDUPROST","Adium","Terapeutica prostatica","CÂ ps./Comp. de LiberaciÂ¢n Controlada"
"tamsulosina","0.4mg cÂ ps.lib.cont.x 60","TAMSULOSINA RICHET","Richet","Antiprostatico","CÂ ps./Comp. de LiberaciÂ¢n Controlada"
"tamsulosina","0.4 mg comp.lib.prol.x30","TAMSULOSINA TEVA","Teva Argentina","Terapeutica prostatica","CÂ ps./Comp. de LiberaciÂ¢n Controlada"
"tamsulosina","0.4mg comp.lib.prol.x 30","OMNIC OCAS","Gador","Antiprostatico","CÂ ps./Comp. de LiberaciÂ¢n Controlada"
"tamsulosina","0.4 mg cÂ ps.x 30","TANSILOPROST","Finadiet","Antiprostatico","CÂ ps./Comp. de LiberaciÂ¢n Controlada"
"tamsulosina","0.4mg cÂ ps.L.C.x30(TRZB)","TAMSULOSINA RICHET","Richet","Antiprostatico","CÂ ps./Comp. de LiberaciÂ¢n Controlada"
"tamsulosina","0.4 mg comp.lib.prol.x60","TARUSOL","Lepetit","Antiprostatico","CÂ ps./Comp. de LiberaciÂ¢n Controlada"
"tamsulosina","0.4 mg cÂ ps.x 30","TRAVELGUM","Microsules Arg.","Antiprostatico","CÂ ps./Comp. de LiberaciÂ¢n Controlada"
"tamsulosina","0.4 mg comp.lib.prol.x30","TARUSOL","Lepetit","Antiprostatico","CÂ ps./Comp. de LiberaciÂ¢n Controlada"
"tamsulosina","0.4 mg cÂ ps.x 30","URIFLUX","Roemmers","Terapeutica prostatica","CÂ ps./Comp. de LiberaciÂ¢n Controlada"
"tamsulosina","0.4 mg comp.lib.prol.x60","TANSILOPROST RETARD","Finadiet","Antiprostatico","CÂ ps./Comp. de LiberaciÂ¢n Controlada"
"tamsulosina","0.4 mg cÂ ps.x 60","REDUPROST","Adium","Terapeutica prostatica","CÂ ps./Comp. de LiberaciÂ¢n Controlada"
"tamsulosina","0.4 mg cÂ ps.x 30","FLOCPROX","Klonal","Terapeutica prostatica","CÂ ps./Comp. de LiberaciÂ¢n Controlada"
"tamsulosina","0.4mg cÂ ps.lib.prol.x 30","LOSTAM","Temis-LostalÂ¢","Antiprostatico","CÂ ps./Comp. de LiberaciÂ¢n Controlada"
"tamsulosina","0.4 mg cÂ ps.lib.cont.x30","ESPONTAL","Panalab","Terapeutica prostatica","CÂ ps./Comp. de LiberaciÂ¢n Controlada"
"tamsulosina","0.4 mg cÂ ps.x 60","UROPROST-Q","Ariston","Terapeutica prostatica","CÂ ps./Comp. de LiberaciÂ¢n Controlada"
"tamsulosina","0.4 mg cÂ ps.x 60","DIUFORTAN","Lazar","Antiprostatico","CÂ ps./Comp. de LiberaciÂ¢n Controlada"
"teofilina anhidra","300 mg comp.x 20","DRILYNA","BagÂ¢","Broncodilatador","Comprimidos/Pastillas/Tabletas/Grageas"
"teofilina anhidra","300 mg comp.x 20","TEODILAT","Lafedar","Broncodilatador","Comprimidos/Pastillas/Tabletas/Grageas"
"teofilina anhidra","200 mg comp.x 20","TEODILAT","Lafedar","Broncodilatador","Comprimidos/Pastillas/Tabletas/Grageas"
"teofilina anhidra","1.6 g jbe.x 120 ml","TEODILAT","Lafedar","Broncodilatador","Jarabe/SuspensiÂ¢n oral/Polvo para uso oral"
"teofilina anhidra","0.8 g jbe.x 120 ml","TEODILAT","Lafedar","Broncodilatador","Jarabe/SuspensiÂ¢n oral/Polvo para uso oral"
"terazosina","5 mg comp.x 60","BLAVIN","Baliarda","Antiprostatico","Comprimidos/Pastillas/Tabletas/Grageas"
"terazosina","2 mg comp.x 30","PANAPROST","Panalab","Antiprostatico","Comprimidos/Pastillas/Tabletas/Grageas"
"terazosina","5 mg comp.x 28","BENAPROST","BagÂ¢","Antiprostatico","Comprimidos/Pastillas/Tabletas/Grageas"
"terazosina","5 mg comp.birran.x 20","FOSFOMIK","Finadiet","Antiprostatico","Comprimidos/Pastillas/Tabletas/Grageas"
"terazosina","10 mg comp.x 60","BLAVIN","Baliarda","Antiprostatico","Comprimidos/Pastillas/Tabletas/Grageas"
"terazosina","10 mg comp.x 30","ANDRIN","Casasco","Antiprostatico","Comprimidos/Pastillas/Tabletas/Grageas"
"terazosina","5 mg comp.ran.x 20","GERIPROST","Teva Argentina","Antiprostatico","Comprimidos/Pastillas/Tabletas/Grageas"
"terazosina","2 mg comp.x 60","BLAVIN","Baliarda","Antiprostatico","Comprimidos/Pastillas/Tabletas/Grageas"
"terazosina","5 mg comp.x 30","ANDRIN","Casasco","Antiprostatico","Comprimidos/Pastillas/Tabletas/Grageas"
"terazosina","5 mg comp.x 30","TERAZOSINA VANNIER","Vannier","Antiprostatico","Comprimidos/Pastillas/Tabletas/Grageas"
"terazosina","2 mg comp.ran.x 20","GERIPROST","Teva Argentina","Antiprostatico","Comprimidos/Pastillas/Tabletas/Grageas"
"terazosina","2 mg comp.x 30","ANDRIN","Casasco","Antiprostatico","Comprimidos/Pastillas/Tabletas/Grageas"
"terazosina","10 mg comp.x 30","BLAVIN","Baliarda","Antiprostatico","Comprimidos/Pastillas/Tabletas/Grageas"
"terazosina","5 mg comp.birran.x 30","FOSFOMIK","Finadiet","Antiprostatico","Comprimidos/Pastillas/Tabletas/Grageas"
"terazosina","5 mg comp.x 30","BLAVIN","Baliarda","Antiprostatico","Comprimidos/Pastillas/Tabletas/Grageas"
"terazosina","2 mg comp.ran.x 30","FOSFOMIK","Finadiet","Antiprostatico","Comprimidos/Pastillas/Tabletas/Grageas"
"terazosina","2 mg comp.x 30","BLAVIN","Baliarda","Antiprostatico","Comprimidos/Pastillas/Tabletas/Grageas"
"terazosina","5 mg comp.x 30","PANAPROST","Panalab","Antiprostatico","Comprimidos/Pastillas/Tabletas/Grageas"
"terbinafina","250 mg comp.x 28","TEREKOL","Panalab","Antimicotico","Comprimidos/Pastillas/Tabletas/Grageas"
"terbinafina","250 mg comp.x 28","TERBINAFINA (COMO CLORHIDRATO) RICHET","Richet","Antimicotico","Comprimidos/Pastillas/Tabletas/Grageas"
"terbinafina","250 mg comp.x 28","TACNA","Megalabs Argent","Antimicotico","Comprimidos/Pastillas/Tabletas/Grageas"
"terbinafina","250 mg comp.x 14","TEREKOL","Panalab","Antimicotico","Comprimidos/Pastillas/Tabletas/Grageas"
"terbinafina","250 mg comp.x 42","TEREKOL","Panalab","Antimicotico","Comprimidos/Pastillas/Tabletas/Grageas"
"terbinafina","250 mg comp.x 14","TERBINAFINA (COMO CLORHIDRATO) RICHET","Richet","Antimicotico","Comprimidos/Pastillas/Tabletas/Grageas"
"terbinafina","250 mg comp.rec.x 28","FUNGUEAL","Lazar","Antimicotico","Comprimidos/Pastillas/Tabletas/Grageas"
"terbinafina","250 mg comp.x 14","TACNA","Megalabs Argent","Antimicotico","Comprimidos/Pastillas/Tabletas/Grageas"
"terbinafina","250 mg comp.x 28","LIKANA","Adium","Antimicotico","Comprimidos/Pastillas/Tabletas/Grageas"
"terbinafina","250 mg comp.rec.x 14","FUNGUEAL","Lazar","Antimicotico","Comprimidos/Pastillas/Tabletas/Grageas"
"terbinafina","250 mg comp.x 14","LIKANA","Adium","Antimicotico","Comprimidos/Pastillas/Tabletas/Grageas"
"terbinafina","250 mg comp.x 28","TERBI-DERM","Oxapharma","Antimicotico","Comprimidos/Pastillas/Tabletas/Grageas"
"terbinafina","250 mg comp.x 42","TERBI-DERM","Oxapharma","Antimicotico","Comprimidos/Pastillas/Tabletas/Grageas"
"terbinafina","250 mg comp.x 14","TERBI-DERM","Oxapharma","Antimicotico","Comprimidos/Pastillas/Tabletas/Grageas"
"tetraciclina","cÂ ps.x 30","CICLOTETRYL 500","Fortbenton","Antibiotico","CÂ psulas/Softgels"
"tetraciclina+metronidazol+bismut","cÂ ps. x 120","TRYLORI","Roemmers","Antibioticoterapia para H.Pylori","CÂ psulas/Softgels"
"tibolona","2.5 mg comp.x 30","CLIMATIX","Siegfried","Trat.menopausia","Comprimidos/Pastillas/Tabletas/Grageas"
"tibolona","1.25 mg comp.x 30","CLIMATIX 1.25","Siegfried","Trat.menopausia","Comprimidos/Pastillas/Tabletas/Grageas"
"tibolona","1.25 mg comp.x 30","DISCRETAL 1.25","Beta","Trat.menopausia","Comprimidos/Pastillas/Tabletas/Grageas"
"tibolona","2.5 mg comp.x 30","KLIMASTRESS","Craveri","Terap.horm.reemp.p/climaterio","Comprimidos/Pastillas/Tabletas/Grageas"
"tibolona","2.5 mg comp.x 30","TOCLINE","Rontag","Trat.menopausia","Comprimidos/Pastillas/Tabletas/Grageas"
"timolol,maleato","sol.viscosa estâr.x 10ml","TIMODER HYDROGEL","Lersan","Antiglaucomatoso","Gotas oftÂ lmicas/Colirios"
"timolol,maleato","sol.oft.x 5 ml","TIMOLOL DENVER FARMA","Denver Farma","Antiglaucomatoso","Gotas oftÂ lmicas/Colirios"
"timolol,maleato","0.5% gts.oft.x 5 ml","KLONALOL","Klonal","Antiglaucomatoso","Gotas oftÂ lmicas/Colirios"
"timolol,maleato","0.5% gts.oft.x 10 ml","ATIGLAUC","Biosintex","Antiglaucomatoso","Gotas oftÂ lmicas/Colirios"
"timolol,maleato","0.50% sol.oft.x 2.5 ml","ZOPIROL LC","Elea","Antiglaucomatoso","Gotas oftÂ lmicas/Colirios"
"timolol,maleato","0.50% colirio x 5 ml","POENTIMOL","Poen","Antiglaucomatoso","Gotas oftÂ lmicas/Colirios"
"timolol,maleato","0.5% sol.oft.x 5 ml","TIMOLOL DORF","PharmaDorf","Antiglaucomatoso","Gotas oftÂ lmicas/Colirios"
"timolol,maleato","0.50% sol.oft.x 5 ml","PROFLAX","Sidus","Antiglaucomatoso","Gotas oftÂ lmicas/Colirios"
"timolol,maleato","0.50% sol.oft.x 5 ml","PLOSTIM","Novartis","Antiglaucomatoso","Gotas oftÂ lmicas/Colirios"
"timolol,maleato","0.25% sol.oft.x 5 ml","PROFLAX","Sidus","Antiglaucomatoso","Gotas oftÂ lmicas/Colirios"
"timolol,maleato","0.50% sol.oft.x 5 ml","ZOPIROL","Elea","Antiglaucomatoso","Gotas oftÂ lmicas/Colirios"
"timolol,maleato","sol.oft.estâr.x 7.5 ml","TIMOPLOS LC","Novoplos","Antiglaucomatoso","Gotas oftÂ lmicas/Colirios"
"tobramicina","colirio x 5 ml","GOTABIOTIC","Poen","Antibiotico oftalmico","Gotas oftÂ lmicas/Colirios"
"tobramicina","gts.oft.x 10 ml","RADINA","Valmax","Antibiotico oftalmico","Gotas oftÂ lmicas/Colirios"
"tobramicina","sol.oft.x 5 ml","TOBRAL","Lafedar","Antibiotico oftalmico","Gotas oftÂ lmicas/Colirios"
"tobramicina","0.3% sol.oft.x 10 ml","KLONAMICIN","Klonal","Antibiotico oftalmico","Gotas oftÂ lmicas/Colirios"
"tobramicina","gts.oft.x 5 ml","TOBREX","Novartis","Antibiotico oftalmico","Gotas oftÂ lmicas/Colirios"
"tobramicina","0.3% sol.oft.x 5 ml","XIBRAX","Vannier","Antibiotico oftalmico","Gotas oftÂ lmicas/Colirios"
"tobramicina","sol.oft.x 5 ml","FOTEX","Elea","Antibiotico oftalmico","Gotas oftÂ lmicas/Colirios"
"tobramicina","colirio x 5 ml","BIDEON BIOTIC","Fecofar","Antibiotico oftalmico","Gotas oftÂ lmicas/Colirios"
"tobramicina","gel oft.x 5 g","GOTABIOTIC","Poen","Antibiotico oftalmico","Geles oftÂ lmicos"
"tobramicina","gts.oft.x 5 ml","OFTALBRAX","Biosintex","Antibiotico oftalmico","Gotas oftÂ lmicas/Colirios"
"tobramicina","sol.oft.x 10 ml","TOBRAL","Lafedar","Antibiotico oftalmico","Gotas oftÂ lmicas/Colirios"
"tobramicina","sol.oft.x 5 ml","TOBRALER","Novoplos","Antibiotico oftalmico","Gotas oftÂ lmicas/Colirios"
"tobramicina","sol.oft.estâril x 5 ml","TOBRAMICINA ATLAS","Lab Internacion","Antibiotico oftalmico","Gotas oftÂ lmicas/Colirios"
"tobramicina","sol.oft.estâril x 5 ml","TOBRALEP","Austral","Antibiotico","Gotas oftÂ lmicas/Colirios"
"tobramicina","sol.oft.x 5 ml","TOBRABIOTIC","Denver Farma","Antibiotico oftalmico","Gotas oftÂ lmicas/Colirios"
"tobramicina+dexametasona","susp.oft.x 5 ml","TOBRADEX","Novartis","Antibiotico Antiinfl.","Gotas oftÂ lmicas/Colirios"
"tobramicina+dexametasona","gts.oft.x 5 ml","RADINA DEX","Valmax","Antibiotico Antiinfl.","Gotas oftÂ lmicas/Colirios"
"tobramicina+dexametasona","ung.oft.x 3.5 g","FOTADEX","Elea","Antibiotico Antiinfl.","Geles oftÂ lmicos"
"tobramicina+dexametasona","ung.x 3.5 g","TOBRADEX","Novartis","Antibiotico Antiinfl.","Geles oftÂ lmicos"
"tobramicina+dexametasona","colirio x 5 ml","TRAZIDEX OFTENO","Siegfried","Antibiotico Antiinfl.","Gotas oftÂ lmicas/Colirios"
"tobramicina+dexametasona","fco.gotero x 5 ml","BIOCORT","Biosintex","Antibiotico Antiinfl.","Gotas oftÂ lmicas/Colirios"
"tobramicina+dexametasona","gts.oft.x 5 ml","TOBRATLAS DEXA","Lab Internacion","Antibiotico Antiinfl.","Gotas oftÂ lmicas/Colirios"
"tobramicina+dexametasona","sol.oft.x 5 ml","TOFLAM","Lafedar","Antibiotico Antiinfl.","Gotas oftÂ lmicas/Colirios"
"tobramicina+dexametasona","sol.oft.x 5 ml","KLONAMICIN COMPUESTO","Klonal","Antibiotico Antiinfl.","Gotas oftÂ lmicas/Colirios"
"tobramicina+dexametasona","sol.oft.x 5 ml","XIBRADEX","Vannier","Antibiotico Antiinfl.","Gotas oftÂ lmicas/Colirios"
"tobramicina+dexametasona","colirio x 5 ml","BIDEON BIOTIC PLUS","Fecofar","Antibiotico Antiinfl.","Gotas oftÂ lmicas/Colirios"
"tobramicina+dexametasona","ung.oft.x 3.5 g","GOTABIOTIC F","Poen","Antibiotico Antiinfl.","Geles oftÂ lmicos"
"tobramicina+dexametasona","sol.oft.x 10 ml","TOFLAM","Lafedar","Antibiotico Antiinfl.","Gotas oftÂ lmicas/Colirios"
"tobramicina+dexametasona","susp.oft.x 5 ml","TOBRALER DX","Novoplos","Antibiotico Antiinfl.","Gotas oftÂ lmicas/Colirios"
"tobramicina+dexametasona","susp.oft.x 5 ml","DECADRON CON TOBRAMICINA","Sidus","Antibiotico Antiinfl.","Gotas oftÂ lmicas/Colirios"
"tobramicina+dexametasona","susp.oft.x 5 ml","PURPUMICINA","Microsules Arg.","Antibiotico Antiinfl.","Gotas oftÂ lmicas/Colirios"
"tobramicina+dexametasona","susp.oft.estâril x 5 ml","TOBRALEP DX","Austral","Antibiotico Antiinfl.","Gotas oftÂ lmicas/Colirios"
"tobramicina+dexametasona","sol.oft.x 5 ml","FOTADEX","Elea","Antibiotico Antiinfl.","Gotas oftÂ lmicas/Colirios"
"tobramicina+dexametasona","susp.oft.x 5 ml","TOBRABIOTIC D","Denver Farma","Antibiotico Antiinfl.","Gotas oftÂ lmicas/Colirios"
"tobramicina+dexametasona","colirio x 5 ml","GOTABIOTIC F","Poen","Antibiotico Antiinfl.","Gotas oftÂ lmicas/Colirios"
"tobramicina+dexametasona+asoc.","sol.oft.x 10 ml","TOFLAM PLUS","Lafedar","Antibiotico Antiinfl.","Gotas oftÂ lmicas/Colirios"
"tobramicina+dexametasona+asoc.","sol.oft.x 5 ml","TOFLAM PLUS","Lafedar","Antibiotico Antiinfl.","Gotas oftÂ lmicas/Colirios"
"tobramicina+dexametasona+asoc.","sol.oft.x 5 ml","T+D+H DORF","PharmaDorf","Antibiotico Antiinfl.","Gotas oftÂ lmicas/Colirios"
"tobramicina+dexametasona+asoc.","colirio x 5 ml","GOTABIOTIC D","Poen","Antibiotico Antiinfl.","Gotas oftÂ lmicas/Colirios"
"toxoide tetan.+difter.+pertusis","fco.mds.x 1 x 0.5 ml","ADACEL","Sanofi Health A","Vacuna triple acelular","Ampollas/Frascos-Ampolla/Liofilizados/Soluc.Parent"
"toxoide tetan.+difter.+pertusis","jeringa prellenada","BUSTRIX","GlaxoSmithKline","Vacuna triple acelular","Jeringa prellenada"
"toxoide tetanico","a.x 1 x 0.5ml c/jga.+ag.","VACUNA ANTITETANICA BIOL","Biol","Inmunizacion antitetanica","Ampollas/Frascos-Ampolla/Liofilizados/Soluc.Parent"
"toxoide tetanico+difterico","a.x 1 x 0.5 ml c/jga.+ag","DITE (EX VACUNA DOBLE ADULTOS BIOL)","Biol","Vacuna doble","Ampollas/Frascos-Ampolla/Liofilizados/Soluc.Parent"
"tramadol","comp.x 20","TRAMUSTIN","Roemmers","Analgâsico central","Comprimidos/Pastillas/Tabletas/Grageas"
"tramadol","comp.x 20","TRAMA KLOSIDOL 50","BagÂ¢","Analgesico","Comprimidos/Pastillas/Tabletas/Grageas"
"tramadol","50 mg comp.x 20","ULTRACALMANS","Soubeiran Chobe","Analgesico","Comprimidos/Pastillas/Tabletas/Grageas"
"tramadol","50 mg gotas x 20 ml","LIXIDOL GOTAS","Casasco","Analgesico","Gotas orales"
"tramadol","50 mg comp.x 30","CALMADOR","Finadiet","Analgesico","Comprimidos/Pastillas/Tabletas/Grageas"
"tramadol","100 mg/ml gtas. x 10 ml","ULTRAGESIC GOTAS","Adium","Analgesico","Gotas orales"
"tramadol","comp.x 20","SUPRAGESIC T NF","Beta","Analgesico","Comprimidos/Pastillas/Tabletas/Grageas"
"tramadol","50 mg comp.x 30","LIXIDOL 50","Casasco","Analgesico","Comprimidos/Pastillas/Tabletas/Grageas"
"tramadol","100 mg comp.rec.x 10","TRAMAL LONG","Vannier-Grunent","Analgesico","CÂ ps./Comp. de LiberaciÂ¢n Controlada"
"tramadol","env. x 10 ml","TRAMUSTIN GOTAS","Roemmers","Analgâsico central","Gotas orales"
"tramadol","gts.x 10 ml","LAFEDOL","Lafedar","Analgesico","Gotas orales"
"tramadol","50 mg cÂ ps.x 20","TRAMAL","Vannier-Grunent","Analgesico","CÂ psulas/Softgels"
"tramadol","comp.x 10","TRAMUSTIN","Roemmers","Analgâsico central","Comprimidos/Pastillas/Tabletas/Grageas"
"tramadol","50 mg comp.x 10","ULTRACALMANS","Soubeiran Chobe","Analgesico","Comprimidos/Pastillas/Tabletas/Grageas"
"tramadol","50 mg gotas x 10 ml","LIXIDOL GOTAS","Casasco","Analgesico","Gotas orales"
"tramadol","50 mg cÂ ps.bl. x 30","ULTRAGESIC CB","Adium","Analgesico","CÂ psulas/Softgels"
"tramadol","50 mg comp.x 20","LIXIDOL 50","Casasco","Analgesico","Comprimidos/Pastillas/Tabletas/Grageas"
"tramadol","100 mg/ml gts.x 10 ml","TRAMAL","Vannier-Grunent","Analgesico","Gotas orales"
"tramadol","50 mg comp.x 20","LAFEDOL","Lafedar","Analgesico","Comprimidos/Pastillas/Tabletas/Grageas"
"tramadol","100 mg/ml gts.x 20 ml","TRAMAL","Vannier-Grunent","Analgesico","Gotas orales"
"tramadol","50 mg comp.x 30","TRAMADOL BIOTENK","Biotenk","Analgesico","Comprimidos/Pastillas/Tabletas/Grageas"
"tramadol","50 mg cÂ ps.bl. x 20","ULTRAGESIC CB","Adium","Analgesico","CÂ psulas/Softgels"
"tramadol","sol. oral fco.x 20 ml","TRAMADOL BIOTENK","Biotenk","Analgesico","Jarabe/SuspensiÂ¢n oral/Polvo para uso oral"
"tramadol","50 mg cÂ ps.x 30","CALMADOR CB","Finadiet","Analgesico","CÂ psulas/Softgels"
"tramadol","50 mg comp.x 20","TRAMADOL BIOTENK","Biotenk","Analgesico","Comprimidos/Pastillas/Tabletas/Grageas"
"tramadol","50 mg cÂ ps.x 30","TRAMAL","Vannier-Grunent","Analgesico","CÂ psulas/Softgels"
"tramadol","50 mg cÂ ps.x 10","CALMADOR CB","Finadiet","Analgesico","CÂ psulas/Softgels"
"tramadol","50 mg cÂ ps.bl. x 10","ULTRAGESIC CB","Adium","Analgesico","CÂ psulas/Softgels"
"tramadol","100 mg comp.lib.prol.x10","CALMADOR RETARD","Finadiet","Analgesico","CÂ ps./Comp. de LiberaciÂ¢n Controlada"
"tramadol","gts.x 20 ml","CLOQ","Trb-Pharma","Analgesico","Gotas orales"
"tramadol","50 mg cÂ ps.x 20","CALMADOR CB","Finadiet","Analgesico","CÂ psulas/Softgels"
"tramadol","gts.x 20 ml","LAFEDOL","Lafedar","Analgesico","Gotas orales"
"tramadol","50 mg cÂ ps.x 10","TRAMAL","Vannier-Grunent","Analgesico","CÂ psulas/Softgels"
"tramadol","150 mg comp.lib.prol.x 5","CALMADOR RETARD","Finadiet","Analgesico","CÂ ps./Comp. de LiberaciÂ¢n Controlada"
"tramadol","100 mg gotas x 20 ml","LIXIDOL GOTAS","Casasco","Analgesico","Gotas orales"
"tramadol","50 mg comp.x 6","CALMADOR","Finadiet","Analgesico","Comprimidos/Pastillas/Tabletas/Grageas"
"tramadol","100 mg/ml gts.x 20 ml","CALMADOR 100","Finadiet","Analgesico","Gotas orales"
"tramadol","50 mg gts.x 20 ml","ULTRACALMANS","Soubeiran Chobe","Analgesico","Gotas orales"
"tramadol","50 mg/ml gts.x 10 ml","CALMADOR","Finadiet","Analgesico","Gotas orales"
"tramadol","50 mg comp.x 30","LAFEDOL","Lafedar","Analgesico","Comprimidos/Pastillas/Tabletas/Grageas"
"tramadol","50 mg/ml gts.x 20 ml","CALMADOR","Finadiet","Analgesico","Gotas orales"
"tramadol","100 mg gotas x 10 ml","LIXIDOL GOTAS","Casasco","Analgesico","Gotas orales"
"tramadol","50 mg comp.x 30","ANA-Q","Ariston","Analgesico","Comprimidos/Pastillas/Tabletas/Grageas"
"tramadol","50 mg/ml gts.x 20 ml","TRAMA KLOSIDOL GOTAS","BagÂ¢","Analgesico","Gotas orales"
"tramadol","100 mg/ml gts.x 10 ml","CALMADOR 100","Finadiet","Analgesico","Gotas orales"
"tramadol","comp.x 30","TRAMUSTIN","Roemmers","Analgâsico central","Comprimidos/Pastillas/Tabletas/Grageas"
"tramadol","100 mg/ml gts.x 10 ml","TRAMA KLOSIDOL 100","BagÂ¢","Analgesico","Gotas orales"
"tramadol","50 mg comp.x 30","ULTRACALMANS","Soubeiran Chobe","Analgesico","Comprimidos/Pastillas/Tabletas/Grageas"
"tramadol","50 mg comp.x 20","CALMADOR","Finadiet","Analgesico","Comprimidos/Pastillas/Tabletas/Grageas"
"tramadol","100 mg/ml gtas. x 20 ml","ULTRAGESIC GOTAS","Adium","Analgesico","Gotas orales"
"tramadol","comp.rec.x 20","CLOQ","Trb-Pharma","Analgesico","Comprimidos/Pastillas/Tabletas/Grageas"
"tramadol","comp.ran. x 30","TRAMAGESIC","Baliarda","Analgesico","Comprimidos/Pastillas/Tabletas/Grageas"
"tramadol","100 mg comp.LP.x 10","LIXIDOL 100 LP","Casasco","Analgesico","CÂ ps./Comp. de LiberaciÂ¢n Controlada"
"tramadol","env. x 20 ml","TRAMUSTIN GOTAS","Roemmers","Analgâsico central","Gotas orales"
"tramadol+paracetamol","37.5/325 mg comp.x 10","ULTRAGESIC PLUS","Adium","Analgesico","Comprimidos/Pastillas/Tabletas/Grageas"
"tramadol+paracetamol","comp.x 30","LIXIDOL GESIC","Casasco","Analgesico","Comprimidos/Pastillas/Tabletas/Grageas"
"tramadol+paracetamol","comp.x 30","TAXAT","Montpellier","Analgesico","Comprimidos/Pastillas/Tabletas/Grageas"
"tramadol+paracetamol","comp.rec.x 30","CLOQ PLUS","Trb-Pharma","Analgesico Antifebril","Comprimidos/Pastillas/Tabletas/Grageas"
"tramadol+paracetamol","comp.rec.x 20","NERVIDOL","Roemmers","Analgesico Antifebril","Comprimidos/Pastillas/Tabletas/Grageas"
"tramadol+paracetamol","comp.x 10","CALMADOR PLUS","Finadiet","Analgesico","Comprimidos/Pastillas/Tabletas/Grageas"
"tramadol+paracetamol","comp.x 20","LIXIDOL GESIC","Casasco","Analgesico","Comprimidos/Pastillas/Tabletas/Grageas"
"tramadol+paracetamol","comp.x 20","TAXAT","Montpellier","Analgesico","Comprimidos/Pastillas/Tabletas/Grageas"
"tramadol+paracetamol","comp.x 20","TRAMAL PLUS","Vannier-Grunent","Analgesico","Comprimidos/Pastillas/Tabletas/Grageas"
"tramadol+paracetamol","comp.x 10","TAXAT","Montpellier","Analgesico","Comprimidos/Pastillas/Tabletas/Grageas"
"tramadol+paracetamol","comp.x 20","TRAMACET","Janssen-Cilag","Analgesico","Comprimidos/Pastillas/Tabletas/Grageas"
"tramadol+paracetamol","comp.rec.x 10","CLOQ PLUS","Trb-Pharma","Analgesico Antifebril","Comprimidos/Pastillas/Tabletas/Grageas"
"tramadol+paracetamol","comp.x 20","CALMADOR PLUS","Finadiet","Analgesico","Comprimidos/Pastillas/Tabletas/Grageas"
"tramadol+paracetamol","37.5/325 mg comp.x 30","ULTRAGESIC PLUS","Adium","Analgesico","Comprimidos/Pastillas/Tabletas/Grageas"
"tramadol+paracetamol","comp.rec.x 20","SUPRAGESIC T PLUS","Beta","Analgesico","Comprimidos/Pastillas/Tabletas/Grageas"
"tramadol+paracetamol","comp.x 30","CALMADOR PLUS","Finadiet","Analgesico","Comprimidos/Pastillas/Tabletas/Grageas"
"tramadol+paracetamol","37.5/325 mg comp.x 20","ULTRAGESIC PLUS","Adium","Analgesico","Comprimidos/Pastillas/Tabletas/Grageas"
"tramadol+paracetamol","comp.x 10","LIXIDOL GESIC","Casasco","Analgesico","Comprimidos/Pastillas/Tabletas/Grageas"
"tramadol+paracetamol","comp.rec.x 10","SUPRAGESIC T PLUS","Beta","Analgesico","Comprimidos/Pastillas/Tabletas/Grageas"
"travoprost","sol.oft.x 2.5 ml","GLAUNOT SC","Lab Internacion","Antiglaucomatoso","Gotas oftÂ lmicas/Colirios"
"travoprost","sol.oft.x 2.5 ml","ARVO","Elea","Antiglaucomatoso","Gotas oftÂ lmicas/Colirios"
"travoprost","sol.oft.x 3 ml","GLAUCOPROST","Max Vision","Antiglaucomatoso","Gotas oftÂ lmicas/Colirios"
"travoprost","sol.oft.x 5 ml","TRAVOPLOS","Novoplos","Antiglaucomatoso","Gotas oftÂ lmicas/Colirios"
"travoprost","sol.oft.x 2.5 ml","TRAVATAN","Novartis","Antiglaucomatoso","Gotas oftÂ lmicas/Colirios"
"travoprost","sol.oft.x 2.5 ml","GLAUNOT","Lab Internacion","Antiglaucomatoso","Gotas oftÂ lmicas/Colirios"
"travoprost+timolol","sol.oft.x 2.5 ml","DUOTRAV","Novartis","Antiglaucomatoso","Gotas oftÂ lmicas/Colirios"
"travoprost+timolol","sol.oft.x 2.5 ml","GLAUNOT T","Lab Internacion","Antiglaucomatoso","Gotas oftÂ lmicas/Colirios"
"triamcinolona","6 mg/ml a.x 3","FORTCINOLONA","Fortbenton","Corticosteroide","Ampollas/Frascos-Ampolla/Liofilizados/Soluc.Parent"
"triamcinolona","40 mg amp.x 1 ml","FORTCINOLONA 40","Fortbenton","Corticosteroide","Ampollas/Frascos-Ampolla/Liofilizados/Soluc.Parent"
"triamcinolona","6 mg/ml a.x 1","FORTCINOLONA","Fortbenton","Corticosteroide","Ampollas/Frascos-Ampolla/Liofilizados/Soluc.Parent"
"triamcinolona","40 mg/1 ml iny.a.x 1","TRIAMCINOLONA RICHET","Richet","Corticosteroide","Ampollas/Frascos-Ampolla/Liofilizados/Soluc.Parent"
"triamcinolona","30 mg/5 ml iny.a.x 1","TRIAMCINOLONA RICHET","Richet","Corticosteroide","Ampollas/Frascos-Ampolla/Liofilizados/Soluc.Parent"
"trimebutina","200 mg comp.x 20","TRIBUTINA","Lafedar","Antiespasmodico","Comprimidos/Pastillas/Tabletas/Grageas"
"trimebutina","200 mg comp.x 20","EUMOTIL","Baliarda","Antiespasmodico","Comprimidos/Pastillas/Tabletas/Grageas"
"trimebutina","comp.x 60","MIOPROPAN LP","Laboratorios Be","Antiespasmodico","CÂ ps./Comp. de LiberaciÂ¢n Controlada"
"trimebutina","comp.x 60","NORMOPAX 200","Eczane","Antiespasmodico","Comprimidos/Pastillas/Tabletas/Grageas"
"trimebutina","comp.x 30","COLIXANE 200","Sanitas","Antiespasmodico","Comprimidos/Pastillas/Tabletas/Grageas"
"trimebutina","100 mg comp.x 40","TRIBUTINA","Lafedar","Antiespasmodico","Comprimidos/Pastillas/Tabletas/Grageas"
"trimebutina","comp.x 30","PLIDEX 200","Roemmers","Antiespasmodico","Comprimidos/Pastillas/Tabletas/Grageas"
"trimebutina","comp.x 20","MIOPROPAN","Laboratorios Be","Antiespasmodico","Comprimidos/Pastillas/Tabletas/Grageas"
"trimebutina","comp.x 30","MIOPROPAN 200","Laboratorios Be","Antiespasmodico","Comprimidos/Pastillas/Tabletas/Grageas"
"trimebutina","comp.x 60","MIOPROPAN 200","Laboratorios Be","Antiespasmodico","Comprimidos/Pastillas/Tabletas/Grageas"
"trimebutina","300 mg comp.x 20","BIORGAN AP","Craveri","Antiespasmodico","CÂ ps./Comp. de LiberaciÂ¢n Controlada"
"trimebutina","100 mg comp.x 20","TRIBUTINA","Lafedar","Antiespasmodico","Comprimidos/Pastillas/Tabletas/Grageas"
"trimebutina","comp.x 30","PLIDEX 100","Roemmers","Antiespasmodico","Comprimidos/Pastillas/Tabletas/Grageas"
"trimebutina","200 mg comp.x 20","TRIMEBUTINA VANNIER","Vannier","Antiespasmodico","Comprimidos/Pastillas/Tabletas/Grageas"
"trimebutina","200 mg comp.x 40","BIORGAN","Craveri","Antiespasmodico","Comprimidos/Pastillas/Tabletas/Grageas"
"trimebutina","comp.x 60","NEOTINA","Rossmore Pharma","Antiespasmodico","Comprimidos/Pastillas/Tabletas/Grageas"
"trimebutina","comp.x 20","MIOPROPAN 200","Laboratorios Be","Antiespasmodico","Comprimidos/Pastillas/Tabletas/Grageas"
"trimebutina","200 mg comp.x 20","BIORGAN","Craveri","Antiespasmodico","Comprimidos/Pastillas/Tabletas/Grageas"
"trimebutina","comp.x 20","MIOPROPAN LP","Laboratorios Be","Antiespasmodico","CÂ ps./Comp. de LiberaciÂ¢n Controlada"
"trimebutina","comp.x 30","SANGALINA 200","Sant Gall","Antiespasmodico","Comprimidos/Pastillas/Tabletas/Grageas"
"trimebutina","200 mg comp.x 30","RELOPAT 200","Microsules Arg.","Antiespasmodico","Comprimidos/Pastillas/Tabletas/Grageas"
"trimebutina","200 mg comp.x 60","TRIBUTINA","Lafedar","Antiespasmodico","Comprimidos/Pastillas/Tabletas/Grageas"
"trimebutina","300 mg comp.lib.prol.x30","PLIDEX AP","Roemmers","Antiespasmodico","CÂ ps./Comp. de LiberaciÂ¢n Controlada"
"trimebutina","300 mg comp.lib.prol.x30","EUMOTIL 300","Baliarda","Antiespasmodico","CÂ ps./Comp. de LiberaciÂ¢n Controlada"
"trimebutina","comp.x 30","MIOPROPAN LP","Laboratorios Be","Antiespasmodico","CÂ ps./Comp. de LiberaciÂ¢n Controlada"
"trimebutina","200 mg comp.x 30","EUMOTIL","Baliarda","Antiespasmodico","Comprimidos/Pastillas/Tabletas/Grageas"
"trimebutina","comp.x 30","NEOTINA","Rossmore Pharma","Antiespasmodico","Comprimidos/Pastillas/Tabletas/Grageas"
"trimebutina","comp.x 60","PLIDEX 200","Roemmers","Antiespasmodico","Comprimidos/Pastillas/Tabletas/Grageas"
"trimebutina","comp.x 40","MIOPROPAN","Laboratorios Be","Antiespasmodico","Comprimidos/Pastillas/Tabletas/Grageas"
"trimebutina","200 mg comp.x 30","TRIBUTINA","Lafedar","Antiespasmodico","Comprimidos/Pastillas/Tabletas/Grageas"
"trimebutina","comp.x 30","NORMOPAX 200","Eczane","Antiespasmodico","Comprimidos/Pastillas/Tabletas/Grageas"
"trimebutina","200 mg comp.x 40","EUMOTIL","Baliarda","Antiespasmodico","Comprimidos/Pastillas/Tabletas/Grageas"
"trimebutina+simeticona","comp.x 60","FACTOREX","Casasco","Antiespasmodico Antiflatulento","Comprimidos/Pastillas/Tabletas/Grageas"
"trimebutina+simeticona","200/120 mg comp.rec.x 30","PLIDEX S","Roemmers","Antiespasmodico","Comprimidos/Pastillas/Tabletas/Grageas"
"trimebutina+simeticona","200/120 mg comp.rec.x 60","COLONORM","Lazar","Antiespasmodico","Comprimidos/Pastillas/Tabletas/Grageas"
"trimebutina+simeticona","200/120 mg comp.rec.x 30","COLONORM","Lazar","Antiespasmodico","Comprimidos/Pastillas/Tabletas/Grageas"
"trimebutina+simeticona","200/120 mg comp.rec.x 40","BIORGAN S","Craveri","Antiespasmodico","Comprimidos/Pastillas/Tabletas/Grageas"
"trimebutina+simeticona","comp.rec.x 30","EUMOTIL S","Baliarda","Antiespasmodico","Comprimidos/Pastillas/Tabletas/Grageas"
"trimebutina+simeticona","comp.rec.x 60","EUMOTIL S","Baliarda","Antiespasmodico","Comprimidos/Pastillas/Tabletas/Grageas"
"trimebutina+simeticona","200/120 mg comp.rec.x 20","BIORGAN S","Craveri","Antiespasmodico","Comprimidos/Pastillas/Tabletas/Grageas"
"trimebutina+simeticona","comp.x 60","MIOPROPAN S","Laboratorios Be","Antiespasmodico","Comprimidos/Pastillas/Tabletas/Grageas"
"trimebutina+simeticona","comp.x 30","MIOPROPAN S","Laboratorios Be","Antiespasmodico","Comprimidos/Pastillas/Tabletas/Grageas"
"trimebutina+simeticona","comp.x 30","FACTOREX","Casasco","Antiespasmodico Antiflatulento","Comprimidos/Pastillas/Tabletas/Grageas"
"trimebutina+simeticona","200/120 mg comp.rec.x 60","PLIDEX S","Roemmers","Antiespasmodico","Comprimidos/Pastillas/Tabletas/Grageas"
"tropicamida","1% sol.oft.x 5 ml","ALCON MYDRIL","Alcon","Midriatico","Gotas oftÂ lmicas/Colirios"
"ursodesoxicolico,ac.","300 mg comp.x 50","AUDECOL","Ariston","Antilitogenico Litolitico","Comprimidos/Pastillas/Tabletas/Grageas"
"ursodesoxicolico,ac.","150 mg comp.x 20","URZAC","Eurofarma","Antilitogenico Litolitico","Comprimidos/Pastillas/Tabletas/Grageas"
"ursodesoxicolico,ac.","500 mg comp.rec.x 50","URSOFALK","LKM","Antilitogenico Litolitico","Comprimidos/Pastillas/Tabletas/Grageas"
"ursodesoxicolico,ac.","150 mg comp.x 20","URSODIOL","Pharmanove","Antilitogenico Litolitico","Comprimidos/Pastillas/Tabletas/Grageas"
"ursodesoxicolico,ac.","500 mg comp.x 30","URDECOLE","Eczane","Antilitogenico Litolitico","Comprimidos/Pastillas/Tabletas/Grageas"
"ursodesoxicolico,ac.","150 mg comp.x 20","AUDECOL","Ariston","Antilitogenico Litolitico","Comprimidos/Pastillas/Tabletas/Grageas"
"ursodesoxicolico,ac.","150 mg comp.x 20","URSOTOP","Rossmore Pharma","Antilitogenico Litolitico","Comprimidos/Pastillas/Tabletas/Grageas"
"ursodesoxicolico,ac.","300 mg comp.x 30","URZAC","Eurofarma","Antilitogenico Litolitico","Comprimidos/Pastillas/Tabletas/Grageas"
"ursodesoxicolico,ac.","450 mg cÂ ps.lib.prol.x30","URSIDESOX","Duncan","Antilitogenico Litolitico","CÂ ps./Comp. de LiberaciÂ¢n Controlada"
"ursodesoxicolico,ac.","300 mg comp.x 50","URSOTOP","Rossmore Pharma","Antilitogenico Litolitico","Comprimidos/Pastillas/Tabletas/Grageas"
"ursodesoxicolico,ac.","300 mg comp.x 50","URSODIOL","Pharmanove","Antilitogenico Litolitico","Comprimidos/Pastillas/Tabletas/Grageas"
"ursodesoxicolico,ac.","300 mg comp.x 50","URDECOLE","Eczane","Antilitogenico Litolitico","Comprimidos/Pastillas/Tabletas/Grageas"
"ursodesoxicolico,ac.","300 mg comp.rec.x 30","URSIDESOX","Duncan","Antilitogenico Litolitico","Comprimidos/Pastillas/Tabletas/Grageas"
"ursodesoxicolico,ac.","250 mg cÂ ps.x 30","UDCA","Siegfried","Antilitogenico Litolitico","CÂ psulas/Softgels"
"ursodesoxicolico,ac.","300 mg comp.x 30","URSOTOP","Rossmore Pharma","Antilitogenico Litolitico","Comprimidos/Pastillas/Tabletas/Grageas"
"ursodesoxicolico,ac.","500 mg comp.x 50","URSODIOL","Pharmanove","Antilitogenico Litolitico","Comprimidos/Pastillas/Tabletas/Grageas"
"ursodesoxicolico,ac.","300 mg comp.x 30","URSODIOL","Pharmanove","Antilitogenico Litolitico","Comprimidos/Pastillas/Tabletas/Grageas"
"ursodesoxicolico,ac.","300 mg comp.x 50","URZAC","Eurofarma","Antilitogenico Litolitico","Comprimidos/Pastillas/Tabletas/Grageas"
"ursodesoxicolico,ac.","300 mg comp.x 20","AUDECOL","Ariston","Antilitogenico Litolitico","Comprimidos/Pastillas/Tabletas/Grageas"
"ursodesoxicolico,ac.","300 mg comp.x 30","URDECOLE","Eczane","Antilitogenico Litolitico","Comprimidos/Pastillas/Tabletas/Grageas"
"ursodesoxicolico,ac.","300 mg comp.rec.x 60","URSOMAX","Ariston","Antilitogenico Litolitico","Comprimidos/Pastillas/Tabletas/Grageas"
"ursodesoxicolico,ac.","300 mg cÂ ps.x 60","UDCA 300","Siegfried","Antilitogenico Litolitico","CÂ psulas/Softgels"
"ursodesoxicolico,ac.","500 mg comp.x 30","URSODIOL","Pharmanove","Antilitogenico Litolitico","Comprimidos/Pastillas/Tabletas/Grageas"
"ursodesoxicolico,ac.","300 mg comp.x 50","DEXO","DomÂ¡nguez","Antilitogenico Litolitico","Comprimidos/Pastillas/Tabletas/Grageas"
"ursodesoxicolico,ac.","500 mg comp.x 30","DEXO FORTE","DomÂ¡nguez","Antilitogenico Litolitico","Comprimidos/Pastillas/Tabletas/Grageas"
"ursodesoxicolico,ac.","300 mg cÂ ps.x 30","UDCA 300","Siegfried","Antilitogenico Litolitico","CÂ psulas/Softgels"
"ursodesoxicolico,ac.","300 mg comp.x 60","UTRAL 300","Sanitas","Antilitogenico Litolitico","Comprimidos/Pastillas/Tabletas/Grageas"
"ursodesoxicolico,ac.","150 mg comp.rec.x 20","URSIDESOX","Duncan","Antilitogenico Litolitico","Comprimidos/Pastillas/Tabletas/Grageas"
"ursodesoxicolico,ac.","300 mg comp.x 20","DEXO","DomÂ¡nguez","Antilitogenico Litolitico","Comprimidos/Pastillas/Tabletas/Grageas"
"ursodesoxicolico,ac.","500 mg comp.x 30","URZAC FORTE","Eurofarma","Antilitogenico Litolitico","Comprimidos/Pastillas/Tabletas/Grageas"
"ursodesoxicolico,ac.","250 mg cÂ ps.x 60","UDCA","Siegfried","Antilitogenico Litolitico","CÂ psulas/Softgels"
"ursodesoxicolico,ac.","300 mg comp.rec.x 30","URSOMAX","Ariston","Antilitogenico Litolitico","Comprimidos/Pastillas/Tabletas/Grageas"
"ursodesoxicolico,ac.","300 mg comp.x 30","UTRAL 300","Sanitas","Antilitogenico Litolitico","Comprimidos/Pastillas/Tabletas/Grageas"
"ursodesoxicolico,ac.","150 mg comp.x 20","DEXO","DomÂ¡nguez","Antilitogenico Litolitico","Comprimidos/Pastillas/Tabletas/Grageas"
"ursodesoxicolico,ac.","500 mg comp.x 30","URSOTOP","Rossmore Pharma","Antilitogenico Litolitico","Comprimidos/Pastillas/Tabletas/Grageas"
"vac.antimeningococcica ACYW-135","pvo.liof.x 1+sol.iny.x 1","MENVEO","GlaxoSmithKline","vac.antimeningococcica ACYW-135","Ampollas/Frascos-Ampolla/Liofilizados/Soluc.Parent"
"vac.antimeningococcica ACYW-135","pvo.liof.+jga.disolv.x 1","NIMENRIX","Pfizer","vac.antimeningococcica ACYW-135","Ampollas/Frascos-Ampolla/Liofilizados/Soluc.Parent"
"Vac.meningocÂ¢cica multicomponent","jga.prell.x 1","BEXSERO","GlaxoSmithKline","Vacuna meningocÂ¢cica","Ampollas/Frascos-Ampolla/Liofilizados/Soluc.Parent"
"vacuna DPT+antipoliomielitica","jga.prell.x 0.5 ml","TETRAXIM","Sanofi Health A","Vacuna cuadruple","Jeringa prellenada"
"valproico,ac.","jbe.x 120 ml","FLAXVAN","Lafedar","Anticonvulsivo","Jarabe/SuspensiÂ¢n oral/Polvo para uso oral"
"valproico,ac.","jbe.x 120 ml","LOGICAL","Teva Argentina","Anticonvulsivo","Jarabe/SuspensiÂ¢n oral/Polvo para uso oral"
"valproico,ac.","jbe.x 120 ml","DEPAKENE","Abbott EPD","Anticonvulsivo","Jarabe/SuspensiÂ¢n oral/Polvo para uso oral"
"valproico,ac.","jbe.x 120 ml","EXIBRAL JBE","BagÂ¢","Anticonvulsivo","Jarabe/SuspensiÂ¢n oral/Polvo para uso oral"
"valproico,ac.","cÂ ps.x 50","DEPAKENE","Abbott EPD","Anticonvulsivo","CÂ psulas/Softgels"
"valsartan","160 mg comp.rec.x 15","SARVAL","Baliarda","Antihipertensivo","Comprimidos/Pastillas/Tabletas/Grageas"
"valsartan","160 mg comp.x 28","VALSARFEC","Fecofar","Antihipertensivo","Comprimidos/Pastillas/Tabletas/Grageas"
"valsartan","comp.rec.x 28","HIPERVAL 160","Richmond","Antihipertensivo","Comprimidos/Pastillas/Tabletas/Grageas"
"valsartan","80 mg comp.rec.x 30","NICORVAS","Temis-LostalÂ¢","Antihipertensivo","Comprimidos/Pastillas/Tabletas/Grageas"
"valsartan","320 mg comp.rec.x 30","SIMULTAN","Lazar","Antihipertensivo","Comprimidos/Pastillas/Tabletas/Grageas"
"valsartan","320 mg comp.rec.x 28","DILCORAN","Casasco","Antihipertensivo","Comprimidos/Pastillas/Tabletas/Grageas"
"valsartan","80 mg comp.rec.x 14","ALPERTAN","Adium","Antihipertensivo","Comprimidos/Pastillas/Tabletas/Grageas"
"valsartan","320 mg comp.x 30","COROSAN","Elea","Antihipertensivo","Comprimidos/Pastillas/Tabletas/Grageas"
"valsartan","80 mg comp.rec.x 28","SEMANAR","Microsules Arg.","Antihipertensivo","Comprimidos/Pastillas/Tabletas/Grageas"
"valsartan","160 mg comp.rec.x 28","DIOVAN","Siegfried","Antihipertensivo","Comprimidos/Pastillas/Tabletas/Grageas"
"valsartan","80 mg comp.rec.x 30","DILCORAN","Casasco","Antihipertensivo","Comprimidos/Pastillas/Tabletas/Grageas"
"valsartan","80 mg comp.rec.x 30","SARVAL","Baliarda","Antihipertensivo","Comprimidos/Pastillas/Tabletas/Grageas"
"valsartan","80 mg comp.x 28","VALSARFEC","Fecofar","Antihipertensivo","Comprimidos/Pastillas/Tabletas/Grageas"
"valsartan","320 mg comp.rec.x 28","ALPERTAN","Adium","Antihipertensivo","Comprimidos/Pastillas/Tabletas/Grageas"
"valsartan","comp.rec.x 28","HIPERVAL 80","Richmond","Antihipertensivo","Comprimidos/Pastillas/Tabletas/Grageas"
"valsartan","160 mg comp.rec.x 30","DIAPRESAN 160","Montpellier","Antihipertensivo","Comprimidos/Pastillas/Tabletas/Grageas"
"valsartan","160 mg comp.x 30","COROSAN","Elea","Antihipertensivo","Comprimidos/Pastillas/Tabletas/Grageas"
"valsartan","80 mg comp.rec.x 14","SEMANAR","Microsules Arg.","Antihipertensivo","Comprimidos/Pastillas/Tabletas/Grageas"
"valsartan","160 mg comp.rec.x 56","DILCORAN","Casasco","Antihipertensivo","Comprimidos/Pastillas/Tabletas/Grageas"
"valsartan","160 mg comp.rec.x 14","DIOVAN","Siegfried","Antihipertensivo","Comprimidos/Pastillas/Tabletas/Grageas"
"valsartan","160 mg comp.rec.x 30","HIPREX","Teva Argentina","Antihipertensivo","Comprimidos/Pastillas/Tabletas/Grageas"
"valsartan","80 mg comp.rec.x 15","SARVAL","Baliarda","Antihipertensivo","Comprimidos/Pastillas/Tabletas/Grageas"
"valsartan","320 mg comp.rec.x 30","RACORVAL","Roemmers","Antihipertensivo","Comprimidos/Pastillas/Tabletas/Grageas"
"valsartan","80 mg comp.rec.x 30","DIAPRESAN 80","Montpellier","Antihipertensivo","Comprimidos/Pastillas/Tabletas/Grageas"
"valsartan","320 mg comp.rec.x 30","PALIAX","Gador","Antihipertensivo","Comprimidos/Pastillas/Tabletas/Grageas"
"valsartan","80 mg comp.x 30","COROSAN","Elea","Antihipertensivo","Comprimidos/Pastillas/Tabletas/Grageas"
"valsartan","80 mg comp.rec.x 56","DILCORAN","Casasco","Antihipertensivo","Comprimidos/Pastillas/Tabletas/Grageas"
"valsartan","320 mg comp.rec.x 28","DIOVAN","Siegfried","Antihipertensivo","Comprimidos/Pastillas/Tabletas/Grageas"
"valsartan","80 mg comp.rec.x 28","DIOVAN","Siegfried","Antihipertensivo","Comprimidos/Pastillas/Tabletas/Grageas"
"valsartan","320 mg comp.rec.x 30","SARVAL","Baliarda","Antihipertensivo","Comprimidos/Pastillas/Tabletas/Grageas"
"valsartan","320 mg comp.rec.x 60","VALSALEP","Lepetit","Antihipertensivo","Comprimidos/Pastillas/Tabletas/Grageas"
"valsartan","160 mg comp.rec.x 30","RACORVAL","Roemmers","Antihipertensivo","Comprimidos/Pastillas/Tabletas/Grageas"
"valsartan","160 mg comp.rec.x 60","SARVAL","Baliarda","Antihipertensivo","Comprimidos/Pastillas/Tabletas/Grageas"
"valsartan","80 mg comp.rec.x 30","HIPREX","Teva Argentina","Antihipertensivo","Comprimidos/Pastillas/Tabletas/Grageas"
"valsartan","160 mg comp.rec.x 28","DILCORAN","Casasco","Antihipertensivo","Comprimidos/Pastillas/Tabletas/Grageas"
"valsartan","160 mg comp.rec.x 30","PALIAX","Gador","Antihipertensivo","Comprimidos/Pastillas/Tabletas/Grageas"
"valsartan","80 mg comp.x 60","VALSALEP","Lepetit","Antihipertensivo","Comprimidos/Pastillas/Tabletas/Grageas"
"valsartan","40 mg comp.rec.x 14","DIOVAN IC","Siegfried","Antihipertensivo","Comprimidos/Pastillas/Tabletas/Grageas"
"valsartan","160 mg comp.rec.x 30","SIMULTAN","Lazar","Antihipertensivo","Comprimidos/Pastillas/Tabletas/Grageas"
"valsartan","320 mg comp.rec.x 30","DIAPRESAN 320","Montpellier","Antihipertensivo","Comprimidos/Pastillas/Tabletas/Grageas"
"valsartan","320 mg comp.rec.x 30","VALSALEP","Lepetit","Antihipertensivo","Comprimidos/Pastillas/Tabletas/Grageas"
"valsartan","80 mg comp.rec.x 30","RACORVAL","Roemmers","Antihipertensivo","Comprimidos/Pastillas/Tabletas/Grageas"
"valsartan","160 mg comp.rec.x 28","ALPERTAN","Adium","Antihipertensivo","Comprimidos/Pastillas/Tabletas/Grageas"
"valsartan","80 mg comp.rec.x 28","DILCORAN","Casasco","Antihipertensivo","Comprimidos/Pastillas/Tabletas/Grageas"
"valsartan","80 mg comp.rec.x 30","PALIAX","Gador","Antihipertensivo","Comprimidos/Pastillas/Tabletas/Grageas"
"valsartan","80 mg comp.x 30","VALSALEP","Lepetit","Antihipertensivo","Comprimidos/Pastillas/Tabletas/Grageas"
"valsartan","80 mg comp.rec.x 30","SIMULTAN","Lazar","Antihipertensivo","Comprimidos/Pastillas/Tabletas/Grageas"
"valsartan","160 mg comp.x 60","VALSALEP","Lepetit","Antihipertensivo","Comprimidos/Pastillas/Tabletas/Grageas"
"valsartan","80 mg comp.rec.x 28","RACORVAL","Roemmers","Antihipertensivo","Comprimidos/Pastillas/Tabletas/Grageas"
"valsartan","160 mg comp.rec.x 14","ALPERTAN","Adium","Antihipertensivo","Comprimidos/Pastillas/Tabletas/Grageas"
"valsartan","160 mg comp.rec.x 28","SEMANAR","Microsules Arg.","Antihipertensivo","Comprimidos/Pastillas/Tabletas/Grageas"
"valsartan","320 mg comp.rec.x 30","DILCORAN","Casasco","Antihipertensivo","Comprimidos/Pastillas/Tabletas/Grageas"
"valsartan","160 mg comp.rec.x 30","SARVAL","Baliarda","Antihipertensivo","Comprimidos/Pastillas/Tabletas/Grageas"
"valsartan","320 mg comp.x 28","VALSARFEC","Fecofar","Antihipertensivo","Comprimidos/Pastillas/Tabletas/Grageas"
"valsartan","160 mg comp.rec.x 30","NICORVAS","Temis-LostalÂ¢","Antihipertensivo","Comprimidos/Pastillas/Tabletas/Grageas"
"valsartan","160 mg comp.x 30","VALSALEP","Lepetit","Antihipertensivo","Comprimidos/Pastillas/Tabletas/Grageas"
"valsartan","80 mg comp.rec.x 28","ALPERTAN","Adium","Antihipertensivo","Comprimidos/Pastillas/Tabletas/Grageas"
"valsartan","160 mg comp.rec.x 14","SEMANAR","Microsules Arg.","Antihipertensivo","Comprimidos/Pastillas/Tabletas/Grageas"
"valsartan","160 mg comp.rec.x 30","DILCORAN","Casasco","Antihipertensivo","Comprimidos/Pastillas/Tabletas/Grageas"
"valsartan+amlodipina","160/10 mg comp.x 28","HIPREX MAX","Teva Argentina","Antihipertensivo","Comprimidos/Pastillas/Tabletas/Grageas"
"valsartan+amlodipina","160/5 mg comp.rec.x 56","DILCORAN PLUS","Casasco","Antihipertensivo","Comprimidos/Pastillas/Tabletas/Grageas"
"valsartan+amlodipina","5/160 mg comp.rec.x 28","EXFORGE","Siegfried","Antihipertensivo","Comprimidos/Pastillas/Tabletas/Grageas"
"valsartan+amlodipina","160/10 mg comp.rec.x 30","DISARVAL","Baliarda","Antihipertensivo","Comprimidos/Pastillas/Tabletas/Grageas"
"valsartan+amlodipina","160/5 mg comp.rec.x 30","NICORVAS A","Temis-LostalÂ¢","Antihipertensivo","Comprimidos/Pastillas/Tabletas/Grageas"
"valsartan+amlodipina","160/5 mg comp.rec.x 28","RACORVAL A","Roemmers","Antihipertensivo","Comprimidos/Pastillas/Tabletas/Grageas"
"valsartan+amlodipina","160/5 mg comp.x 28","HIPREX MAX","Teva Argentina","Antihipertensivo","Comprimidos/Pastillas/Tabletas/Grageas"
"valsartan+amlodipina","5/160 mg comp.rec.x 14","EXFORGE","Siegfried","Antihipertensivo","Comprimidos/Pastillas/Tabletas/Grageas"
"valsartan+amlodipina","80/5 mg comp.x 30","SIMULTAN A","Lazar","Antihipertensivo","Comprimidos/Pastillas/Tabletas/Grageas"
"valsartan+amlodipina","5/80 mg comp.rec.x 28","EXFORGE","Siegfried","Antihipertensivo","Comprimidos/Pastillas/Tabletas/Grageas"
"valsartan+amlodipina","10/160 mg comp.x 28","NOSTER","Adium","Antihipertensivo","Comprimidos/Pastillas/Tabletas/Grageas"
"valsartan+amlodipina","160/5 mg comp.rec.x 30","DISARVAL","Baliarda","Antihipertensivo","Comprimidos/Pastillas/Tabletas/Grageas"
"valsartan+amlodipina","160/10 mg comp.rec.x 30","DIAPRESAN A","Montpellier","Antihipertensivo","Comprimidos/Pastillas/Tabletas/Grageas"
"valsartan+amlodipina","5/320 mg comp.x 28","NOSTER","Adium","Antihipertensivo","Comprimidos/Pastillas/Tabletas/Grageas"
"valsartan+amlodipina","160/10 mg comp.x 30","SIMULTAN A","Lazar","Antihipertensivo","Comprimidos/Pastillas/Tabletas/Grageas"
"valsartan+amlodipina","320/10 mg comp.x 30","SIMULTAN A","Lazar","Antihipertensivo","Comprimidos/Pastillas/Tabletas/Grageas"
"valsartan+amlodipina","5/160 mg comp.x 28","NOSTER","Adium","Antihipertensivo","Comprimidos/Pastillas/Tabletas/Grageas"
"valsartan+amlodipina","10/320 mg comp.rec.x 28","EXFORGE","Siegfried","Antihipertensivo","Comprimidos/Pastillas/Tabletas/Grageas"
"valsartan+amlodipina","160/5 mg comp.rec.x 30","DIAPRESAN A","Montpellier","Antihipertensivo","Comprimidos/Pastillas/Tabletas/Grageas"
"valsartan+amlodipina","160/5 mg comp.x 30","SIMULTAN A","Lazar","Antihipertensivo","Comprimidos/Pastillas/Tabletas/Grageas"
"valsartan+amlodipina","320/5 mg comp.x 30","SIMULTAN A","Lazar","Antihipertensivo","Comprimidos/Pastillas/Tabletas/Grageas"
"valsartan+amlodipina","5/320 mg comp.rec.x 28","EXFORGE","Siegfried","Antihipertensivo","Comprimidos/Pastillas/Tabletas/Grageas"
"valsartan+amlodipina","320/10 mg comp.rec.x 30","DISARVAL","Baliarda","Antihipertensivo","Comprimidos/Pastillas/Tabletas/Grageas"
"valsartan+amlodipina","160/10 mg comp.rec.x 28","DILCORAN PLUS","Casasco","Antihipertensivo","Comprimidos/Pastillas/Tabletas/Grageas"
"valsartan+amlodipina","160/10 mg comp.rec.x 56","DILCORAN PLUS","Casasco","Antihipertensivo","Comprimidos/Pastillas/Tabletas/Grageas"
"valsartan+amlodipina","10/160 mg comp.rec.x 28","EXFORGE","Siegfried","Antihipertensivo","Comprimidos/Pastillas/Tabletas/Grageas"
"valsartan+amlodipina","320/5 mg comp.rec.x 30","DISARVAL","Baliarda","Antihipertensivo","Comprimidos/Pastillas/Tabletas/Grageas"
"valsartan+amlodipina","160/5 mg comp.rec.x 28","DILCORAN PLUS","Casasco","Antihipertensivo","Comprimidos/Pastillas/Tabletas/Grageas"
"valsartan+hidrocloroti.+amlodip.","160/12.5/5 mg comp.x 30","DILCORAN PLUS D","Casasco","Antihipertensivo Diuretico","Comprimidos/Pastillas/Tabletas/Grageas"
"valsartan+hidrocloroti.+amlodip.","160/12.5/5 mg comp.x 28","EXFORGE D","Siegfried","Antihipertensivo","Comprimidos/Pastillas/Tabletas/Grageas"
"valsartan+hidrocloroti.+amlodip.","160/12.5/10 comp.rec.x30","SIMULTAN TRIPLE","Lazar","Antihipertensivo","Comprimidos/Pastillas/Tabletas/Grageas"
"valsartan+hidrocloroti.+amlodip.","160/12.5/10 mg comp.x 30","DISARVAL D","Baliarda","Antihipertensivo Diuretico","Comprimidos/Pastillas/Tabletas/Grageas"
"valsartan+hidrocloroti.+amlodip.","160/12.5/10 mg comp.x 30","DILCORAN PLUS D","Casasco","Antihipertensivo Diuretico","Comprimidos/Pastillas/Tabletas/Grageas"
"valsartan+hidrocloroti.+amlodip.","160/12.5/5 comp.rec.x30","SIMULTAN TRIPLE","Lazar","Antihipertensivo","Comprimidos/Pastillas/Tabletas/Grageas"
"valsartan+hidrocloroti.+amlodip.","160/12.5/5 mg comp.x 30","DISARVAL D","Baliarda","Antihipertensivo Diuretico","Comprimidos/Pastillas/Tabletas/Grageas"
"valsartan+hidrocloroti.+amlodip.","160/12.5/10 mg comp.x 28","NOSTER D","Adium","Antihipertensivo","Comprimidos/Pastillas/Tabletas/Grageas"
"valsartan+hidrocloroti.+amlodip.","160/12.5/5 mg comp.x 28","NOSTER D","Adium","Antihipertensivo","Comprimidos/Pastillas/Tabletas/Grageas"
"valsartan+hidrocloroti.+amlodip.","320/10/25mg comp.rec.x30","RACORVAL 3D","Roemmers","Antihipertensivo Diuretico","Comprimidos/Pastillas/Tabletas/Grageas"
"valsartan+hidrocloroti.+amlodip.","160/12.5/5 mg comp.x 30","DIAPRESAN TRIPLE","Montpellier","Antihipertensivo","Comprimidos/Pastillas/Tabletas/Grageas"
"valsartan+hidrocloroti.+amlodip.","320/25/10 mg comp.x 30","DISARVAL D","Baliarda","Antihipertensivo Diuretico","Comprimidos/Pastillas/Tabletas/Grageas"
"valsartan+hidrocloroti.+amlodip.","320/25/10 mg comp.x 28","NOSTER D","Adium","Antihipertensivo","Comprimidos/Pastillas/Tabletas/Grageas"
"valsartan+hidrocloroti.+amlodip.","160/5/12.5mg comp.recx28","RACORVAL 3D","Roemmers","Antihipertensivo Diuretico","Comprimidos/Pastillas/Tabletas/Grageas"
"valsartan+hidrocloroti.+amlodip.","160/25/10 mg comp.x 28","EXFORGE D","Siegfried","Antihipertensivo","Comprimidos/Pastillas/Tabletas/Grageas"
"valsartan+hidrocloroti.+amlodip.","160/12.5/10 mg comp.x 30","DIAPRESAN TRIPLE","Montpellier","Antihipertensivo","Comprimidos/Pastillas/Tabletas/Grageas"
"valsartan+hidrocloroti.+amlodip.","160/12.5/10 mg comp.x 28","EXFORGE D","Siegfried","Antihipertensivo","Comprimidos/Pastillas/Tabletas/Grageas"
"valsartan+hidrocloroti.+amlodip.","320/25/10 mg comp.x 28","EXFORGE D","Siegfried","Antihipertensivo","Comprimidos/Pastillas/Tabletas/Grageas"
"valsartan+hidrocloroti.+amlodip.","320/25/10 mg comp.x 30","DIAPRESAN TRIPLE","Montpellier","Antihipertensivo","Comprimidos/Pastillas/Tabletas/Grageas"
"valsartan+hidrocloroti.+amlodip.","320/25/10 mg comp.x 30","DILCORAN PLUS D","Casasco","Antihipertensivo Diuretico","Comprimidos/Pastillas/Tabletas/Grageas"
"valsartan+hidrocloroti.+amlodip.","160/25/5 mg comp.x 28","EXFORGE D","Siegfried","Antihipertensivo","Comprimidos/Pastillas/Tabletas/Grageas"
"valsartan+hidrocloroti.+amlodip.","320/25/10 comp.rec.x 30","SIMULTAN TRIPLE","Lazar","Antihipertensivo","Comprimidos/Pastillas/Tabletas/Grageas"
"valsartan+hidroclorotiazida","80/12.5 mg comp.rec.x 30","DIAPRESAN D","Montpellier","Antihipertensivo","Comprimidos/Pastillas/Tabletas/Grageas"
"valsartan+hidroclorotiazida","160/12.5mg comp.rec.x 30","PALIAX D","Gador","Antihipertensivo Diuretico","Comprimidos/Pastillas/Tabletas/Grageas"
"valsartan+hidroclorotiazida","80/12.5 mg comp.x 30","COROSAN D","Elea","Antihipertensivo Diuretico","Comprimidos/Pastillas/Tabletas/Grageas"
"valsartan+hidroclorotiazida","160/25 mg comp.rec.x 30","SARVAL D 160/25","Baliarda","Antihipertensivo Diuretico","Comprimidos/Pastillas/Tabletas/Grageas"
"valsartan+hidroclorotiazida","320/25 mg comp.rec.x 30","SIMULTAN D","Lazar","Antihipertensivo Diuretico","Comprimidos/Pastillas/Tabletas/Grageas"
"valsartan+hidroclorotiazida","160/12.5 mg comp.rec.x28","DILCORAN D","Casasco","Antihipertensivo Diuretico","Comprimidos/Pastillas/Tabletas/Grageas"
"valsartan+hidroclorotiazida","160/12.5 mg comp.rec.x30","SARVAL D 160/12.5","Baliarda","Antihipertensivo Diuretico","Comprimidos/Pastillas/Tabletas/Grageas"
"valsartan+hidroclorotiazida","80/12.5 mg comp.rec.x 30","PALIAX D","Gador","Antihipertensivo Diuretico","Comprimidos/Pastillas/Tabletas/Grageas"
"valsartan+hidroclorotiazida","160/12.5 mg comp.rec.x28","RACORVAL D","Roemmers","Antihipertensivo Diuretico","Comprimidos/Pastillas/Tabletas/Grageas"
"valsartan+hidroclorotiazida","80/12.5 mg comp.rec.x 28","DIOVAN D","Siegfried","Antihipertensivo Diuretico","Comprimidos/Pastillas/Tabletas/Grageas"
"valsartan+hidroclorotiazida","320/25 mg comp.rec.x30","DIAPRESAN D","Montpellier","Antihipertensivo","Comprimidos/Pastillas/Tabletas/Grageas"
"valsartan+hidroclorotiazida","320/12.5mg comp.rec.x 30","SIMULTAN D","Lazar","Antihipertensivo Diuretico","Comprimidos/Pastillas/Tabletas/Grageas"
"valsartan+hidroclorotiazida","320/12.5 mg comp.rec.x28","DIOVAN D","Siegfried","Antihipertensivo Diuretico","Comprimidos/Pastillas/Tabletas/Grageas"
"valsartan+hidroclorotiazida","80/12.5 mg comp.rec.x 28","DILCORAN D","Casasco","Antihipertensivo Diuretico","Comprimidos/Pastillas/Tabletas/Grageas"
"valsartan+hidroclorotiazida","80/12.5 mg comp.rec.x 30","SARVAL D 80/12.5","Baliarda","Antihipertensivo Diuretico","Comprimidos/Pastillas/Tabletas/Grageas"
"valsartan+hidroclorotiazida","80/12.5 mg comp.rec.x 28","RACORVAL D","Roemmers","Antihipertensivo Diuretico","Comprimidos/Pastillas/Tabletas/Grageas"
"valsartan+hidroclorotiazida","80/12.5 mg comp.rec.x 30","SIMULTAN D","Lazar","Antihipertensivo Diuretico","Comprimidos/Pastillas/Tabletas/Grageas"
"valsartan+hidroclorotiazida","320/12.5 mg comp.rec.x30","DIAPRESAN D","Montpellier","Antihipertensivo","Comprimidos/Pastillas/Tabletas/Grageas"
"valsartan+hidroclorotiazida","80/12.5 mg comp.rec.x30","NICORVAS DIUR","Temis-LostalÂ¢","Antihipertensivo Diuretico","Comprimidos/Pastillas/Tabletas/Grageas"
"valsartan+hidroclorotiazida","160/25mg comp.x 28","VALSARFEC D","Fecofar","Antihipertensivo","Comprimidos/Pastillas/Tabletas/Grageas"
"valsartan+hidroclorotiazida","160/12.5 mg comp.rec.x56","DILCORAN D","Casasco","Antihipertensivo Diuretico","Comprimidos/Pastillas/Tabletas/Grageas"
"valsartan+hidroclorotiazida","160/12.5 mg comp.rec.x28","DIOVAN D","Siegfried","Antihipertensivo Diuretico","Comprimidos/Pastillas/Tabletas/Grageas"
"valsartan+hidroclorotiazida","160/25 mg comp.x 30","VALSALEP D","Lepetit","Antihipertensivo","Comprimidos/Pastillas/Tabletas/Grageas"
"valsartan+hidroclorotiazida","160/12.5 mg comp.rec.x28","ALPERTAN D","Adium","Antihipertensivo Diuretico","Comprimidos/Pastillas/Tabletas/Grageas"
"valsartan+hidroclorotiazida","320/25 mg comp.rec.x28","ALPERTAN D","Adium","Antihipertensivo Diuretico","Comprimidos/Pastillas/Tabletas/Grageas"
"valsartan+hidroclorotiazida","160/25 mg comp.rec.x 28","DIOVAN D","Siegfried","Antihipertensivo Diuretico","Comprimidos/Pastillas/Tabletas/Grageas"
"valsartan+hidroclorotiazida","160/25 mg comp.rec.x30","NICORVAS DIUR","Temis-LostalÂ¢","Antihipertensivo Diuretico","Comprimidos/Pastillas/Tabletas/Grageas"
"valsartan+hidroclorotiazida","160/25 mg comp.rec.x30","DIAPRESAN D","Montpellier","Antihipertensivo","Comprimidos/Pastillas/Tabletas/Grageas"
"valsartan+hidroclorotiazida","160/12.5mg comp.rec.x 30","SIMULTAN D","Lazar","Antihipertensivo Diuretico","Comprimidos/Pastillas/Tabletas/Grageas"
"valsartan+hidroclorotiazida","320/25 mg comp.rec.x 30","PALIAX D","Gador","Antihipertensivo Diuretico","Comprimidos/Pastillas/Tabletas/Grageas"
"valsartan+hidroclorotiazida","160/12.5 mg comp.x 28","VALSARFEC D","Fecofar","Antihipertensivo","Comprimidos/Pastillas/Tabletas/Grageas"
"valsartan+hidroclorotiazida","80/12.5 mg comp.rec.x 56","DILCORAN D","Casasco","Antihipertensivo Diuretico","Comprimidos/Pastillas/Tabletas/Grageas"
"valsartan+hidroclorotiazida","320/25 mg comp.rec.x30","SARVAL D 320/25","Baliarda","Antihipertensivo Diuretico","Comprimidos/Pastillas/Tabletas/Grageas"
"valsartan+hidroclorotiazida","160/12.5 mg comp.rec.x14","DIOVAN D","Siegfried","Antihipertensivo Diuretico","Comprimidos/Pastillas/Tabletas/Grageas"
"valsartan+hidroclorotiazida","160/12.5 mg comp.x 30","VALSALEP D","Lepetit","Antihipertensivo","Comprimidos/Pastillas/Tabletas/Grageas"
"valsartan+hidroclorotiazida","80/12.5 mg comp.rec.x 28","ALPERTAN D","Adium","Antihipertensivo Diuretico","Comprimidos/Pastillas/Tabletas/Grageas"
"valsartan+hidroclorotiazida","320/12.5 mg comp.rec.x28","ALPERTAN D","Adium","Antihipertensivo Diuretico","Comprimidos/Pastillas/Tabletas/Grageas"
"valsartan+hidroclorotiazida","160/12.5 mg comp.rec.x30","DIAPRESAN D","Montpellier","Antihipertensivo","Comprimidos/Pastillas/Tabletas/Grageas"
"valsartan+hidroclorotiazida","160/25 mg comp.rec.x 30","SIMULTAN D","Lazar","Antihipertensivo Diuretico","Comprimidos/Pastillas/Tabletas/Grageas"
"valsartan+hidroclorotiazida","160/25 mg comp.rec.x 30","PALIAX D","Gador","Antihipertensivo Diuretico","Comprimidos/Pastillas/Tabletas/Grageas"
"valsartan+hidroclorotiazida","160/12.5 mg comp.x 30","COROSAN D","Elea","Antihipertensivo Diuretico","Comprimidos/Pastillas/Tabletas/Grageas"
"valsartan+hidroclorotiazida","320/12.5 mg comp.rec.x30","SARVAL D 320/12.5","Baliarda","Antihipertensivo Diuretico","Comprimidos/Pastillas/Tabletas/Grageas"
"valsartan+hidroclorotiazida","320/25 mg comp.rec.x 28","DIOVAN D","Siegfried","Antihipertensivo Diuretico","Comprimidos/Pastillas/Tabletas/Grageas"
"valsartan+hidroclorotiazida","80/12.5 mg comp.x 30","VALSALEP D","Lepetit","Antihipertensivo","Comprimidos/Pastillas/Tabletas/Grageas"
"verapamilo","80 mg comp.rec.x 30","ISOPTINO","Abbott EPD","Antiisquemico Antianginoso","Comprimidos/Pastillas/Tabletas/Grageas"
"verapamilo","240 mg comp. rec.x 30","ISOPTINO MD","Abbott EPD","Antihipertensivo","Comprimidos/Pastillas/Tabletas/Grageas"
"verapamilo","rtd.240 mg comp.x 30","VERAL","Siegfried","Antiisquemico Antianginoso","Comprimidos/Pastillas/Tabletas/Grageas"
"verapamilo","120 mg comp.rec.x 20","ISOPTINO RETARD","Abbott EPD","Antiisquemico Antianginoso","CÂ ps./Comp. de LiberaciÂ¢n Controlada"
"vigabatrin","500 mg comp.x 60","SABRIL","Sanofi-Aventis","Antiepileptico","Comprimidos/Pastillas/Tabletas/Grageas"
"virus atenuados varicela","f.a.+jga.prell.","VARILRIX","GlaxoSmithKline","Vacuna contra la varicela","Ampollas/Frascos-Ampolla/Liofilizados/Soluc.Parent"
"virus atenuados varicela","f.a.x 0.5 ml+f.diluy.","VARIVAX","MSD Argentina S","Vacuna contra la varicela","Ampollas/Frascos-Ampolla/Liofilizados/Soluc.Parent"
"virus saram.+parotiditis+rubeola","iny.liof.f.a.x 1+jga.","MMR II","MSD Argentina S","Vacuna SRP (saramp/rubeol/paper)","Ampollas/Frascos-Ampolla/Liofilizados/Soluc.Parent"
"virus sarampiÂ¢n+papera+rubâola+v","vial liof.x 1+1 disolv.","PROQUAD","MSD Argentina S","Vacuna","Ampollas/Frascos-Ampolla/Liofilizados/Soluc.Parent"
"vit.a+vit.c+vit.d","sol.oral x 20 ml","ADECONCE","Lafedar","Vitaminico","Gotas orales"
"vit.a+vit.c+vit.d","sol.x 20 ml","TRI VI SOL","Siegfried","Vitaminico","Gotas orales"
"vit.a+vit.c+vit.d","sol.x 20 ml","OSTELIN ACD","Ethical Nutriti","Vitaminico","Gotas orales"
"vit.a+vit.c+vit.d","sol.x 20 ml","VITADECE","Klonal","Vitaminico","Gotas orales"
"vit.a+vit.c+vit.d+fluor","sol.x 30 ml","TRI VI FLUOR","Siegfried","Polivitaminico","Gotas orales"
"vit.a+vit.c+vit.d+fluor","sol.x 30 ml","TANVIMIL ACD FLUOR","Megalabs Argent","Polivitaminico","Gotas orales"
"vit.b,complejo","comp.laq.x 30","COBENEXOL FUERTE","Bayer Consumer","Antineuritico","Comprimidos/Pastillas/Tabletas/Grageas"
"vit.b,complejo","10000 mcg iny.f.a.x 3","BAGO B1 B6 B12","BagÂ¢","Reconstituyente gral.","Ampollas/Frascos-Ampolla/Liofilizados/Soluc.Parent"
"vit.b,complejo","5000 mcg comp.x 30","BAGO B1 B6 B12","BagÂ¢","Reconstituyente gral.","Comprimidos/Pastillas/Tabletas/Grageas"
"vit.d","fco.gotero x 4 ml","RAQUIFEROL","Roemmers","Vitaminoterapia d","Gotas orales"
"vit.d","gts.x 10 ml","DENURIX","DomÂ¡nguez","Vitaminoterapia d","Gotas orales"
"vit.d","gts.x 10 ml","OSTELIN POTENCIA","Ethical Nutriti","Vitaminoterapia d","Gotas orales"
"vit.d","gts.x 4 ml","DENURIX","DomÂ¡nguez","Vitaminoterapia d","Gotas orales"
"vit.d3","f.a.bebible x 2 ml","AVITREX VITAMINA D3","Eczane","Vitaminoterapia d","Ampollas bebibles"
"vit.d3","cÂ ps.x 1","OSTEODYN","Montpellier","Vitaminoterapia d","CÂ psulas/Softgels"
"vit.d3","f.a.beb.x 2 ml","STEROGYL","Ariston","Vitaminoterapia d","Ampollas bebibles"
"vit.d3","sol.oral x 2 ml","TESTRI","Elea","Vitaminoterapia d","Ampollas bebibles"
"vit.d3","cÂ ps.duras x 3","TRIP D3","Siegfried","Vitaminoterapia d","CÂ psulas/Softgels"
"vit.d3","50000 UI cÂ ps.bl.x 1","SUBICAL CB","Laboratorios Be","Vitaminoterapia d","CÂ psulas/Softgels"
"vit.d3","25000 UIÃ¿cÂ ps.bl. x 4","RAQUIFEROL D3 MINI CAPS","Roemmers","Vitaminoterapia d","CÂ psulas/Softgels"
"vit.d3","cÂ ps.blanda x 1","ORAVIL CB","Trb-Pharma","Vitaminoterapia d","CÂ psulas/Softgels"
"vit.d3","sol.oral x 4 ml","STEROGYL 1000","Ariston","Vitaminoterapia d","Jarabe/SuspensiÂ¢n oral/Polvo para uso oral"
"vit.d3","fco.gotero x 4 ml","RAQUIFEROL D3","Roemmers","Vitaminoterapia d","Gotas orales"
"vit.d3","sol.oral x 2 ml","CALCITOL D3","Siegfried","Vitaminoterapia d","Ampollas bebibles"
"vit.d3","cÂ ps.bl.x 5","DEVISAL CB 20000","Baliarda","Vitaminoterapia d","CÂ psulas/Softgels"
"vit.d3","cÂ ps.dura x 1","TRIP D3","Siegfried","Vitaminoterapia d","CÂ psulas/Softgels"
"vit.d3","cÂ ps.blandas x 4","CRADA","Casasco","Vitaminoterapia d","CÂ psulas/Softgels"
"vit.d3","cÂ ps.bl.x 1","DEVISAL CB","Baliarda","Vitaminoterapia d","CÂ psulas/Softgels"
"vit.d3","50000 UIÃ¿cÂ ps.bl. x 2","GADOFEROL CB","Gador","Vitaminoterapia d","CÂ psulas/Softgels"
"vit.d3","sol.oral x 2 ml","CRADA","Casasco","Vitaminoterapia d","Ampollas bebibles"
"vit.d3","cÂ ps.bl.x 2","DEBLAX","Adium","Vitaminoterapia d","CÂ psulas/Softgels"
"vit.d3","cÂ ps.bl.x 2","DEVISAL CB 20000","Baliarda","Vitaminoterapia d","CÂ psulas/Softgels"
"vit.d3","100000 UI cÂ ps.bl.x 2","SUBICAL CB","Laboratorios Be","Vitaminoterapia d","CÂ psulas/Softgels"
"vit.d3","25000 UI cÂ ps.bl.x 4","SUBICAL CB 25000","Laboratorios Be","Vitaminoterapia d","CÂ psulas/Softgels"
"vit.d3","sol.oral x 10 ml","STEROGYL 400","Ariston","Vitaminoterapia d","Jarabe/SuspensiÂ¢n oral/Polvo para uso oral"
"vit.d3","cÂ ps.bl.x 2","DEVISAL CB 50000","Baliarda","Vitaminoterapia d","CÂ psulas/Softgels"
"vit.d3","cÂ ps.bl.x 2","DEVISAL CB","Baliarda","Vitaminoterapia d","CÂ psulas/Softgels"
"vit.d3","cÂ ps.blandas x 3","CRADA","Casasco","Vitaminoterapia d","CÂ psulas/Softgels"
"vit.d3","100000 UIÃ¿cÂ ps.bl. x 2","GADOFEROL CB","Gador","Vitaminoterapia d","CÂ psulas/Softgels"
"vit.d3","cÂ ps.bl.x 1","DEBLAX","Adium","Vitaminoterapia d","CÂ psulas/Softgels"
"vit.d3","f.a.bebible x 2 ml","OXIVITAL","Lafedar","Vitaminoterapia d","Ampollas bebibles"
"vit.d3","100.000 UI cÂ ps. x 3","TESTRI CB","Elea","Vitaminoterapia d","CÂ psulas/Softgels"
"vit.d3","cÂ ps.bl.x 4","DEVISAL CB","Baliarda","Vitaminoterapia d","CÂ psulas/Softgels"
"vit.d3","sol.oral x 2 ml","GADOFEROL","Gador","Vitaminoterapia d","Ampollas bebibles"
"vit.d3","100000 UI cÂ ps.bl.x 1","SUBICAL CB","Laboratorios Be","Vitaminoterapia d","CÂ psulas/Softgels"
"vit.d3","100.000 UI f.a.x 2 ml","SUBICAL SOLUCION ORAL","Laboratorios Be","Vitaminoterapia d","Ampollas bebibles"
"vit.d3","5600 UI cÂ ps.bl.x 4","SUBICAL CB 5600","Laboratorios Be","Vitaminoterapia d","CÂ psulas/Softgels"
"vit.d3","100000 UIÃ¿cÂ ps.bl. x 4","RAQUIFEROL D3","Roemmers","Vitaminoterapia d","CÂ psulas/Softgels"
"vit.d3","cÂ ps.blandas x 2","CRADA","Casasco","Vitaminoterapia d","CÂ psulas/Softgels"
"vit.d3","fco.gotero x 6 ml","ORAVIL GOTAS","Trb-Pharma","Vitaminoterapia d","Gotas orales"
"vit.d3","100000 UIÃ¿cÂ ps.bl. x 1","GADOFEROL CB","Gador","Vitaminoterapia d","CÂ psulas/Softgels"
"vit.d3","f.a.bebible x 2 ml","DEVISAL","Baliarda","Vitaminoterapia d","Ampollas bebibles"
"vit.d3","100.000 UI cÂ ps. x 1","TESTRI CB","Elea","Vitaminoterapia d","CÂ psulas/Softgels"
"vit.d3","f.a.beb.x 2 ml","ORAVIL","Trb-Pharma","Vitaminoterapia d","Ampollas bebibles"
"vit.d3","800 UI cÂ ps.bl.x 28","SUBICAL CB 800","Laboratorios Be","Vitaminoterapia d","CÂ psulas/Softgels"
"vit.d3","sol.oral x 2 ml","RAQUIFEROL D3","Roemmers","Vitaminoterapia d","Ampollas bebibles"
"vit.d3","sol.oral x 2 ml","OSTEODYN","Montpellier","Vitaminoterapia d","Ampollas bebibles"
"vit.d3","100000 UIÃ¿cÂ ps.bl. x 2","RAQUIFEROL D3","Roemmers","Vitaminoterapia d","CÂ psulas/Softgels"
"vit.d3","cÂ ps.blanda x 1","CRADA","Casasco","Vitaminoterapia d","CÂ psulas/Softgels"
"vit.d3","100000 UIÃ¿cÂ ps.bl. x 4","GADOFEROL CB","Gador","Vitaminoterapia d","CÂ psulas/Softgels"
"vit.d3","cÂ ps.x 2","OSTEODYN","Montpellier","Vitaminoterapia d","CÂ psulas/Softgels"
"vit.d3","cÂ ps.blandas x 2","ORAVIL CB","Trb-Pharma","Vitaminoterapia d","CÂ psulas/Softgels"
"vit.d3","100000 UIÃ¿cÂ ps.bl. x 1","RAQUIFEROL D3","Roemmers","Vitaminoterapia d","CÂ psulas/Softgels"
"vonoprazan","20 mg comp.rec.x 30","VOZAMA","Adium","Antiulceroso","Comprimidos/Pastillas/Tabletas/Grageas"
"vonoprazan","10 mg comp.rec.x 30","VOZAMA","Adium","Antiulceroso","Comprimidos/Pastillas/Tabletas/Grageas"
"warfarina","2 mg comp.x 20","CIRCUVIT","Ariston","Anticoagulante","Comprimidos/Pastillas/Tabletas/Grageas"
"warfarina","5 mg comp.x 50","CIRCUVIT","Ariston","Anticoagulante","Comprimidos/Pastillas/Tabletas/Grageas"
"warfarina","2 mg comp.x 50","CIRCUVIT","Ariston","Anticoagulante","Comprimidos/Pastillas/Tabletas/Grageas"
"warfarina","5 mg comp.x 20","CIRCUVIT","Ariston","Anticoagulante","Comprimidos/Pastillas/Tabletas/Grageas"
"zolpidem","10 mg comp.subl.x 30","NOCTE 10","BagÂ¢","Hipnotico no benzodiazepinico","Comprimidos/Pastillas/Tabletas/Grageas"
"zolpidem","10 mg tab.x 30","ZOLPIDEM TEVA","Teva Argentina","Hipnotico no benzodiazepinico","Comprimidos/Pastillas/Tabletas/Grageas"
"zolpidem","10 mg comp.x 30","SOMIT","Gador","Hipnotico no benzodiazepinico","Comprimidos/Pastillas/Tabletas/Grageas"
"zolpidem","10 mg comp.rec.x 30","ZOLDEM","Biotechno Pharm","Hipnotico no benzodiazepinico","Comprimidos/Pastillas/Tabletas/Grageas"
"zolpidem","10 mg comp.rec.x 30","ZOLODORM","Richmond","Hipnotico no benzodiazepinico","Comprimidos/Pastillas/Tabletas/Grageas"
"zolpidem","10 mg comp.x 30","ZOLPIDEM VANNIER","Vannier","Hipnotico no benzodiazepinico","Comprimidos/Pastillas/Tabletas/Grageas"
"zolpidem","10 mg comp.x 30","SUMENAN","Ariston","Hipnotico no benzodiazepinico","Comprimidos/Pastillas/Tabletas/Grageas"
"zolpidem","10 mg comp.ran.x 30","DORMILAN","Baliarda","Hipnotico no benzodiazepinico","Comprimidos/Pastillas/Tabletas/Grageas"
"zolpidem","10 mg comp.x 30","NOCTE 10","BagÂ¢","Hipnotico no benzodiazepinico","Comprimidos/Pastillas/Tabletas/Grageas"
"zolpidem","10 mg comp.x 30","DORMI-ROS","Rospaw","Hipnotico no benzodiazepinico","Comprimidos/Pastillas/Tabletas/Grageas"
"zolpidem","5 mg comp.x 30","SOMIT","Gador","Hipnotico no benzodiazepinico","Comprimidos/Pastillas/Tabletas/Grageas"
"zolpidem","10 mg comp.x 30","ZOLIP","Lafedar","Hipnotico no benzodiazepinico","Comprimidos/Pastillas/Tabletas/Grageas"