T,N,M,Classification,DescY,DescR,DescM,Grade,HER2,ER,PR,Stage
ANY,ANY,M1,ANY,ANY,ANY,ANY,ANY,ANY,ANY,ANY,IV
Tis,N0,M0,a,ANY,ANY,ANY,ANY,ANY,ANY,ANY,0
T1,N0,M0,a,ANY,ANY,ANY,ANY,ANY,ANY,ANY,IA
T1mi,N0,M0,a,ANY,ANY,ANY,ANY,ANY,ANY,ANY,IA
T1a,N0,M0,a,ANY,ANY,ANY,ANY,ANY,ANY,ANY,IA
T1b,N0,M0,a,ANY,ANY,ANY,ANY,ANY,ANY,ANY,IA
T1c,N0,M0,a,ANY,ANY,ANY,ANY,ANY,ANY,ANY,IA
T0,N1mi,M0,a,ANY,ANY,ANY,ANY,ANY,ANY,ANY,IB
T1,N1mi,M0,a,ANY,ANY,ANY,ANY,ANY,ANY,ANY,IB
T1mi,N1mi,M0,a,ANY,ANY,ANY,ANY,ANY,ANY,ANY,IB
T1a,N1mi,M0,a,ANY,ANY,ANY,ANY,ANY,ANY,ANY,IB
T1b,N1mi,M0,a,ANY,ANY,ANY,ANY,ANY,ANY,ANY,IB
T1c,N1mi,M0,a,ANY,ANY,ANY,ANY,ANY,ANY,ANY,IB
T0,N1,M0,a,ANY,ANY,ANY,ANY,ANY,ANY,ANY,IIA
T0,N1a,M0,a,ANY,ANY,ANY,ANY,ANY,ANY,ANY,IIA
T0,N1b,M0,a,ANY,ANY,ANY,ANY,ANY,ANY,ANY,IIA
T0,N1c,M0,a,ANY,ANY,ANY,ANY,ANY,ANY,ANY,IIA
T1,N1,M0,a,ANY,ANY,ANY,ANY,ANY,ANY,ANY,IIA
T1,N1a,M0,a,ANY,ANY,ANY,ANY,ANY,ANY,ANY,IIA
T1,N1b,M0,a,ANY,ANY,ANY,ANY,ANY,ANY,ANY,IIA
T1,N1c,M0,a,ANY,ANY,ANY,ANY,ANY,ANY,ANY,IIA
T1mi,N1,M0,a,ANY,ANY,ANY,ANY,ANY,ANY,ANY,IIA
T1mi,N1a,M0,a,ANY,ANY,ANY,ANY,ANY,ANY,ANY,IIA
T1mi,N1b,M0,a,ANY,ANY,ANY,ANY,ANY,ANY,ANY,IIA
T1mi,N1c,M0,a,ANY,ANY,ANY,ANY,ANY,ANY,ANY,IIA
T1a,N1,M0,a,ANY,ANY,ANY,ANY,ANY,ANY,ANY,IIA
T1a,N1a,M0,a,ANY,ANY,ANY,ANY,ANY,ANY,ANY,IIA
T1a,N1b,M0,a,ANY,ANY,ANY,ANY,ANY,ANY,ANY,IIA
T1a,N1c,M0,a,ANY,ANY,ANY,ANY,ANY,ANY,ANY,IIA
T1b,N1,M0,a,ANY,ANY,ANY,ANY,ANY,ANY,ANY,IIA
T1b,N1a,M0,a,ANY,ANY,ANY,ANY,ANY,ANY,ANY,IIA
T1b,N1b,M0,a,ANY,ANY,ANY,ANY,ANY,ANY,ANY,IIA
T1b,N1c,M0,a,ANY,ANY,ANY,ANY,ANY,ANY,ANY,IIA
T1c,N1,M0,a,ANY,ANY,ANY,ANY,ANY,ANY,ANY,IIA
T1c,N1a,M0,a,ANY,ANY,ANY,ANY,ANY,ANY,ANY,IIA
T1c,N1b,M0,a,ANY,ANY,ANY,ANY,ANY,ANY,ANY,IIA
T1c,N1c,M0,a,ANY,ANY,ANY,ANY,ANY,ANY,ANY,IIA
T2,N0,M0,a,ANY,ANY,ANY,ANY,ANY,ANY,ANY,IIA
T2,N1,M0,a,ANY,ANY,ANY,ANY,ANY,ANY,ANY,IIB
T2,N1a,M0,a,ANY,ANY,ANY,ANY,ANY,ANY,ANY,IIB
T2,N1b,M0,a,ANY,ANY,ANY,ANY,ANY,ANY,ANY,IIB
T2,N1c,M0,a,ANY,ANY,ANY,ANY,ANY,ANY,ANY,IIB
T3,N0,M0,a,ANY,ANY,ANY,ANY,ANY,ANY,ANY,IIB
T0,N2,M0,a,ANY,ANY,ANY,ANY,ANY,ANY,ANY,IIIA
T0,N2a,M0,a,ANY,ANY,ANY,ANY,ANY,ANY,ANY,IIIA
T0,N2b,M0,a,ANY,ANY,ANY,ANY,ANY,ANY,ANY,IIIA
T1,N2,M0,a,ANY,ANY,ANY,ANY,ANY,ANY,ANY,IIIA
T1,N2a,M0,a,ANY,ANY,ANY,ANY,ANY,ANY,ANY,IIIA
T1,N2b,M0,a,ANY,ANY,ANY,ANY,ANY,ANY,ANY,IIIA
T1mi,N2,M0,a,ANY,ANY,ANY,ANY,ANY,ANY,ANY,IIIA
T1mi,N2a,M0,a,ANY,ANY,ANY,ANY,ANY,ANY,ANY,IIIA
T1mi,N2b,M0,a,ANY,ANY,ANY,ANY,ANY,ANY,ANY,IIIA
T1a,N2,M0,a,ANY,ANY,ANY,ANY,ANY,ANY,ANY,IIIA
T1a,N2a,M0,a,ANY,ANY,ANY,ANY,ANY,ANY,ANY,IIIA
T1a,N2b,M0,a,ANY,ANY,ANY,ANY,ANY,ANY,ANY,IIIA
T1b,N2,M0,a,ANY,ANY,ANY,ANY,ANY,ANY,ANY,IIIA
T1b,N2a,M0,a,ANY,ANY,ANY,ANY,ANY,ANY,ANY,IIIA
T1b,N2b,M0,a,ANY,ANY,ANY,ANY,ANY,ANY,ANY,IIIA
T1c,N2,M0,a,ANY,ANY,ANY,ANY,ANY,ANY,ANY,IIIA
T1c,N2a,M0,a,ANY,ANY,ANY,ANY,ANY,ANY,ANY,IIIA
T1c,N2b,M0,a,ANY,ANY,ANY,ANY,ANY,ANY,ANY,IIIA
T2,N2,M0,a,ANY,ANY,ANY,ANY,ANY,ANY,ANY,IIIA
T2,N2a,M0,a,ANY,ANY,ANY,ANY,ANY,ANY,ANY,IIIA
T2,N2b,M0,a,ANY,ANY,ANY,ANY,ANY,ANY,ANY,IIIA
T3,N1,M0,a,ANY,ANY,ANY,ANY,ANY,ANY,ANY,IIIA
T3,N1a,M0,a,ANY,ANY,ANY,ANY,ANY,ANY,ANY,IIIA
T3,N1b,M0,a,ANY,ANY,ANY,ANY,ANY,ANY,ANY,IIIA
T3,N1c,M0,a,ANY,ANY,ANY,ANY,ANY,ANY,ANY,IIIA
T3,N2,M0,a,ANY,ANY,ANY,ANY,ANY,ANY,ANY,IIIA
T3,N2a,M0,a,ANY,ANY,ANY,ANY,ANY,ANY,ANY,IIIA
T3,N2b,M0,a,ANY,ANY,ANY,ANY,ANY,ANY,ANY,IIIA
T4,N0,M0,a,ANY,ANY,ANY,ANY,ANY,ANY,ANY,IIIB
T4a,N0,M0,a,ANY,ANY,ANY,ANY,ANY,ANY,ANY,IIIB
T4b,N0,M0,a,ANY,ANY,ANY,ANY,ANY,ANY,ANY,IIIB
T4c,N0,M0,a,ANY,ANY,ANY,ANY,ANY,ANY,ANY,IIIB
T4d,N0,M0,a,ANY,ANY,ANY,ANY,ANY,ANY,ANY,IIIB
T4,N1,M0,a,ANY,ANY,ANY,ANY,ANY,ANY,ANY,IIIB
T4,N1a,M0,a,ANY,ANY,ANY,ANY,ANY,ANY,ANY,IIIB
T4,N1b,M0,a,ANY,ANY,ANY,ANY,ANY,ANY,ANY,IIIB
T4,N1c,M0,a,ANY,ANY,ANY,ANY,ANY,ANY,ANY,IIIB
T4a,N1,M0,a,ANY,ANY,ANY,ANY,ANY,ANY,ANY,IIIB
T4a,N1a,M0,a,ANY,ANY,ANY,ANY,ANY,ANY,ANY,IIIB
T4a,N1b,M0,a,ANY,ANY,ANY,ANY,ANY,ANY,ANY,IIIB
T4a,N1c,M0,a,ANY,ANY,ANY,ANY,ANY,ANY,ANY,IIIB
T4b,N1,M0,a,ANY,ANY,ANY,ANY,ANY,ANY,ANY,IIIB
T4b,N1a,M0,a,ANY,ANY,ANY,ANY,ANY,ANY,ANY,IIIB
T4b,N1b,M0,a,ANY,ANY,ANY,ANY,ANY,ANY,ANY,IIIB
T4b,N1c,M0,a,ANY,ANY,ANY,ANY,ANY,ANY,ANY,IIIB
T4c,N1,M0,a,ANY,ANY,ANY,ANY,ANY,ANY,ANY,IIIB
T4c,N1a,M0,a,ANY,ANY,ANY,ANY,ANY,ANY,ANY,IIIB
T4c,N1b,M0,a,ANY,ANY,ANY,ANY,ANY,ANY,ANY,IIIB
T4c,N1c,M0,a,ANY,ANY,ANY,ANY,ANY,ANY,ANY,IIIB
T4d,N1,M0,a,ANY,ANY,ANY,ANY,ANY,ANY,ANY,IIIB
T4d,N1a,M0,a,ANY,ANY,ANY,ANY,ANY,ANY,ANY,IIIB
T4d,N1b,M0,a,ANY,ANY,ANY,ANY,ANY,ANY,ANY,IIIB
T4d,N1c,M0,a,ANY,ANY,ANY,ANY,ANY,ANY,ANY,IIIB
T4,N2,M0,a,ANY,ANY,ANY,ANY,ANY,ANY,ANY,IIIB
T4,N2a,M0,a,ANY,ANY,ANY,ANY,ANY,ANY,ANY,IIIB
T4,N2b,M0,a,ANY,ANY,ANY,ANY,ANY,ANY,ANY,IIIB
T4a,N2,M0,a,ANY,ANY,ANY,ANY,ANY,ANY,ANY,IIIB
T4a,N2a,M0,a,ANY,ANY,ANY,ANY,ANY,ANY,ANY,IIIB
T4a,N2b,M0,a,ANY,ANY,ANY,ANY,ANY,ANY,ANY,IIIB
T4b,N2,M0,a,ANY,ANY,ANY,ANY,ANY,ANY,ANY,IIIB
T4b,N2a,M0,a,ANY,ANY,ANY,ANY,ANY,ANY,ANY,IIIB
T4b,N2b,M0,a,ANY,ANY,ANY,ANY,ANY,ANY,ANY,IIIB
T4c,N2,M0,a,ANY,ANY,ANY,ANY,ANY,ANY,ANY,IIIB
T4c,N2a,M0,a,ANY,ANY,ANY,ANY,ANY,ANY,ANY,IIIB
T4c,N2b,M0,a,ANY,ANY,ANY,ANY,ANY,ANY,ANY,IIIB
T4d,N2,M0,a,ANY,ANY,ANY,ANY,ANY,ANY,ANY,IIIB
T4d,N2a,M0,a,ANY,ANY,ANY,ANY,ANY,ANY,ANY,IIIB
T4d,N2b,M0,a,ANY,ANY,ANY,ANY,ANY,ANY,ANY,IIIB
ANY,N3,M0,a,ANY,ANY,ANY,ANY,ANY,ANY,ANY,IIIC
ANY,N3a,M0,a,ANY,ANY,ANY,ANY,ANY,ANY,ANY,IIIC
ANY,N3b,M0,a,ANY,ANY,ANY,ANY,ANY,ANY,ANY,IIIC
ANY,N3c,M0,a,ANY,ANY,ANY,ANY,ANY,ANY,ANY,IIIC
Tis,N0,M0,c,ANY,ANY,ANY,ANY,ANY,ANY,ANY,0
T1,N0,M0,c,ANY,ANY,ANY,G1,Positive,Positive,Positive,IA
T1mi,N0,M0,c,ANY,ANY,ANY,G1,Positive,Positive,Positive,IA
T1a,N0,M0,c,ANY,ANY,ANY,G1,Positive,Positive,Positive,IA
T1b,N0,M0,c,ANY,ANY,ANY,G1,Positive,Positive,Positive,IA
T1c,N0,M0,c,ANY,ANY,ANY,G1,Positive,Positive,Positive,IA
T0,N1mi,M0,c,ANY,ANY,ANY,G1,Positive,Positive,Positive,IA
T1,N1mi,M0,c,ANY,ANY,ANY,G1,Positive,Positive,Positive,IA
T1mi,N1mi,M0,c,ANY,ANY,ANY,G1,Positive,Positive,Positive,IA
T1a,N1mi,M0,c,ANY,ANY,ANY,G1,Positive,Positive,Positive,IA
T1b,N1mi,M0,c,ANY,ANY,ANY,G1,Positive,Positive,Positive,IA
T1c,N1mi,M0,c,ANY,ANY,ANY,G1,Positive,Positive,Positive,IA
T1,N0,M0,c,ANY,ANY,ANY,G1,Positive,Positive,Negative,IA
T1mi,N0,M0,c,ANY,ANY,ANY,G1,Positive,Positive,Negative,IA
T1a,N0,M0,c,ANY,ANY,ANY,G1,Positive,Positive,Negative,IA
T1b,N0,M0,c,ANY,ANY,ANY,G1,Positive,Positive,Negative,IA
T1c,N0,M0,c,ANY,ANY,ANY,G1,Positive,Positive,Negative,IA
T0,N1mi,M0,c,ANY,ANY,ANY,G1,Positive,Positive,Negative,IA
T1,N1mi,M0,c,ANY,ANY,ANY,G1,Positive,Positive,Negative,IA
T1mi,N1mi,M0,c,ANY,ANY,ANY,G1,Positive,Positive,Negative,IA
T1a,N1mi,M0,c,ANY,ANY,ANY,G1,Positive,Positive,Negative,IA
T1b,N1mi,M0,c,ANY,ANY,ANY,G1,Positive,Positive,Negative,IA
T1c,N1mi,M0,c,ANY,ANY,ANY,G1,Positive,Positive,Negative,IA
T1,N0,M0,c,ANY,ANY,ANY,G1,Positive,Negative,Positive,IA
T1mi,N0,M0,c,ANY,ANY,ANY,G1,Positive,Negative,Positive,IA
T1a,N0,M0,c,ANY,ANY,ANY,G1,Positive,Negative,Positive,IA
T1b,N0,M0,c,ANY,ANY,ANY,G1,Positive,Negative,Positive,IA
T1c,N0,M0,c,ANY,ANY,ANY,G1,Positive,Negative,Positive,IA
T0,N1mi,M0,c,ANY,ANY,ANY,G1,Positive,Negative,Positive,IA
T1,N1mi,M0,c,ANY,ANY,ANY,G1,Positive,Negative,Positive,IA
T1mi,N1mi,M0,c,ANY,ANY,ANY,G1,Positive,Negative,Positive,IA
T1a,N1mi,M0,c,ANY,ANY,ANY,G1,Positive,Negative,Positive,IA
T1b,N1mi,M0,c,ANY,ANY,ANY,G1,Positive,Negative,Positive,IA
T1c,N1mi,M0,c,ANY,ANY,ANY,G1,Positive,Negative,Positive,IA
T1,N0,M0,c,ANY,ANY,ANY,G1,Positive,Negative,Negative,IA
T1mi,N0,M0,c,ANY,ANY,ANY,G1,Positive,Negative,Negative,IA
T1a,N0,M0,c,ANY,ANY,ANY,G1,Positive,Negative,Negative,IA
T1b,N0,M0,c,ANY,ANY,ANY,G1,Positive,Negative,Negative,IA
T1c,N0,M0,c,ANY,ANY,ANY,G1,Positive,Negative,Negative,IA
T0,N1mi,M0,c,ANY,ANY,ANY,G1,Positive,Negative,Negative,IA
T1,N1mi,M0,c,ANY,ANY,ANY,G1,Positive,Negative,Negative,IA
T1mi,N1mi,M0,c,ANY,ANY,ANY,G1,Positive,Negative,Negative,IA
T1a,N1mi,M0,c,ANY,ANY,ANY,G1,Positive,Negative,Negative,IA
T1b,N1mi,M0,c,ANY,ANY,ANY,G1,Positive,Negative,Negative,IA
T1c,N1mi,M0,c,ANY,ANY,ANY,G1,Positive,Negative,Negative,IA
T1,N0,M0,c,ANY,ANY,ANY,G1,Negative,Positive,Positive,IA
T1mi,N0,M0,c,ANY,ANY,ANY,G1,Negative,Positive,Positive,IA
T1a,N0,M0,c,ANY,ANY,ANY,G1,Negative,Positive,Positive,IA
T1b,N0,M0,c,ANY,ANY,ANY,G1,Negative,Positive,Positive,IA
T1c,N0,M0,c,ANY,ANY,ANY,G1,Negative,Positive,Positive,IA
T0,N1mi,M0,c,ANY,ANY,ANY,G1,Negative,Positive,Positive,IA
T1,N1mi,M0,c,ANY,ANY,ANY,G1,Negative,Positive,Positive,IA
T1mi,N1mi,M0,c,ANY,ANY,ANY,G1,Negative,Positive,Positive,IA
T1a,N1mi,M0,c,ANY,ANY,ANY,G1,Negative,Positive,Positive,IA
T1b,N1mi,M0,c,ANY,ANY,ANY,G1,Negative,Positive,Positive,IA
T1c,N1mi,M0,c,ANY,ANY,ANY,G1,Negative,Positive,Positive,IA
T1,N0,M0,c,ANY,ANY,ANY,G1,Negative,Positive,Negative,IA
T1mi,N0,M0,c,ANY,ANY,ANY,G1,Negative,Positive,Negative,IA
T1a,N0,M0,c,ANY,ANY,ANY,G1,Negative,Positive,Negative,IA
T1b,N0,M0,c,ANY,ANY,ANY,G1,Negative,Positive,Negative,IA
T1c,N0,M0,c,ANY,ANY,ANY,G1,Negative,Positive,Negative,IA
T0,N1mi,M0,c,ANY,ANY,ANY,G1,Negative,Positive,Negative,IA
T1,N1mi,M0,c,ANY,ANY,ANY,G1,Negative,Positive,Negative,IA
T1mi,N1mi,M0,c,ANY,ANY,ANY,G1,Negative,Positive,Negative,IA
T1a,N1mi,M0,c,ANY,ANY,ANY,G1,Negative,Positive,Negative,IA
T1b,N1mi,M0,c,ANY,ANY,ANY,G1,Negative,Positive,Negative,IA
T1c,N1mi,M0,c,ANY,ANY,ANY,G1,Negative,Positive,Negative,IA
T1,N0,M0,c,ANY,ANY,ANY,G1,Negative,Negative,Positive,IA
T1mi,N0,M0,c,ANY,ANY,ANY,G1,Negative,Negative,Positive,IA
T1a,N0,M0,c,ANY,ANY,ANY,G1,Negative,Negative,Positive,IA
T1b,N0,M0,c,ANY,ANY,ANY,G1,Negative,Negative,Positive,IA
T1c,N0,M0,c,ANY,ANY,ANY,G1,Negative,Negative,Positive,IA
T0,N1mi,M0,c,ANY,ANY,ANY,G1,Negative,Negative,Positive,IA
T1,N1mi,M0,c,ANY,ANY,ANY,G1,Negative,Negative,Positive,IA
T1mi,N1mi,M0,c,ANY,ANY,ANY,G1,Negative,Negative,Positive,IA
T1a,N1mi,M0,c,ANY,ANY,ANY,G1,Negative,Negative,Positive,IA
T1b,N1mi,M0,c,ANY,ANY,ANY,G1,Negative,Negative,Positive,IA
T1c,N1mi,M0,c,ANY,ANY,ANY,G1,Negative,Negative,Positive,IA
T1,N0,M0,c,ANY,ANY,ANY,G1,Negative,Negative,Negative,IB
T1mi,N0,M0,c,ANY,ANY,ANY,G1,Negative,Negative,Negative,IB
T1a,N0,M0,c,ANY,ANY,ANY,G1,Negative,Negative,Negative,IB
T1b,N0,M0,c,ANY,ANY,ANY,G1,Negative,Negative,Negative,IB
T1c,N0,M0,c,ANY,ANY,ANY,G1,Negative,Negative,Negative,IB
T0,N1mi,M0,c,ANY,ANY,ANY,G1,Negative,Negative,Negative,IB
T1,N1mi,M0,c,ANY,ANY,ANY,G1,Negative,Negative,Negative,IB
T1mi,N1mi,M0,c,ANY,ANY,ANY,G1,Negative,Negative,Negative,IB
T1a,N1mi,M0,c,ANY,ANY,ANY,G1,Negative,Negative,Negative,IB
T1b,N1mi,M0,c,ANY,ANY,ANY,G1,Negative,Negative,Negative,IB
T1c,N1mi,M0,c,ANY,ANY,ANY,G1,Negative,Negative,Negative,IB
T1,N0,M0,c,ANY,ANY,ANY,G2,Positive,Positive,Positive,IA
T1mi,N0,M0,c,ANY,ANY,ANY,G2,Positive,Positive,Positive,IA
T1a,N0,M0,c,ANY,ANY,ANY,G2,Positive,Positive,Positive,IA
T1b,N0,M0,c,ANY,ANY,ANY,G2,Positive,Positive,Positive,IA
T1c,N0,M0,c,ANY,ANY,ANY,G2,Positive,Positive,Positive,IA
T0,N1mi,M0,c,ANY,ANY,ANY,G2,Positive,Positive,Positive,IA
T1,N1mi,M0,c,ANY,ANY,ANY,G2,Positive,Positive,Positive,IA
T1mi,N1mi,M0,c,ANY,ANY,ANY,G2,Positive,Positive,Positive,IA
T1a,N1mi,M0,c,ANY,ANY,ANY,G2,Positive,Positive,Positive,IA
T1b,N1mi,M0,c,ANY,ANY,ANY,G2,Positive,Positive,Positive,IA
T1c,N1mi,M0,c,ANY,ANY,ANY,G2,Positive,Positive,Positive,IA
T1,N0,M0,c,ANY,ANY,ANY,G2,Positive,Positive,Negative,IA
T1mi,N0,M0,c,ANY,ANY,ANY,G2,Positive,Positive,Negative,IA
T1a,N0,M0,c,ANY,ANY,ANY,G2,Positive,Positive,Negative,IA
T1b,N0,M0,c,ANY,ANY,ANY,G2,Positive,Positive,Negative,IA
T1c,N0,M0,c,ANY,ANY,ANY,G2,Positive,Positive,Negative,IA
T0,N1mi,M0,c,ANY,ANY,ANY,G2,Positive,Positive,Negative,IA
T1,N1mi,M0,c,ANY,ANY,ANY,G2,Positive,Positive,Negative,IA
T1mi,N1mi,M0,c,ANY,ANY,ANY,G2,Positive,Positive,Negative,IA
T1a,N1mi,M0,c,ANY,ANY,ANY,G2,Positive,Positive,Negative,IA
T1b,N1mi,M0,c,ANY,ANY,ANY,G2,Positive,Positive,Negative,IA
T1c,N1mi,M0,c,ANY,ANY,ANY,G2,Positive,Positive,Negative,IA
T1,N0,M0,c,ANY,ANY,ANY,G2,Positive,Negative,Positive,IA
T1mi,N0,M0,c,ANY,ANY,ANY,G2,Positive,Negative,Positive,IA
T1a,N0,M0,c,ANY,ANY,ANY,G2,Positive,Negative,Positive,IA
T1b,N0,M0,c,ANY,ANY,ANY,G2,Positive,Negative,Positive,IA
T1c,N0,M0,c,ANY,ANY,ANY,G2,Positive,Negative,Positive,IA
T0,N1mi,M0,c,ANY,ANY,ANY,G2,Positive,Negative,Positive,IA
T1,N1mi,M0,c,ANY,ANY,ANY,G2,Positive,Negative,Positive,IA
T1mi,N1mi,M0,c,ANY,ANY,ANY,G2,Positive,Negative,Positive,IA
T1a,N1mi,M0,c,ANY,ANY,ANY,G2,Positive,Negative,Positive,IA
T1b,N1mi,M0,c,ANY,ANY,ANY,G2,Positive,Negative,Positive,IA
T1c,N1mi,M0,c,ANY,ANY,ANY,G2,Positive,Negative,Positive,IA
T1,N0,M0,c,ANY,ANY,ANY,G2,Positive,Negative,Negative,IA
T1mi,N0,M0,c,ANY,ANY,ANY,G2,Positive,Negative,Negative,IA
T1a,N0,M0,c,ANY,ANY,ANY,G2,Positive,Negative,Negative,IA
T1b,N0,M0,c,ANY,ANY,ANY,G2,Positive,Negative,Negative,IA
T1c,N0,M0,c,ANY,ANY,ANY,G2,Positive,Negative,Negative,IA
T0,N1mi,M0,c,ANY,ANY,ANY,G2,Positive,Negative,Negative,IA
T1,N1mi,M0,c,ANY,ANY,ANY,G2,Positive,Negative,Negative,IA
T1mi,N1mi,M0,c,ANY,ANY,ANY,G2,Positive,Negative,Negative,IA
T1a,N1mi,M0,c,ANY,ANY,ANY,G2,Positive,Negative,Negative,IA
T1b,N1mi,M0,c,ANY,ANY,ANY,G2,Positive,Negative,Negative,IA
T1c,N1mi,M0,c,ANY,ANY,ANY,G2,Positive,Negative,Negative,IA
T1,N0,M0,c,ANY,ANY,ANY,G2,Negative,Positive,Positive,IA
T1mi,N0,M0,c,ANY,ANY,ANY,G2,Negative,Positive,Positive,IA
T1a,N0,M0,c,ANY,ANY,ANY,G2,Negative,Positive,Positive,IA
T1b,N0,M0,c,ANY,ANY,ANY,G2,Negative,Positive,Positive,IA
T1c,N0,M0,c,ANY,ANY,ANY,G2,Negative,Positive,Positive,IA
T0,N1mi,M0,c,ANY,ANY,ANY,G2,Negative,Positive,Positive,IA
T1,N1mi,M0,c,ANY,ANY,ANY,G2,Negative,Positive,Positive,IA
T1mi,N1mi,M0,c,ANY,ANY,ANY,G2,Negative,Positive,Positive,IA
T1a,N1mi,M0,c,ANY,ANY,ANY,G2,Negative,Positive,Positive,IA
T1b,N1mi,M0,c,ANY,ANY,ANY,G2,Negative,Positive,Positive,IA
T1c,N1mi,M0,c,ANY,ANY,ANY,G2,Negative,Positive,Positive,IA
T1,N0,M0,c,ANY,ANY,ANY,G2,Negative,Positive,Negative,IA
T1mi,N0,M0,c,ANY,ANY,ANY,G2,Negative,Positive,Negative,IA
T1a,N0,M0,c,ANY,ANY,ANY,G2,Negative,Positive,Negative,IA
T1b,N0,M0,c,ANY,ANY,ANY,G2,Negative,Positive,Negative,IA
T1c,N0,M0,c,ANY,ANY,ANY,G2,Negative,Positive,Negative,IA
T0,N1mi,M0,c,ANY,ANY,ANY,G2,Negative,Positive,Negative,IA
T1,N1mi,M0,c,ANY,ANY,ANY,G2,Negative,Positive,Negative,IA
T1mi,N1mi,M0,c,ANY,ANY,ANY,G2,Negative,Positive,Negative,IA
T1a,N1mi,M0,c,ANY,ANY,ANY,G2,Negative,Positive,Negative,IA
T1b,N1mi,M0,c,ANY,ANY,ANY,G2,Negative,Positive,Negative,IA
T1c,N1mi,M0,c,ANY,ANY,ANY,G2,Negative,Positive,Negative,IA
T1,N0,M0,c,ANY,ANY,ANY,G2,Negative,Negative,Positive,IA
T1mi,N0,M0,c,ANY,ANY,ANY,G2,Negative,Negative,Positive,IA
T1a,N0,M0,c,ANY,ANY,ANY,G2,Negative,Negative,Positive,IA
T1b,N0,M0,c,ANY,ANY,ANY,G2,Negative,Negative,Positive,IA
T1c,N0,M0,c,ANY,ANY,ANY,G2,Negative,Negative,Positive,IA
T0,N1mi,M0,c,ANY,ANY,ANY,G2,Negative,Negative,Positive,IA
T1,N1mi,M0,c,ANY,ANY,ANY,G2,Negative,Negative,Positive,IA
T1mi,N1mi,M0,c,ANY,ANY,ANY,G2,Negative,Negative,Positive,IA
T1a,N1mi,M0,c,ANY,ANY,ANY,G2,Negative,Negative,Positive,IA
T1b,N1mi,M0,c,ANY,ANY,ANY,G2,Negative,Negative,Positive,IA
T1c,N1mi,M0,c,ANY,ANY,ANY,G2,Negative,Negative,Positive,IA
T1,N0,M0,c,ANY,ANY,ANY,G2,Negative,Negative,Negative,IB
T1mi,N0,M0,c,ANY,ANY,ANY,G2,Negative,Negative,Negative,IB
T1a,N0,M0,c,ANY,ANY,ANY,G2,Negative,Negative,Negative,IB
T1b,N0,M0,c,ANY,ANY,ANY,G2,Negative,Negative,Negative,IB
T1c,N0,M0,c,ANY,ANY,ANY,G2,Negative,Negative,Negative,IB
T0,N1mi,M0,c,ANY,ANY,ANY,G2,Negative,Negative,Negative,IB
T1,N1mi,M0,c,ANY,ANY,ANY,G2,Negative,Negative,Negative,IB
T1mi,N1mi,M0,c,ANY,ANY,ANY,G2,Negative,Negative,Negative,IB
T1a,N1mi,M0,c,ANY,ANY,ANY,G2,Negative,Negative,Negative,IB
T1b,N1mi,M0,c,ANY,ANY,ANY,G2,Negative,Negative,Negative,IB
T1c,N1mi,M0,c,ANY,ANY,ANY,G2,Negative,Negative,Negative,IB
T1,N0,M0,c,ANY,ANY,ANY,G3,Positive,Positive,Positive,IA
T1mi,N0,M0,c,ANY,ANY,ANY,G3,Positive,Positive,Positive,IA
T1a,N0,M0,c,ANY,ANY,ANY,G3,Positive,Positive,Positive,IA
T1b,N0,M0,c,ANY,ANY,ANY,G3,Positive,Positive,Positive,IA
T1c,N0,M0,c,ANY,ANY,ANY,G3,Positive,Positive,Positive,IA
T0,N1mi,M0,c,ANY,ANY,ANY,G3,Positive,Positive,Positive,IA
T1,N1mi,M0,c,ANY,ANY,ANY,G3,Positive,Positive,Positive,IA
T1mi,N1mi,M0,c,ANY,ANY,ANY,G3,Positive,Positive,Positive,IA
T1a,N1mi,M0,c,ANY,ANY,ANY,G3,Positive,Positive,Positive,IA
T1b,N1mi,M0,c,ANY,ANY,ANY,G3,Positive,Positive,Positive,IA
T1c,N1mi,M0,c,ANY,ANY,ANY,G3,Positive,Positive,Positive,IA
T1,N0,M0,c,ANY,ANY,ANY,G3,Positive,Positive,Negative,IA
T1mi,N0,M0,c,ANY,ANY,ANY,G3,Positive,Positive,Negative,IA
T1a,N0,M0,c,ANY,ANY,ANY,G3,Positive,Positive,Negative,IA
T1b,N0,M0,c,ANY,ANY,ANY,G3,Positive,Positive,Negative,IA
T1c,N0,M0,c,ANY,ANY,ANY,G3,Positive,Positive,Negative,IA
T0,N1mi,M0,c,ANY,ANY,ANY,G3,Positive,Positive,Negative,IA
T1,N1mi,M0,c,ANY,ANY,ANY,G3,Positive,Positive,Negative,IA
T1mi,N1mi,M0,c,ANY,ANY,ANY,G3,Positive,Positive,Negative,IA
T1a,N1mi,M0,c,ANY,ANY,ANY,G3,Positive,Positive,Negative,IA
T1b,N1mi,M0,c,ANY,ANY,ANY,G3,Positive,Positive,Negative,IA
T1c,N1mi,M0,c,ANY,ANY,ANY,G3,Positive,Positive,Negative,IA
T1,N0,M0,c,ANY,ANY,ANY,G3,Positive,Negative,Positive,IA
T1mi,N0,M0,c,ANY,ANY,ANY,G3,Positive,Negative,Positive,IA
T1a,N0,M0,c,ANY,ANY,ANY,G3,Positive,Negative,Positive,IA
T1b,N0,M0,c,ANY,ANY,ANY,G3,Positive,Negative,Positive,IA
T1c,N0,M0,c,ANY,ANY,ANY,G3,Positive,Negative,Positive,IA
T0,N1mi,M0,c,ANY,ANY,ANY,G3,Positive,Negative,Positive,IA
T1,N1mi,M0,c,ANY,ANY,ANY,G3,Positive,Negative,Positive,IA
T1mi,N1mi,M0,c,ANY,ANY,ANY,G3,Positive,Negative,Positive,IA
T1a,N1mi,M0,c,ANY,ANY,ANY,G3,Positive,Negative,Positive,IA
T1b,N1mi,M0,c,ANY,ANY,ANY,G3,Positive,Negative,Positive,IA
T1c,N1mi,M0,c,ANY,ANY,ANY,G3,Positive,Negative,Positive,IA
T1,N0,M0,c,ANY,ANY,ANY,G3,Positive,Negative,Negative,IA
T1mi,N0,M0,c,ANY,ANY,ANY,G3,Positive,Negative,Negative,IA
T1a,N0,M0,c,ANY,ANY,ANY,G3,Positive,Negative,Negative,IA
T1b,N0,M0,c,ANY,ANY,ANY,G3,Positive,Negative,Negative,IA
T1c,N0,M0,c,ANY,ANY,ANY,G3,Positive,Negative,Negative,IA
T0,N1mi,M0,c,ANY,ANY,ANY,G3,Positive,Negative,Negative,IA
T1,N1mi,M0,c,ANY,ANY,ANY,G3,Positive,Negative,Negative,IA
T1mi,N1mi,M0,c,ANY,ANY,ANY,G3,Positive,Negative,Negative,IA
T1a,N1mi,M0,c,ANY,ANY,ANY,G3,Positive,Negative,Negative,IA
T1b,N1mi,M0,c,ANY,ANY,ANY,G3,Positive,Negative,Negative,IA
T1c,N1mi,M0,c,ANY,ANY,ANY,G3,Positive,Negative,Negative,IA
T1,N0,M0,c,ANY,ANY,ANY,G3,Negative,Positive,Positive,IA
T1mi,N0,M0,c,ANY,ANY,ANY,G3,Negative,Positive,Positive,IA
T1a,N0,M0,c,ANY,ANY,ANY,G3,Negative,Positive,Positive,IA
T1b,N0,M0,c,ANY,ANY,ANY,G3,Negative,Positive,Positive,IA
T1c,N0,M0,c,ANY,ANY,ANY,G3,Negative,Positive,Positive,IA
T0,N1mi,M0,c,ANY,ANY,ANY,G3,Negative,Positive,Positive,IA
T1,N1mi,M0,c,ANY,ANY,ANY,G3,Negative,Positive,Positive,IA
T1mi,N1mi,M0,c,ANY,ANY,ANY,G3,Negative,Positive,Positive,IA
T1a,N1mi,M0,c,ANY,ANY,ANY,G3,Negative,Positive,Positive,IA
T1b,N1mi,M0,c,ANY,ANY,ANY,G3,Negative,Positive,Positive,IA
T1c,N1mi,M0,c,ANY,ANY,ANY,G3,Negative,Positive,Positive,IA
T1,N0,M0,c,ANY,ANY,ANY,G3,Negative,Positive,Negative,IB
T1mi,N0,M0,c,ANY,ANY,ANY,G3,Negative,Positive,Negative,IB
T1a,N0,M0,c,ANY,ANY,ANY,G3,Negative,Positive,Negative,IB
T1b,N0,M0,c,ANY,ANY,ANY,G3,Negative,Positive,Negative,IB
T1c,N0,M0,c,ANY,ANY,ANY,G3,Negative,Positive,Negative,IB
T0,N1mi,M0,c,ANY,ANY,ANY,G3,Negative,Positive,Negative,IB
T1,N1mi,M0,c,ANY,ANY,ANY,G3,Negative,Positive,Negative,IB
T1mi,N1mi,M0,c,ANY,ANY,ANY,G3,Negative,Positive,Negative,IB
T1a,N1mi,M0,c,ANY,ANY,ANY,G3,Negative,Positive,Negative,IB
T1b,N1mi,M0,c,ANY,ANY,ANY,G3,Negative,Positive,Negative,IB
T1c,N1mi,M0,c,ANY,ANY,ANY,G3,Negative,Positive,Negative,IB
T1,N0,M0,c,ANY,ANY,ANY,G3,Negative,Negative,Positive,IB
T1mi,N0,M0,c,ANY,ANY,ANY,G3,Negative,Negative,Positive,IB
T1a,N0,M0,c,ANY,ANY,ANY,G3,Negative,Negative,Positive,IB
T1b,N0,M0,c,ANY,ANY,ANY,G3,Negative,Negative,Positive,IB
T1c,N0,M0,c,ANY,ANY,ANY,G3,Negative,Negative,Positive,IB
T0,N1mi,M0,c,ANY,ANY,ANY,G3,Negative,Negative,Positive,IB
T1,N1mi,M0,c,ANY,ANY,ANY,G3,Negative,Negative,Positive,IB
T1mi,N1mi,M0,c,ANY,ANY,ANY,G3,Negative,Negative,Positive,IB
T1a,N1mi,M0,c,ANY,ANY,ANY,G3,Negative,Negative,Positive,IB
T1b,N1mi,M0,c,ANY,ANY,ANY,G3,Negative,Negative,Positive,IB
T1c,N1mi,M0,c,ANY,ANY,ANY,G3,Negative,Negative,Positive,IB
T0,N1,M0,c,ANY,ANY,ANY,G1,Positive,Negative,Positive,IIA
T0,N1a,M0,c,ANY,ANY,ANY,G1,Positive,Negative,Positive,IIA
T0,N1b,M0,c,ANY,ANY,ANY,G1,Positive,Negative,Positive,IIA
T0,N1c,M0,c,ANY,ANY,ANY,G1,Positive,Negative,Positive,IIA
T1,N1,M0,c,ANY,ANY,ANY,G1,Positive,Negative,Positive,IIA
T1,N1a,M0,c,ANY,ANY,ANY,G1,Positive,Negative,Positive,IIA
T1,N1b,M0,c,ANY,ANY,ANY,G1,Positive,Negative,Positive,IIA
T1,N1c,M0,c,ANY,ANY,ANY,G1,Positive,Negative,Positive,IIA
T1mi,N1,M0,c,ANY,ANY,ANY,G1,Positive,Negative,Positive,IIA
T1mi,N1a,M0,c,ANY,ANY,ANY,G1,Positive,Negative,Positive,IIA
T1mi,N1b,M0,c,ANY,ANY,ANY,G1,Positive,Negative,Positive,IIA
T1mi,N1c,M0,c,ANY,ANY,ANY,G1,Positive,Negative,Positive,IIA
T1a,N1,M0,c,ANY,ANY,ANY,G1,Positive,Negative,Positive,IIA
T1a,N1a,M0,c,ANY,ANY,ANY,G1,Positive,Negative,Positive,IIA
T1a,N1b,M0,c,ANY,ANY,ANY,G1,Positive,Negative,Positive,IIA
T1a,N1c,M0,c,ANY,ANY,ANY,G1,Positive,Negative,Positive,IIA
T1b,N1,M0,c,ANY,ANY,ANY,G1,Positive,Negative,Positive,IIA
T1b,N1a,M0,c,ANY,ANY,ANY,G1,Positive,Negative,Positive,IIA
T1b,N1b,M0,c,ANY,ANY,ANY,G1,Positive,Negative,Positive,IIA
T1b,N1c,M0,c,ANY,ANY,ANY,G1,Positive,Negative,Positive,IIA
T1c,N1,M0,c,ANY,ANY,ANY,G1,Positive,Negative,Positive,IIA
T1c,N1a,M0,c,ANY,ANY,ANY,G1,Positive,Negative,Positive,IIA
T1c,N1b,M0,c,ANY,ANY,ANY,G1,Positive,Negative,Positive,IIA
T1c,N1c,M0,c,ANY,ANY,ANY,G1,Positive,Negative,Positive,IIA
T2,N0,M0,c,ANY,ANY,ANY,G1,Positive,Negative,Positive,IIA
T0,N1,M0,c,ANY,ANY,ANY,G1,Positive,Negative,Negative,IIA
T0,N1a,M0,c,ANY,ANY,ANY,G1,Positive,Negative,Negative,IIA
T0,N1b,M0,c,ANY,ANY,ANY,G1,Positive,Negative,Negative,IIA
T0,N1c,M0,c,ANY,ANY,ANY,G1,Positive,Negative,Negative,IIA
T1,N1,M0,c,ANY,ANY,ANY,G1,Positive,Negative,Negative,IIA
T1,N1a,M0,c,ANY,ANY,ANY,G1,Positive,Negative,Negative,IIA
T1,N1b,M0,c,ANY,ANY,ANY,G1,Positive,Negative,Negative,IIA
T1,N1c,M0,c,ANY,ANY,ANY,G1,Positive,Negative,Negative,IIA
T1mi,N1,M0,c,ANY,ANY,ANY,G1,Positive,Negative,Negative,IIA
T1mi,N1a,M0,c,ANY,ANY,ANY,G1,Positive,Negative,Negative,IIA
T1mi,N1b,M0,c,ANY,ANY,ANY,G1,Positive,Negative,Negative,IIA
T1mi,N1c,M0,c,ANY,ANY,ANY,G1,Positive,Negative,Negative,IIA
T1a,N1,M0,c,ANY,ANY,ANY,G1,Positive,Negative,Negative,IIA
T1a,N1a,M0,c,ANY,ANY,ANY,G1,Positive,Negative,Negative,IIA
T1a,N1b,M0,c,ANY,ANY,ANY,G1,Positive,Negative,Negative,IIA
T1a,N1c,M0,c,ANY,ANY,ANY,G1,Positive,Negative,Negative,IIA
T1b,N1,M0,c,ANY,ANY,ANY,G1,Positive,Negative,Negative,IIA
T1b,N1a,M0,c,ANY,ANY,ANY,G1,Positive,Negative,Negative,IIA
T1b,N1b,M0,c,ANY,ANY,ANY,G1,Positive,Negative,Negative,IIA
T1b,N1c,M0,c,ANY,ANY,ANY,G1,Positive,Negative,Negative,IIA
T1c,N1,M0,c,ANY,ANY,ANY,G1,Positive,Negative,Negative,IIA
T1c,N1a,M0,c,ANY,ANY,ANY,G1,Positive,Negative,Negative,IIA
T1c,N1b,M0,c,ANY,ANY,ANY,G1,Positive,Negative,Negative,IIA
T1c,N1c,M0,c,ANY,ANY,ANY,G1,Positive,Negative,Negative,IIA
T2,N0,M0,c,ANY,ANY,ANY,G1,Positive,Negative,Negative,IIA
T0,N1,M0,c,ANY,ANY,ANY,G1,Negative,Positive,Positive,IB
T0,N1a,M0,c,ANY,ANY,ANY,G1,Negative,Positive,Positive,IB
T0,N1b,M0,c,ANY,ANY,ANY,G1,Negative,Positive,Positive,IB
T0,N1c,M0,c,ANY,ANY,ANY,G1,Negative,Positive,Positive,IB
T1,N1,M0,c,ANY,ANY,ANY,G1,Negative,Positive,Positive,IB
T1,N1a,M0,c,ANY,ANY,ANY,G1,Negative,Positive,Positive,IB
T1,N1b,M0,c,ANY,ANY,ANY,G1,Negative,Positive,Positive,IB
T1,N1c,M0,c,ANY,ANY,ANY,G1,Negative,Positive,Positive,IB
T1mi,N1,M0,c,ANY,ANY,ANY,G1,Negative,Positive,Positive,IB
T1mi,N1a,M0,c,ANY,ANY,ANY,G1,Negative,Positive,Positive,IB
T1mi,N1b,M0,c,ANY,ANY,ANY,G1,Negative,Positive,Positive,IB
T1mi,N1c,M0,c,ANY,ANY,ANY,G1,Negative,Positive,Positive,IB
T1a,N1,M0,c,ANY,ANY,ANY,G1,Negative,Positive,Positive,IB
T1a,N1a,M0,c,ANY,ANY,ANY,G1,Negative,Positive,Positive,IB
T1a,N1b,M0,c,ANY,ANY,ANY,G1,Negative,Positive,Positive,IB
T1a,N1c,M0,c,ANY,ANY,ANY,G1,Negative,Positive,Positive,IB
T1b,N1,M0,c,ANY,ANY,ANY,G1,Negative,Positive,Positive,IB
T1b,N1a,M0,c,ANY,ANY,ANY,G1,Negative,Positive,Positive,IB
T1b,N1b,M0,c,ANY,ANY,ANY,G1,Negative,Positive,Positive,IB
T1b,N1c,M0,c,ANY,ANY,ANY,G1,Negative,Positive,Positive,IB
T1c,N1,M0,c,ANY,ANY,ANY,G1,Negative,Positive,Positive,IB
T1c,N1a,M0,c,ANY,ANY,ANY,G1,Negative,Positive,Positive,IB
T1c,N1b,M0,c,ANY,ANY,ANY,G1,Negative,Positive,Positive,IB
T1c,N1c,M0,c,ANY,ANY,ANY,G1,Negative,Positive,Positive,IB
T2,N0,M0,c,ANY,ANY,ANY,G1,Negative,Positive,Positive,IB
T0,N1,M0,c,ANY,ANY,ANY,G1,Negative,Positive,Negative,IIA
T0,N1a,M0,c,ANY,ANY,ANY,G1,Negative,Positive,Negative,IIA
T0,N1b,M0,c,ANY,ANY,ANY,G1,Negative,Positive,Negative,IIA
T0,N1c,M0,c,ANY,ANY,ANY,G1,Negative,Positive,Negative,IIA
T1,N1,M0,c,ANY,ANY,ANY,G1,Negative,Positive,Negative,IIA
T1,N1a,M0,c,ANY,ANY,ANY,G1,Negative,Positive,Negative,IIA
T1,N1b,M0,c,ANY,ANY,ANY,G1,Negative,Positive,Negative,IIA
T1,N1c,M0,c,ANY,ANY,ANY,G1,Negative,Positive,Negative,IIA
T1mi,N1,M0,c,ANY,ANY,ANY,G1,Negative,Positive,Negative,IIA
T1mi,N1a,M0,c,ANY,ANY,ANY,G1,Negative,Positive,Negative,IIA
T1mi,N1b,M0,c,ANY,ANY,ANY,G1,Negative,Positive,Negative,IIA
T1mi,N1c,M0,c,ANY,ANY,ANY,G1,Negative,Positive,Negative,IIA
T1a,N1,M0,c,ANY,ANY,ANY,G1,Negative,Positive,Negative,IIA
T1a,N1a,M0,c,ANY,ANY,ANY,G1,Negative,Positive,Negative,IIA
T1a,N1b,M0,c,ANY,ANY,ANY,G1,Negative,Positive,Negative,IIA
T1a,N1c,M0,c,ANY,ANY,ANY,G1,Negative,Positive,Negative,IIA
T1b,N1,M0,c,ANY,ANY,ANY,G1,Negative,Positive,Negative,IIA
T1b,N1a,M0,c,ANY,ANY,ANY,G1,Negative,Positive,Negative,IIA
T1b,N1b,M0,c,ANY,ANY,ANY,G1,Negative,Positive,Negative,IIA
T1b,N1c,M0,c,ANY,ANY,ANY,G1,Negative,Positive,Negative,IIA
T1c,N1,M0,c,ANY,ANY,ANY,G1,Negative,Positive,Negative,IIA
T1c,N1a,M0,c,ANY,ANY,ANY,G1,Negative,Positive,Negative,IIA
T1c,N1b,M0,c,ANY,ANY,ANY,G1,Negative,Positive,Negative,IIA
T1c,N1c,M0,c,ANY,ANY,ANY,G1,Negative,Positive,Negative,IIA
T2,N0,M0,c,ANY,ANY,ANY,G1,Negative,Positive,Negative,IIA
T0,N1,M0,c,ANY,ANY,ANY,G1,Negative,Negative,Positive,IIA
T0,N1a,M0,c,ANY,ANY,ANY,G1,Negative,Negative,Positive,IIA
T0,N1b,M0,c,ANY,ANY,ANY,G1,Negative,Negative,Positive,IIA
T0,N1c,M0,c,ANY,ANY,ANY,G1,Negative,Negative,Positive,IIA
T1,N1,M0,c,ANY,ANY,ANY,G1,Negative,Negative,Positive,IIA
T1,N1a,M0,c,ANY,ANY,ANY,G1,Negative,Negative,Positive,IIA
T1,N1b,M0,c,ANY,ANY,ANY,G1,Negative,Negative,Positive,IIA
T1,N1c,M0,c,ANY,ANY,ANY,G1,Negative,Negative,Positive,IIA
T1mi,N1,M0,c,ANY,ANY,ANY,G1,Negative,Negative,Positive,IIA
T1mi,N1a,M0,c,ANY,ANY,ANY,G1,Negative,Negative,Positive,IIA
T1mi,N1b,M0,c,ANY,ANY,ANY,G1,Negative,Negative,Positive,IIA
T1mi,N1c,M0,c,ANY,ANY,ANY,G1,Negative,Negative,Positive,IIA
T1a,N1,M0,c,ANY,ANY,ANY,G1,Negative,Negative,Positive,IIA
T1a,N1a,M0,c,ANY,ANY,ANY,G1,Negative,Negative,Positive,IIA
T1a,N1b,M0,c,ANY,ANY,ANY,G1,Negative,Negative,Positive,IIA
T1a,N1c,M0,c,ANY,ANY,ANY,G1,Negative,Negative,Positive,IIA
T1b,N1,M0,c,ANY,ANY,ANY,G1,Negative,Negative,Positive,IIA
T1b,N1a,M0,c,ANY,ANY,ANY,G1,Negative,Negative,Positive,IIA
T1b,N1b,M0,c,ANY,ANY,ANY,G1,Negative,Negative,Positive,IIA
T1b,N1c,M0,c,ANY,ANY,ANY,G1,Negative,Negative,Positive,IIA
T1c,N1,M0,c,ANY,ANY,ANY,G1,Negative,Negative,Positive,IIA
T1c,N1a,M0,c,ANY,ANY,ANY,G1,Negative,Negative,Positive,IIA
T1c,N1b,M0,c,ANY,ANY,ANY,G1,Negative,Negative,Positive,IIA
T1c,N1c,M0,c,ANY,ANY,ANY,G1,Negative,Negative,Positive,IIA
T2,N0,M0,c,ANY,ANY,ANY,G1,Negative,Negative,Positive,IIA
T0,N1,M0,c,ANY,ANY,ANY,G1,Negative,Negative,Negative,IIA
T0,N1a,M0,c,ANY,ANY,ANY,G1,Negative,Negative,Negative,IIA
T0,N1b,M0,c,ANY,ANY,ANY,G1,Negative,Negative,Negative,IIA
T0,N1c,M0,c,ANY,ANY,ANY,G1,Negative,Negative,Negative,IIA
T1,N1,M0,c,ANY,ANY,ANY,G1,Negative,Negative,Negative,IIA
T1,N1a,M0,c,ANY,ANY,ANY,G1,Negative,Negative,Negative,IIA
T1,N1b,M0,c,ANY,ANY,ANY,G1,Negative,Negative,Negative,IIA
T1,N1c,M0,c,ANY,ANY,ANY,G1,Negative,Negative,Negative,IIA
T1mi,N1,M0,c,ANY,ANY,ANY,G1,Negative,Negative,Negative,IIA
T1mi,N1a,M0,c,ANY,ANY,ANY,G1,Negative,Negative,Negative,IIA
T1mi,N1b,M0,c,ANY,ANY,ANY,G1,Negative,Negative,Negative,IIA
T1mi,N1c,M0,c,ANY,ANY,ANY,G1,Negative,Negative,Negative,IIA
T1a,N1,M0,c,ANY,ANY,ANY,G1,Negative,Negative,Negative,IIA
T1a,N1a,M0,c,ANY,ANY,ANY,G1,Negative,Negative,Negative,IIA
T1a,N1b,M0,c,ANY,ANY,ANY,G1,Negative,Negative,Negative,IIA
T1a,N1c,M0,c,ANY,ANY,ANY,G1,Negative,Negative,Negative,IIA
T1b,N1,M0,c,ANY,ANY,ANY,G1,Negative,Negative,Negative,IIA
T1b,N1a,M0,c,ANY,ANY,ANY,G1,Negative,Negative,Negative,IIA
T1b,N1b,M0,c,ANY,ANY,ANY,G1,Negative,Negative,Negative,IIA
T1b,N1c,M0,c,ANY,ANY,ANY,G1,Negative,Negative,Negative,IIA
T1c,N1,M0,c,ANY,ANY,ANY,G1,Negative,Negative,Negative,IIA
T1c,N1a,M0,c,ANY,ANY,ANY,G1,Negative,Negative,Negative,IIA
T1c,N1b,M0,c,ANY,ANY,ANY,G1,Negative,Negative,Negative,IIA
T1c,N1c,M0,c,ANY,ANY,ANY,G1,Negative,Negative,Negative,IIA
T2,N0,M0,c,ANY,ANY,ANY,G1,Negative,Negative,Negative,IIA
T0,N1,M0,c,ANY,ANY,ANY,G2,Positive,Positive,Positive,IB
T0,N1a,M0,c,ANY,ANY,ANY,G2,Positive,Positive,Positive,IB
T0,N1b,M0,c,ANY,ANY,ANY,G2,Positive,Positive,Positive,IB
T0,N1c,M0,c,ANY,ANY,ANY,G2,Positive,Positive,Positive,IB
T1,N1,M0,c,ANY,ANY,ANY,G2,Positive,Positive,Positive,IB
T1,N1a,M0,c,ANY,ANY,ANY,G2,Positive,Positive,Positive,IB
T1,N1b,M0,c,ANY,ANY,ANY,G2,Positive,Positive,Positive,IB
T1,N1c,M0,c,ANY,ANY,ANY,G2,Positive,Positive,Positive,IB
T1mi,N1,M0,c,ANY,ANY,ANY,G2,Positive,Positive,Positive,IB
T1mi,N1a,M0,c,ANY,ANY,ANY,G2,Positive,Positive,Positive,IB
T1mi,N1b,M0,c,ANY,ANY,ANY,G2,Positive,Positive,Positive,IB
T1mi,N1c,M0,c,ANY,ANY,ANY,G2,Positive,Positive,Positive,IB
T1a,N1,M0,c,ANY,ANY,ANY,G2,Positive,Positive,Positive,IB
T1a,N1a,M0,c,ANY,ANY,ANY,G2,Positive,Positive,Positive,IB
T1a,N1b,M0,c,ANY,ANY,ANY,G2,Positive,Positive,Positive,IB
T1a,N1c,M0,c,ANY,ANY,ANY,G2,Positive,Positive,Positive,IB
T1b,N1,M0,c,ANY,ANY,ANY,G2,Positive,Positive,Positive,IB
T1b,N1a,M0,c,ANY,ANY,ANY,G2,Positive,Positive,Positive,IB
T1b,N1b,M0,c,ANY,ANY,ANY,G2,Positive,Positive,Positive,IB
T1b,N1c,M0,c,ANY,ANY,ANY,G2,Positive,Positive,Positive,IB
T1c,N1,M0,c,ANY,ANY,ANY,G2,Positive,Positive,Positive,IB
T1c,N1a,M0,c,ANY,ANY,ANY,G2,Positive,Positive,Positive,IB
T1c,N1b,M0,c,ANY,ANY,ANY,G2,Positive,Positive,Positive,IB
T1c,N1c,M0,c,ANY,ANY,ANY,G2,Positive,Positive,Positive,IB
T2,N0,M0,c,ANY,ANY,ANY,G2,Positive,Positive,Positive,IB
T0,N1,M0,c,ANY,ANY,ANY,G2,Positive,Positive,Negative,IIA
T0,N1a,M0,c,ANY,ANY,ANY,G2,Positive,Positive,Negative,IIA
T0,N1b,M0,c,ANY,ANY,ANY,G2,Positive,Positive,Negative,IIA
T0,N1c,M0,c,ANY,ANY,ANY,G2,Positive,Positive,Negative,IIA
T1,N1,M0,c,ANY,ANY,ANY,G2,Positive,Positive,Negative,IIA
T1,N1a,M0,c,ANY,ANY,ANY,G2,Positive,Positive,Negative,IIA
T1,N1b,M0,c,ANY,ANY,ANY,G2,Positive,Positive,Negative,IIA
T1,N1c,M0,c,ANY,ANY,ANY,G2,Positive,Positive,Negative,IIA
T1mi,N1,M0,c,ANY,ANY,ANY,G2,Positive,Positive,Negative,IIA
T1mi,N1a,M0,c,ANY,ANY,ANY,G2,Positive,Positive,Negative,IIA
T1mi,N1b,M0,c,ANY,ANY,ANY,G2,Positive,Positive,Negative,IIA
T1mi,N1c,M0,c,ANY,ANY,ANY,G2,Positive,Positive,Negative,IIA
T1a,N1,M0,c,ANY,ANY,ANY,G2,Positive,Positive,Negative,IIA
T1a,N1a,M0,c,ANY,ANY,ANY,G2,Positive,Positive,Negative,IIA
T1a,N1b,M0,c,ANY,ANY,ANY,G2,Positive,Positive,Negative,IIA
T1a,N1c,M0,c,ANY,ANY,ANY,G2,Positive,Positive,Negative,IIA
T1b,N1,M0,c,ANY,ANY,ANY,G2,Positive,Positive,Negative,IIA
T1b,N1a,M0,c,ANY,ANY,ANY,G2,Positive,Positive,Negative,IIA
T1b,N1b,M0,c,ANY,ANY,ANY,G2,Positive,Positive,Negative,IIA
T1b,N1c,M0,c,ANY,ANY,ANY,G2,Positive,Positive,Negative,IIA
T1c,N1,M0,c,ANY,ANY,ANY,G2,Positive,Positive,Negative,IIA
T1c,N1a,M0,c,ANY,ANY,ANY,G2,Positive,Positive,Negative,IIA
T1c,N1b,M0,c,ANY,ANY,ANY,G2,Positive,Positive,Negative,IIA
T1c,N1c,M0,c,ANY,ANY,ANY,G2,Positive,Positive,Negative,IIA
T2,N0,M0,c,ANY,ANY,ANY,G2,Positive,Positive,Negative,IIA
T0,N1,M0,c,ANY,ANY,ANY,G2,Positive,Negative,Positive,IIA
T0,N1a,M0,c,ANY,ANY,ANY,G2,Positive,Negative,Positive,IIA
T0,N1b,M0,c,ANY,ANY,ANY,G2,Positive,Negative,Positive,IIA
T0,N1c,M0,c,ANY,ANY,ANY,G2,Positive,Negative,Positive,IIA
T1,N1,M0,c,ANY,ANY,ANY,G2,Positive,Negative,Positive,IIA
T1,N1a,M0,c,ANY,ANY,ANY,G2,Positive,Negative,Positive,IIA
T1,N1b,M0,c,ANY,ANY,ANY,G2,Positive,Negative,Positive,IIA
T1,N1c,M0,c,ANY,ANY,ANY,G2,Positive,Negative,Positive,IIA
T1mi,N1,M0,c,ANY,ANY,ANY,G2,Positive,Negative,Positive,IIA
T1mi,N1a,M0,c,ANY,ANY,ANY,G2,Positive,Negative,Positive,IIA
T1mi,N1b,M0,c,ANY,ANY,ANY,G2,Positive,Negative,Positive,IIA
T1mi,N1c,M0,c,ANY,ANY,ANY,G2,Positive,Negative,Positive,IIA
T1a,N1,M0,c,ANY,ANY,ANY,G2,Positive,Negative,Positive,IIA
T1a,N1a,M0,c,ANY,ANY,ANY,G2,Positive,Negative,Positive,IIA
T1a,N1b,M0,c,ANY,ANY,ANY,G2,Positive,Negative,Positive,IIA
T1a,N1c,M0,c,ANY,ANY,ANY,G2,Positive,Negative,Positive,IIA
T1b,N1,M0,c,ANY,ANY,ANY,G2,Positive,Negative,Positive,IIA
T1b,N1a,M0,c,ANY,ANY,ANY,G2,Positive,Negative,Positive,IIA
T1b,N1b,M0,c,ANY,ANY,ANY,G2,Positive,Negative,Positive,IIA
T1b,N1c,M0,c,ANY,ANY,ANY,G2,Positive,Negative,Positive,IIA
T1c,N1,M0,c,ANY,ANY,ANY,G2,Positive,Negative,Positive,IIA
T1c,N1a,M0,c,ANY,ANY,ANY,G2,Positive,Negative,Positive,IIA
T1c,N1b,M0,c,ANY,ANY,ANY,G2,Positive,Negative,Positive,IIA
T1c,N1c,M0,c,ANY,ANY,ANY,G2,Positive,Negative,Positive,IIA
T2,N0,M0,c,ANY,ANY,ANY,G2,Positive,Negative,Positive,IIA
T0,N1,M0,c,ANY,ANY,ANY,G2,Positive,Negative,Negative,IIA
T0,N1a,M0,c,ANY,ANY,ANY,G2,Positive,Negative,Negative,IIA
T0,N1b,M0,c,ANY,ANY,ANY,G2,Positive,Negative,Negative,IIA
T0,N1c,M0,c,ANY,ANY,ANY,G2,Positive,Negative,Negative,IIA
T1,N1,M0,c,ANY,ANY,ANY,G2,Positive,Negative,Negative,IIA
T1,N1a,M0,c,ANY,ANY,ANY,G2,Positive,Negative,Negative,IIA
T1,N1b,M0,c,ANY,ANY,ANY,G2,Positive,Negative,Negative,IIA
T1,N1c,M0,c,ANY,ANY,ANY,G2,Positive,Negative,Negative,IIA
T1mi,N1,M0,c,ANY,ANY,ANY,G2,Positive,Negative,Negative,IIA
T1mi,N1a,M0,c,ANY,ANY,ANY,G2,Positive,Negative,Negative,IIA
T1mi,N1b,M0,c,ANY,ANY,ANY,G2,Positive,Negative,Negative,IIA
T1mi,N1c,M0,c,ANY,ANY,ANY,G2,Positive,Negative,Negative,IIA
T1a,N1,M0,c,ANY,ANY,ANY,G2,Positive,Negative,Negative,IIA
T1a,N1a,M0,c,ANY,ANY,ANY,G2,Positive,Negative,Negative,IIA
T1a,N1b,M0,c,ANY,ANY,ANY,G2,Positive,Negative,Negative,IIA
T1a,N1c,M0,c,ANY,ANY,ANY,G2,Positive,Negative,Negative,IIA
T1b,N1,M0,c,ANY,ANY,ANY,G2,Positive,Negative,Negative,IIA
T1b,N1a,M0,c,ANY,ANY,ANY,G2,Positive,Negative,Negative,IIA
T1b,N1b,M0,c,ANY,ANY,ANY,G2,Positive,Negative,Negative,IIA
T1b,N1c,M0,c,ANY,ANY,ANY,G2,Positive,Negative,Negative,IIA
T1c,N1,M0,c,ANY,ANY,ANY,G2,Positive,Negative,Negative,IIA
T1c,N1a,M0,c,ANY,ANY,ANY,G2,Positive,Negative,Negative,IIA
T1c,N1b,M0,c,ANY,ANY,ANY,G2,Positive,Negative,Negative,IIA
T1c,N1c,M0,c,ANY,ANY,ANY,G2,Positive,Negative,Negative,IIA
T2,N0,M0,c,ANY,ANY,ANY,G2,Positive,Negative,Negative,IIA
T0,N1,M0,c,ANY,ANY,ANY,G2,Negative,Positive,Positive,IB
T0,N1a,M0,c,ANY,ANY,ANY,G2,Negative,Positive,Positive,IB
T0,N1b,M0,c,ANY,ANY,ANY,G2,Negative,Positive,Positive,IB
T0,N1c,M0,c,ANY,ANY,ANY,G2,Negative,Positive,Positive,IB
T1,N1,M0,c,ANY,ANY,ANY,G2,Negative,Positive,Positive,IB
T1,N1a,M0,c,ANY,ANY,ANY,G2,Negative,Positive,Positive,IB
T1,N1b,M0,c,ANY,ANY,ANY,G2,Negative,Positive,Positive,IB
T1,N1c,M0,c,ANY,ANY,ANY,G2,Negative,Positive,Positive,IB
T1mi,N1,M0,c,ANY,ANY,ANY,G2,Negative,Positive,Positive,IB
T1mi,N1a,M0,c,ANY,ANY,ANY,G2,Negative,Positive,Positive,IB
T1mi,N1b,M0,c,ANY,ANY,ANY,G2,Negative,Positive,Positive,IB
T1mi,N1c,M0,c,ANY,ANY,ANY,G2,Negative,Positive,Positive,IB
T1a,N1,M0,c,ANY,ANY,ANY,G2,Negative,Positive,Positive,IB
T1a,N1a,M0,c,ANY,ANY,ANY,G2,Negative,Positive,Positive,IB
T1a,N1b,M0,c,ANY,ANY,ANY,G2,Negative,Positive,Positive,IB
T1a,N1c,M0,c,ANY,ANY,ANY,G2,Negative,Positive,Positive,IB
T1b,N1,M0,c,ANY,ANY,ANY,G2,Negative,Positive,Positive,IB
T1b,N1a,M0,c,ANY,ANY,ANY,G2,Negative,Positive,Positive,IB
T1b,N1b,M0,c,ANY,ANY,ANY,G2,Negative,Positive,Positive,IB
T1b,N1c,M0,c,ANY,ANY,ANY,G2,Negative,Positive,Positive,IB
T1c,N1,M0,c,ANY,ANY,ANY,G2,Negative,Positive,Positive,IB
T1c,N1a,M0,c,ANY,ANY,ANY,G2,Negative,Positive,Positive,IB
T1c,N1b,M0,c,ANY,ANY,ANY,G2,Negative,Positive,Positive,IB
T1c,N1c,M0,c,ANY,ANY,ANY,G2,Negative,Positive,Positive,IB
T2,N0,M0,c,ANY,ANY,ANY,G2,Negative,Positive,Positive,IB
T0,N1,M0,c,ANY,ANY,ANY,G2,Negative,Positive,Negative,IIA
T0,N1a,M0,c,ANY,ANY,ANY,G2,Negative,Positive,Negative,IIA
T0,N1b,M0,c,ANY,ANY,ANY,G2,Negative,Positive,Negative,IIA
T0,N1c,M0,c,ANY,ANY,ANY,G2,Negative,Positive,Negative,IIA
T1,N1,M0,c,ANY,ANY,ANY,G2,Negative,Positive,Negative,IIA
T1,N1a,M0,c,ANY,ANY,ANY,G2,Negative,Positive,Negative,IIA
T1,N1b,M0,c,ANY,ANY,ANY,G2,Negative,Positive,Negative,IIA
T1,N1c,M0,c,ANY,ANY,ANY,G2,Negative,Positive,Negative,IIA
T1mi,N1,M0,c,ANY,ANY,ANY,G2,Negative,Positive,Negative,IIA
T1mi,N1a,M0,c,ANY,ANY,ANY,G2,Negative,Positive,Negative,IIA
T1mi,N1b,M0,c,ANY,ANY,ANY,G2,Negative,Positive,Negative,IIA
T1mi,N1c,M0,c,ANY,ANY,ANY,G2,Negative,Positive,Negative,IIA
T1a,N1,M0,c,ANY,ANY,ANY,G2,Negative,Positive,Negative,IIA
T1a,N1a,M0,c,ANY,ANY,ANY,G2,Negative,Positive,Negative,IIA
T1a,N1b,M0,c,ANY,ANY,ANY,G2,Negative,Positive,Negative,IIA
T1a,N1c,M0,c,ANY,ANY,ANY,G2,Negative,Positive,Negative,IIA
T1b,N1,M0,c,ANY,ANY,ANY,G2,Negative,Positive,Negative,IIA
T1b,N1a,M0,c,ANY,ANY,ANY,G2,Negative,Positive,Negative,IIA
T1b,N1b,M0,c,ANY,ANY,ANY,G2,Negative,Positive,Negative,IIA
T1b,N1c,M0,c,ANY,ANY,ANY,G2,Negative,Positive,Negative,IIA
T1c,N1,M0,c,ANY,ANY,ANY,G2,Negative,Positive,Negative,IIA
T1c,N1a,M0,c,ANY,ANY,ANY,G2,Negative,Positive,Negative,IIA
T1c,N1b,M0,c,ANY,ANY,ANY,G2,Negative,Positive,Negative,IIA
T1c,N1c,M0,c,ANY,ANY,ANY,G2,Negative,Positive,Negative,IIA
T2,N0,M0,c,ANY,ANY,ANY,G2,Negative,Positive,Negative,IIA
T0,N1,M0,c,ANY,ANY,ANY,G2,Negative,Negative,Positive,IIA
T0,N1a,M0,c,ANY,ANY,ANY,G2,Negative,Negative,Positive,IIA
T0,N1b,M0,c,ANY,ANY,ANY,G2,Negative,Negative,Positive,IIA
T0,N1c,M0,c,ANY,ANY,ANY,G2,Negative,Negative,Positive,IIA
T1,N1,M0,c,ANY,ANY,ANY,G2,Negative,Negative,Positive,IIA
T1,N1a,M0,c,ANY,ANY,ANY,G2,Negative,Negative,Positive,IIA
T1,N1b,M0,c,ANY,ANY,ANY,G2,Negative,Negative,Positive,IIA
T1,N1c,M0,c,ANY,ANY,ANY,G2,Negative,Negative,Positive,IIA
T1mi,N1,M0,c,ANY,ANY,ANY,G2,Negative,Negative,Positive,IIA
T1mi,N1a,M0,c,ANY,ANY,ANY,G2,Negative,Negative,Positive,IIA
T1mi,N1b,M0,c,ANY,ANY,ANY,G2,Negative,Negative,Positive,IIA
T1mi,N1c,M0,c,ANY,ANY,ANY,G2,Negative,Negative,Positive,IIA
T1a,N1,M0,c,ANY,ANY,ANY,G2,Negative,Negative,Positive,IIA
T1a,N1a,M0,c,ANY,ANY,ANY,G2,Negative,Negative,Positive,IIA
T1a,N1b,M0,c,ANY,ANY,ANY,G2,Negative,Negative,Positive,IIA
T1a,N1c,M0,c,ANY,ANY,ANY,G2,Negative,Negative,Positive,IIA
T1b,N1,M0,c,ANY,ANY,ANY,G2,Negative,Negative,Positive,IIA
T1b,N1a,M0,c,ANY,ANY,ANY,G2,Negative,Negative,Positive,IIA
T1b,N1b,M0,c,ANY,ANY,ANY,G2,Negative,Negative,Positive,IIA
T1b,N1c,M0,c,ANY,ANY,ANY,G2,Negative,Negative,Positive,IIA
T1c,N1,M0,c,ANY,ANY,ANY,G2,Negative,Negative,Positive,IIA
T1c,N1a,M0,c,ANY,ANY,ANY,G2,Negative,Negative,Positive,IIA
T1c,N1b,M0,c,ANY,ANY,ANY,G2,Negative,Negative,Positive,IIA
T1c,N1c,M0,c,ANY,ANY,ANY,G2,Negative,Negative,Positive,IIA
T2,N0,M0,c,ANY,ANY,ANY,G2,Negative,Negative,Positive,IIA
T0,N1,M0,c,ANY,ANY,ANY,G2,Negative,Negative,Negative,IIB
T0,N1a,M0,c,ANY,ANY,ANY,G2,Negative,Negative,Negative,IIB
T0,N1b,M0,c,ANY,ANY,ANY,G2,Negative,Negative,Negative,IIB
T0,N1c,M0,c,ANY,ANY,ANY,G2,Negative,Negative,Negative,IIB
T1,N1,M0,c,ANY,ANY,ANY,G2,Negative,Negative,Negative,IIB
T1,N1a,M0,c,ANY,ANY,ANY,G2,Negative,Negative,Negative,IIB
T1,N1b,M0,c,ANY,ANY,ANY,G2,Negative,Negative,Negative,IIB
T1,N1c,M0,c,ANY,ANY,ANY,G2,Negative,Negative,Negative,IIB
T1mi,N1,M0,c,ANY,ANY,ANY,G2,Negative,Negative,Negative,IIB
T1mi,N1a,M0,c,ANY,ANY,ANY,G2,Negative,Negative,Negative,IIB
T1mi,N1b,M0,c,ANY,ANY,ANY,G2,Negative,Negative,Negative,IIB
T1mi,N1c,M0,c,ANY,ANY,ANY,G2,Negative,Negative,Negative,IIB
T1a,N1,M0,c,ANY,ANY,ANY,G2,Negative,Negative,Negative,IIB
T1a,N1a,M0,c,ANY,ANY,ANY,G2,Negative,Negative,Negative,IIB
T1a,N1b,M0,c,ANY,ANY,ANY,G2,Negative,Negative,Negative,IIB
T1a,N1c,M0,c,ANY,ANY,ANY,G2,Negative,Negative,Negative,IIB
T1b,N1,M0,c,ANY,ANY,ANY,G2,Negative,Negative,Negative,IIB
T1b,N1a,M0,c,ANY,ANY,ANY,G2,Negative,Negative,Negative,IIB
T1b,N1b,M0,c,ANY,ANY,ANY,G2,Negative,Negative,Negative,IIB
T1b,N1c,M0,c,ANY,ANY,ANY,G2,Negative,Negative,Negative,IIB
T1c,N1,M0,c,ANY,ANY,ANY,G2,Negative,Negative,Negative,IIB
T1c,N1a,M0,c,ANY,ANY,ANY,G2,Negative,Negative,Negative,IIB
T1c,N1b,M0,c,ANY,ANY,ANY,G2,Negative,Negative,Negative,IIB
T1c,N1c,M0,c,ANY,ANY,ANY,G2,Negative,Negative,Negative,IIB
T2,N0,M0,c,ANY,ANY,ANY,G2,Negative,Negative,Negative,IIB
T0,N1,M0,c,ANY,ANY,ANY,G3,Positive,Positive,Positive,IB
T0,N1a,M0,c,ANY,ANY,ANY,G3,Positive,Positive,Positive,IB
T0,N1b,M0,c,ANY,ANY,ANY,G3,Positive,Positive,Positive,IB
T0,N1c,M0,c,ANY,ANY,ANY,G3,Positive,Positive,Positive,IB
T1,N1,M0,c,ANY,ANY,ANY,G3,Positive,Positive,Positive,IB
T1,N1a,M0,c,ANY,ANY,ANY,G3,Positive,Positive,Positive,IB
T1,N1b,M0,c,ANY,ANY,ANY,G3,Positive,Positive,Positive,IB
T1,N1c,M0,c,ANY,ANY,ANY,G3,Positive,Positive,Positive,IB
T1mi,N1,M0,c,ANY,ANY,ANY,G3,Positive,Positive,Positive,IB
T1mi,N1a,M0,c,ANY,ANY,ANY,G3,Positive,Positive,Positive,IB
T1mi,N1b,M0,c,ANY,ANY,ANY,G3,Positive,Positive,Positive,IB
T1mi,N1c,M0,c,ANY,ANY,ANY,G3,Positive,Positive,Positive,IB
T1a,N1,M0,c,ANY,ANY,ANY,G3,Positive,Positive,Positive,IB
T1a,N1a,M0,c,ANY,ANY,ANY,G3,Positive,Positive,Positive,IB
T1a,N1b,M0,c,ANY,ANY,ANY,G3,Positive,Positive,Positive,IB
T1a,N1c,M0,c,ANY,ANY,ANY,G3,Positive,Positive,Positive,IB
T1b,N1,M0,c,ANY,ANY,ANY,G3,Positive,Positive,Positive,IB
T1b,N1a,M0,c,ANY,ANY,ANY,G3,Positive,Positive,Positive,IB
T1b,N1b,M0,c,ANY,ANY,ANY,G3,Positive,Positive,Positive,IB
T1b,N1c,M0,c,ANY,ANY,ANY,G3,Positive,Positive,Positive,IB
T1c,N1,M0,c,ANY,ANY,ANY,G3,Positive,Positive,Positive,IB
T1c,N1a,M0,c,ANY,ANY,ANY,G3,Positive,Positive,Positive,IB
T1c,N1b,M0,c,ANY,ANY,ANY,G3,Positive,Positive,Positive,IB
T1c,N1c,M0,c,ANY,ANY,ANY,G3,Positive,Positive,Positive,IB
T2,N0,M0,c,ANY,ANY,ANY,G3,Positive,Positive,Positive,IB
T0,N1,M0,c,ANY,ANY,ANY,G3,Positive,Positive,Negative,IIA
T0,N1a,M0,c,ANY,ANY,ANY,G3,Positive,Positive,Negative,IIA
T0,N1b,M0,c,ANY,ANY,ANY,G3,Positive,Positive,Negative,IIA
T0,N1c,M0,c,ANY,ANY,ANY,G3,Positive,Positive,Negative,IIA
T1,N1,M0,c,ANY,ANY,ANY,G3,Positive,Positive,Negative,IIA
T1,N1a,M0,c,ANY,ANY,ANY,G3,Positive,Positive,Negative,IIA
T1,N1b,M0,c,ANY,ANY,ANY,G3,Positive,Positive,Negative,IIA
T1,N1c,M0,c,ANY,ANY,ANY,G3,Positive,Positive,Negative,IIA
T1mi,N1,M0,c,ANY,ANY,ANY,G3,Positive,Positive,Negative,IIA
T1mi,N1a,M0,c,ANY,ANY,ANY,G3,Positive,Positive,Negative,IIA
T1mi,N1b,M0,c,ANY,ANY,ANY,G3,Positive,Positive,Negative,IIA
T1mi,N1c,M0,c,ANY,ANY,ANY,G3,Positive,Positive,Negative,IIA
T1a,N1,M0,c,ANY,ANY,ANY,G3,Positive,Positive,Negative,IIA
T1a,N1a,M0,c,ANY,ANY,ANY,G3,Positive,Positive,Negative,IIA
T1a,N1b,M0,c,ANY,ANY,ANY,G3,Positive,Positive,Negative,IIA
T1a,N1c,M0,c,ANY,ANY,ANY,G3,Positive,Positive,Negative,IIA
T1b,N1,M0,c,ANY,ANY,ANY,G3,Positive,Positive,Negative,IIA
T1b,N1a,M0,c,ANY,ANY,ANY,G3,Positive,Positive,Negative,IIA
T1b,N1b,M0,c,ANY,ANY,ANY,G3,Positive,Positive,Negative,IIA
T1b,N1c,M0,c,ANY,ANY,ANY,G3,Positive,Positive,Negative,IIA
T1c,N1,M0,c,ANY,ANY,ANY,G3,Positive,Positive,Negative,IIA
T1c,N1a,M0,c,ANY,ANY,ANY,G3,Positive,Positive,Negative,IIA
T1c,N1b,M0,c,ANY,ANY,ANY,G3,Positive,Positive,Negative,IIA
T1c,N1c,M0,c,ANY,ANY,ANY,G3,Positive,Positive,Negative,IIA
T2,N0,M0,c,ANY,ANY,ANY,G3,Positive,Positive,Negative,IIA
T0,N1,M0,c,ANY,ANY,ANY,G3,Positive,Negative,Positive,IIA
T0,N1a,M0,c,ANY,ANY,ANY,G3,Positive,Negative,Positive,IIA
T0,N1b,M0,c,ANY,ANY,ANY,G3,Positive,Negative,Positive,IIA
T0,N1c,M0,c,ANY,ANY,ANY,G3,Positive,Negative,Positive,IIA
T1,N1,M0,c,ANY,ANY,ANY,G3,Positive,Negative,Positive,IIA
T1,N1a,M0,c,ANY,ANY,ANY,G3,Positive,Negative,Positive,IIA
T1,N1b,M0,c,ANY,ANY,ANY,G3,Positive,Negative,Positive,IIA
T1,N1c,M0,c,ANY,ANY,ANY,G3,Positive,Negative,Positive,IIA
T1mi,N1,M0,c,ANY,ANY,ANY,G3,Positive,Negative,Positive,IIA
T1mi,N1a,M0,c,ANY,ANY,ANY,G3,Positive,Negative,Positive,IIA
T1mi,N1b,M0,c,ANY,ANY,ANY,G3,Positive,Negative,Positive,IIA
T1mi,N1c,M0,c,ANY,ANY,ANY,G3,Positive,Negative,Positive,IIA
T1a,N1,M0,c,ANY,ANY,ANY,G3,Positive,Negative,Positive,IIA
T1a,N1a,M0,c,ANY,ANY,ANY,G3,Positive,Negative,Positive,IIA
T1a,N1b,M0,c,ANY,ANY,ANY,G3,Positive,Negative,Positive,IIA
T1a,N1c,M0,c,ANY,ANY,ANY,G3,Positive,Negative,Positive,IIA
T1b,N1,M0,c,ANY,ANY,ANY,G3,Positive,Negative,Positive,IIA
T1b,N1a,M0,c,ANY,ANY,ANY,G3,Positive,Negative,Positive,IIA
T1b,N1b,M0,c,ANY,ANY,ANY,G3,Positive,Negative,Positive,IIA
T1b,N1c,M0,c,ANY,ANY,ANY,G3,Positive,Negative,Positive,IIA
T1c,N1,M0,c,ANY,ANY,ANY,G3,Positive,Negative,Positive,IIA
T1c,N1a,M0,c,ANY,ANY,ANY,G3,Positive,Negative,Positive,IIA
T1c,N1b,M0,c,ANY,ANY,ANY,G3,Positive,Negative,Positive,IIA
T1c,N1c,M0,c,ANY,ANY,ANY,G3,Positive,Negative,Positive,IIA
T2,N0,M0,c,ANY,ANY,ANY,G3,Positive,Negative,Positive,IIA
T0,N1,M0,c,ANY,ANY,ANY,G3,Positive,Negative,Negative,IIA
T0,N1a,M0,c,ANY,ANY,ANY,G3,Positive,Negative,Negative,IIA
T0,N1b,M0,c,ANY,ANY,ANY,G3,Positive,Negative,Negative,IIA
T0,N1c,M0,c,ANY,ANY,ANY,G3,Positive,Negative,Negative,IIA
T1,N1,M0,c,ANY,ANY,ANY,G3,Positive,Negative,Negative,IIA
T1,N1a,M0,c,ANY,ANY,ANY,G3,Positive,Negative,Negative,IIA
T1,N1b,M0,c,ANY,ANY,ANY,G3,Positive,Negative,Negative,IIA
T1,N1c,M0,c,ANY,ANY,ANY,G3,Positive,Negative,Negative,IIA
T1mi,N1,M0,c,ANY,ANY,ANY,G3,Positive,Negative,Negative,IIA
T1mi,N1a,M0,c,ANY,ANY,ANY,G3,Positive,Negative,Negative,IIA
T1mi,N1b,M0,c,ANY,ANY,ANY,G3,Positive,Negative,Negative,IIA
T1mi,N1c,M0,c,ANY,ANY,ANY,G3,Positive,Negative,Negative,IIA
T1a,N1,M0,c,ANY,ANY,ANY,G3,Positive,Negative,Negative,IIA
T1a,N1a,M0,c,ANY,ANY,ANY,G3,Positive,Negative,Negative,IIA
T1a,N1b,M0,c,ANY,ANY,ANY,G3,Positive,Negative,Negative,IIA
T1a,N1c,M0,c,ANY,ANY,ANY,G3,Positive,Negative,Negative,IIA
T1b,N1,M0,c,ANY,ANY,ANY,G3,Positive,Negative,Negative,IIA
T1b,N1a,M0,c,ANY,ANY,ANY,G3,Positive,Negative,Negative,IIA
T1b,N1b,M0,c,ANY,ANY,ANY,G3,Positive,Negative,Negative,IIA
T1b,N1c,M0,c,ANY,ANY,ANY,G3,Positive,Negative,Negative,IIA
T1c,N1,M0,c,ANY,ANY,ANY,G3,Positive,Negative,Negative,IIA
T1c,N1a,M0,c,ANY,ANY,ANY,G3,Positive,Negative,Negative,IIA
T1c,N1b,M0,c,ANY,ANY,ANY,G3,Positive,Negative,Negative,IIA
T1c,N1c,M0,c,ANY,ANY,ANY,G3,Positive,Negative,Negative,IIA
T2,N0,M0,c,ANY,ANY,ANY,G3,Positive,Negative,Negative,IIA
T0,N1,M0,c,ANY,ANY,ANY,G3,Negative,Positive,Positive,IIA
T0,N1a,M0,c,ANY,ANY,ANY,G3,Negative,Positive,Positive,IIA
T0,N1b,M0,c,ANY,ANY,ANY,G3,Negative,Positive,Positive,IIA
T0,N1c,M0,c,ANY,ANY,ANY,G3,Negative,Positive,Positive,IIA
T1,N1,M0,c,ANY,ANY,ANY,G3,Negative,Positive,Positive,IIA
T1,N1a,M0,c,ANY,ANY,ANY,G3,Negative,Positive,Positive,IIA
T1,N1b,M0,c,ANY,ANY,ANY,G3,Negative,Positive,Positive,IIA
T1,N1c,M0,c,ANY,ANY,ANY,G3,Negative,Positive,Positive,IIA
T1mi,N1,M0,c,ANY,ANY,ANY,G3,Negative,Positive,Positive,IIA
T1mi,N1a,M0,c,ANY,ANY,ANY,G3,Negative,Positive,Positive,IIA
T1mi,N1b,M0,c,ANY,ANY,ANY,G3,Negative,Positive,Positive,IIA
T1mi,N1c,M0,c,ANY,ANY,ANY,G3,Negative,Positive,Positive,IIA
T1a,N1,M0,c,ANY,ANY,ANY,G3,Negative,Positive,Positive,IIA
T1a,N1a,M0,c,ANY,ANY,ANY,G3,Negative,Positive,Positive,IIA
T1a,N1b,M0,c,ANY,ANY,ANY,G3,Negative,Positive,Positive,IIA
T1a,N1c,M0,c,ANY,ANY,ANY,G3,Negative,Positive,Positive,IIA
T1b,N1,M0,c,ANY,ANY,ANY,G3,Negative,Positive,Positive,IIA
T1b,N1a,M0,c,ANY,ANY,ANY,G3,Negative,Positive,Positive,IIA
T1b,N1b,M0,c,ANY,ANY,ANY,G3,Negative,Positive,Positive,IIA
T1b,N1c,M0,c,ANY,ANY,ANY,G3,Negative,Positive,Positive,IIA
T1c,N1,M0,c,ANY,ANY,ANY,G3,Negative,Positive,Positive,IIA
T1c,N1a,M0,c,ANY,ANY,ANY,G3,Negative,Positive,Positive,IIA
T1c,N1b,M0,c,ANY,ANY,ANY,G3,Negative,Positive,Positive,IIA
T1c,N1c,M0,c,ANY,ANY,ANY,G3,Negative,Positive,Positive,IIA
T2,N0,M0,c,ANY,ANY,ANY,G3,Negative,Positive,Positive,IIA
T0,N1,M0,c,ANY,ANY,ANY,G3,Negative,Positive,Negative,IIB
T0,N1a,M0,c,ANY,ANY,ANY,G3,Negative,Positive,Negative,IIB
T0,N1b,M0,c,ANY,ANY,ANY,G3,Negative,Positive,Negative,IIB
T0,N1c,M0,c,ANY,ANY,ANY,G3,Negative,Positive,Negative,IIB
T1,N1,M0,c,ANY,ANY,ANY,G3,Negative,Positive,Negative,IIB
T1,N1a,M0,c,ANY,ANY,ANY,G3,Negative,Positive,Negative,IIB
T1,N1b,M0,c,ANY,ANY,ANY,G3,Negative,Positive,Negative,IIB
T1,N1c,M0,c,ANY,ANY,ANY,G3,Negative,Positive,Negative,IIB
T1mi,N1,M0,c,ANY,ANY,ANY,G3,Negative,Positive,Negative,IIB
T1mi,N1a,M0,c,ANY,ANY,ANY,G3,Negative,Positive,Negative,IIB
T1mi,N1b,M0,c,ANY,ANY,ANY,G3,Negative,Positive,Negative,IIB
T1mi,N1c,M0,c,ANY,ANY,ANY,G3,Negative,Positive,Negative,IIB
T1a,N1,M0,c,ANY,ANY,ANY,G3,Negative,Positive,Negative,IIB
T1a,N1a,M0,c,ANY,ANY,ANY,G3,Negative,Positive,Negative,IIB
T1a,N1b,M0,c,ANY,ANY,ANY,G3,Negative,Positive,Negative,IIB
T1a,N1c,M0,c,ANY,ANY,ANY,G3,Negative,Positive,Negative,IIB
T1b,N1,M0,c,ANY,ANY,ANY,G3,Negative,Positive,Negative,IIB
T1b,N1a,M0,c,ANY,ANY,ANY,G3,Negative,Positive,Negative,IIB
T1b,N1b,M0,c,ANY,ANY,ANY,G3,Negative,Positive,Negative,IIB
T1b,N1c,M0,c,ANY,ANY,ANY,G3,Negative,Positive,Negative,IIB
T1c,N1,M0,c,ANY,ANY,ANY,G3,Negative,Positive,Negative,IIB
T1c,N1a,M0,c,ANY,ANY,ANY,G3,Negative,Positive,Negative,IIB
T1c,N1b,M0,c,ANY,ANY,ANY,G3,Negative,Positive,Negative,IIB
T1c,N1c,M0,c,ANY,ANY,ANY,G3,Negative,Positive,Negative,IIB
T2,N0,M0,c,ANY,ANY,ANY,G3,Negative,Positive,Negative,IIB
T0,N1,M0,c,ANY,ANY,ANY,G3,Negative,Negative,Positive,IIB
T0,N1a,M0,c,ANY,ANY,ANY,G3,Negative,Negative,Positive,IIB
T0,N1b,M0,c,ANY,ANY,ANY,G3,Negative,Negative,Positive,IIB
T0,N1c,M0,c,ANY,ANY,ANY,G3,Negative,Negative,Positive,IIB
T1,N1,M0,c,ANY,ANY,ANY,G3,Negative,Negative,Positive,IIB
T1,N1a,M0,c,ANY,ANY,ANY,G3,Negative,Negative,Positive,IIB
T1,N1b,M0,c,ANY,ANY,ANY,G3,Negative,Negative,Positive,IIB
T1,N1c,M0,c,ANY,ANY,ANY,G3,Negative,Negative,Positive,IIB
T1mi,N1,M0,c,ANY,ANY,ANY,G3,Negative,Negative,Positive,IIB
T1mi,N1a,M0,c,ANY,ANY,ANY,G3,Negative,Negative,Positive,IIB
T1mi,N1b,M0,c,ANY,ANY,ANY,G3,Negative,Negative,Positive,IIB
T1mi,N1c,M0,c,ANY,ANY,ANY,G3,Negative,Negative,Positive,IIB
T1a,N1,M0,c,ANY,ANY,ANY,G3,Negative,Negative,Positive,IIB
T1a,N1a,M0,c,ANY,ANY,ANY,G3,Negative,Negative,Positive,IIB
T1a,N1b,M0,c,ANY,ANY,ANY,G3,Negative,Negative,Positive,IIB
T1a,N1c,M0,c,ANY,ANY,ANY,G3,Negative,Negative,Positive,IIB
T1b,N1,M0,c,ANY,ANY,ANY,G3,Negative,Negative,Positive,IIB
T1b,N1a,M0,c,ANY,ANY,ANY,G3,Negative,Negative,Positive,IIB
T1b,N1b,M0,c,ANY,ANY,ANY,G3,Negative,Negative,Positive,IIB
T1b,N1c,M0,c,ANY,ANY,ANY,G3,Negative,Negative,Positive,IIB
T1c,N1,M0,c,ANY,ANY,ANY,G3,Negative,Negative,Positive,IIB
T1c,N1a,M0,c,ANY,ANY,ANY,G3,Negative,Negative,Positive,IIB
T1c,N1b,M0,c,ANY,ANY,ANY,G3,Negative,Negative,Positive,IIB
T1c,N1c,M0,c,ANY,ANY,ANY,G3,Negative,Negative,Positive,IIB
T2,N0,M0,c,ANY,ANY,ANY,G3,Negative,Negative,Positive,IIB
T0,N1,M0,c,ANY,ANY,ANY,G3,Negative,Negative,Negative,IIB
T0,N1a,M0,c,ANY,ANY,ANY,G3,Negative,Negative,Negative,IIB
T0,N1b,M0,c,ANY,ANY,ANY,G3,Negative,Negative,Negative,IIB
T0,N1c,M0,c,ANY,ANY,ANY,G3,Negative,Negative,Negative,IIB
T1,N1,M0,c,ANY,ANY,ANY,G3,Negative,Negative,Negative,IIB
T1,N1a,M0,c,ANY,ANY,ANY,G3,Negative,Negative,Negative,IIB
T1,N1b,M0,c,ANY,ANY,ANY,G3,Negative,Negative,Negative,IIB
T1,N1c,M0,c,ANY,ANY,ANY,G3,Negative,Negative,Negative,IIB
T1mi,N1,M0,c,ANY,ANY,ANY,G3,Negative,Negative,Negative,IIB
T1mi,N1a,M0,c,ANY,ANY,ANY,G3,Negative,Negative,Negative,IIB
T1mi,N1b,M0,c,ANY,ANY,ANY,G3,Negative,Negative,Negative,IIB
T1mi,N1c,M0,c,ANY,ANY,ANY,G3,Negative,Negative,Negative,IIB
T1a,N1,M0,c,ANY,ANY,ANY,G3,Negative,Negative,Negative,IIB
T1a,N1a,M0,c,ANY,ANY,ANY,G3,Negative,Negative,Negative,IIB
T1a,N1b,M0,c,ANY,ANY,ANY,G3,Negative,Negative,Negative,IIB
T1a,N1c,M0,c,ANY,ANY,ANY,G3,Negative,Negative,Negative,IIB
T1b,N1,M0,c,ANY,ANY,ANY,G3,Negative,Negative,Negative,IIB
T1b,N1a,M0,c,ANY,ANY,ANY,G3,Negative,Negative,Negative,IIB
T1b,N1b,M0,c,ANY,ANY,ANY,G3,Negative,Negative,Negative,IIB
T1b,N1c,M0,c,ANY,ANY,ANY,G3,Negative,Negative,Negative,IIB
T1c,N1,M0,c,ANY,ANY,ANY,G3,Negative,Negative,Negative,IIB
T1c,N1a,M0,c,ANY,ANY,ANY,G3,Negative,Negative,Negative,IIB
T1c,N1b,M0,c,ANY,ANY,ANY,G3,Negative,Negative,Negative,IIB
T1c,N1c,M0,c,ANY,ANY,ANY,G3,Negative,Negative,Negative,IIB
T2,N0,M0,c,ANY,ANY,ANY,G3,Negative,Negative,Negative,IIB
T2,N1,M0,c,ANY,ANY,ANY,G1,Positive,Positive,Positive,IB
T2,N1a,M0,c,ANY,ANY,ANY,G1,Positive,Positive,Positive,IB
T2,N1b,M0,c,ANY,ANY,ANY,G1,Positive,Positive,Positive,IB
T2,N1c,M0,c,ANY,ANY,ANY,G1,Positive,Positive,Positive,IB
T3,N0,M0,c,ANY,ANY,ANY,G1,Positive,Positive,Positive,IB
T2,N1,M0,c,ANY,ANY,ANY,G1,Positive,Positive,Negative,IIA
T2,N1a,M0,c,ANY,ANY,ANY,G1,Positive,Positive,Negative,IIA
T2,N1b,M0,c,ANY,ANY,ANY,G1,Positive,Positive,Negative,IIA
T2,N1c,M0,c,ANY,ANY,ANY,G1,Positive,Positive,Negative,IIA
T3,N0,M0,c,ANY,ANY,ANY,G1,Positive,Positive,Negative,IIA
T2,N1,M0,c,ANY,ANY,ANY,G1,Positive,Negative,Positive,IIA
T2,N1a,M0,c,ANY,ANY,ANY,G1,Positive,Negative,Positive,IIA
T2,N1b,M0,c,ANY,ANY,ANY,G1,Positive,Negative,Positive,IIA
T2,N1c,M0,c,ANY,ANY,ANY,G1,Positive,Negative,Positive,IIA
T3,N0,M0,c,ANY,ANY,ANY,G1,Positive,Negative,Positive,IIA
T2,N1,M0,c,ANY,ANY,ANY,G1,Positive,Negative,Negative,IIB
T2,N1a,M0,c,ANY,ANY,ANY,G1,Positive,Negative,Negative,IIB
T2,N1b,M0,c,ANY,ANY,ANY,G1,Positive,Negative,Negative,IIB
T2,N1c,M0,c,ANY,ANY,ANY,G1,Positive,Negative,Negative,IIB
T3,N0,M0,c,ANY,ANY,ANY,G1,Positive,Negative,Negative,IIB
T2,N1,M0,c,ANY,ANY,ANY,G1,Negative,Positive,Positive,IIA
T2,N1a,M0,c,ANY,ANY,ANY,G1,Negative,Positive,Positive,IIA
T2,N1b,M0,c,ANY,ANY,ANY,G1,Negative,Positive,Positive,IIA
T2,N1c,M0,c,ANY,ANY,ANY,G1,Negative,Positive,Positive,IIA
T3,N0,M0,c,ANY,ANY,ANY,G1,Negative,Positive,Positive,IIA
T2,N1,M0,c,ANY,ANY,ANY,G1,Negative,Positive,Negative,IIB
T2,N1a,M0,c,ANY,ANY,ANY,G1,Negative,Positive,Negative,IIB
T2,N1b,M0,c,ANY,ANY,ANY,G1,Negative,Positive,Negative,IIB
T2,N1c,M0,c,ANY,ANY,ANY,G1,Negative,Positive,Negative,IIB
T3,N0,M0,c,ANY,ANY,ANY,G1,Negative,Positive,Negative,IIB
T2,N1,M0,c,ANY,ANY,ANY,G1,Negative,Negative,Positive,IIB
T2,N1a,M0,c,ANY,ANY,ANY,G1,Negative,Negative,Positive,IIB
T2,N1b,M0,c,ANY,ANY,ANY,G1,Negative,Negative,Positive,IIB
T2,N1c,M0,c,ANY,ANY,ANY,G1,Negative,Negative,Positive,IIB
T3,N0,M0,c,ANY,ANY,ANY,G1,Negative,Negative,Positive,IIB
T2,N1,M0,c,ANY,ANY,ANY,G1,Negative,Negative,Negative,IIB
T2,N1a,M0,c,ANY,ANY,ANY,G1,Negative,Negative,Negative,IIB
T2,N1b,M0,c,ANY,ANY,ANY,G1,Negative,Negative,Negative,IIB
T2,N1c,M0,c,ANY,ANY,ANY,G1,Negative,Negative,Negative,IIB
T3,N0,M0,c,ANY,ANY,ANY,G1,Negative,Negative,Negative,IIB
T2,N1,M0,c,ANY,ANY,ANY,G2,Positive,Positive,Positive,IB
T2,N1a,M0,c,ANY,ANY,ANY,G2,Positive,Positive,Positive,IB
T2,N1b,M0,c,ANY,ANY,ANY,G2,Positive,Positive,Positive,IB
T2,N1c,M0,c,ANY,ANY,ANY,G2,Positive,Positive,Positive,IB
T3,N0,M0,c,ANY,ANY,ANY,G2,Positive,Positive,Positive,IB
T2,N1,M0,c,ANY,ANY,ANY,G2,Positive,Positive,Negative,IIA
T2,N1a,M0,c,ANY,ANY,ANY,G2,Positive,Positive,Negative,IIA
T2,N1b,M0,c,ANY,ANY,ANY,G2,Positive,Positive,Negative,IIA
T2,N1c,M0,c,ANY,ANY,ANY,G2,Positive,Positive,Negative,IIA
T3,N0,M0,c,ANY,ANY,ANY,G2,Positive,Positive,Negative,IIA
T2,N1,M0,c,ANY,ANY,ANY,G2,Positive,Negative,Positive,IIA
T2,N1a,M0,c,ANY,ANY,ANY,G2,Positive,Negative,Positive,IIA
T2,N1b,M0,c,ANY,ANY,ANY,G2,Positive,Negative,Positive,IIA
T2,N1c,M0,c,ANY,ANY,ANY,G2,Positive,Negative,Positive,IIA
T3,N0,M0,c,ANY,ANY,ANY,G2,Positive,Negative,Positive,IIA
T2,N1,M0,c,ANY,ANY,ANY,G2,Positive,Negative,Negative,IIB
T2,N1a,M0,c,ANY,ANY,ANY,G2,Positive,Negative,Negative,IIB
T2,N1b,M0,c,ANY,ANY,ANY,G2,Positive,Negative,Negative,IIB
T2,N1c,M0,c,ANY,ANY,ANY,G2,Positive,Negative,Negative,IIB
T3,N0,M0,c,ANY,ANY,ANY,G2,Positive,Negative,Negative,IIB
T2,N1,M0,c,ANY,ANY,ANY,G2,Negative,Positive,Positive,IIA
T2,N1a,M0,c,ANY,ANY,ANY,G2,Negative,Positive,Positive,IIA
T2,N1b,M0,c,ANY,ANY,ANY,G2,Negative,Positive,Positive,IIA
T2,N1c,M0,c,ANY,ANY,ANY,G2,Negative,Positive,Positive,IIA
T3,N0,M0,c,ANY,ANY,ANY,G2,Negative,Positive,Positive,IIA
T2,N1,M0,c,ANY,ANY,ANY,G2,Negative,Positive,Negative,IIB
T2,N1a,M0,c,ANY,ANY,ANY,G2,Negative,Positive,Negative,IIB
T2,N1b,M0,c,ANY,ANY,ANY,G2,Negative,Positive,Negative,IIB
T2,N1c,M0,c,ANY,ANY,ANY,G2,Negative,Positive,Negative,IIB
T3,N0,M0,c,ANY,ANY,ANY,G2,Negative,Positive,Negative,IIB
T2,N1,M0,c,ANY,ANY,ANY,G2,Negative,Negative,Positive,IIB
T2,N1a,M0,c,ANY,ANY,ANY,G2,Negative,Negative,Positive,IIB
T2,N1b,M0,c,ANY,ANY,ANY,G2,Negative,Negative,Positive,IIB
T2,N1c,M0,c,ANY,ANY,ANY,G2,Negative,Negative,Positive,IIB
T3,N0,M0,c,ANY,ANY,ANY,G2,Negative,Negative,Positive,IIB
T2,N1,M0,c,ANY,ANY,ANY,G2,Negative,Negative,Negative,IIIB
T2,N1a,M0,c,ANY,ANY,ANY,G2,Negative,Negative,Negative,IIIB
T2,N1b,M0,c,ANY,ANY,ANY,G2,Negative,Negative,Negative,IIIB
T2,N1c,M0,c,ANY,ANY,ANY,G2,Negative,Negative,Negative,IIIB
T3,N0,M0,c,ANY,ANY,ANY,G2,Negative,Negative,Negative,IIIB
T2,N1,M0,c,ANY,ANY,ANY,G3,Positive,Positive,Positive,IB
T2,N1a,M0,c,ANY,ANY,ANY,G3,Positive,Positive,Positive,IB
T2,N1b,M0,c,ANY,ANY,ANY,G3,Positive,Positive,Positive,IB
T2,N1c,M0,c,ANY,ANY,ANY,G3,Positive,Positive,Positive,IB
T3,N0,M0,c,ANY,ANY,ANY,G3,Positive,Positive,Positive,IB
T2,N1,M0,c,ANY,ANY,ANY,G3,Positive,Positive,Negative,IIB
T2,N1a,M0,c,ANY,ANY,ANY,G3,Positive,Positive,Negative,IIB
T2,N1b,M0,c,ANY,ANY,ANY,G3,Positive,Positive,Negative,IIB
T2,N1c,M0,c,ANY,ANY,ANY,G3,Positive,Positive,Negative,IIB
T3,N0,M0,c,ANY,ANY,ANY,G3,Positive,Positive,Negative,IIB
T2,N1,M0,c,ANY,ANY,ANY,G3,Positive,Negative,Positive,IIB
T2,N1a,M0,c,ANY,ANY,ANY,G3,Positive,Negative,Positive,IIB
T2,N1b,M0,c,ANY,ANY,ANY,G3,Positive,Negative,Positive,IIB
T2,N1c,M0,c,ANY,ANY,ANY,G3,Positive,Negative,Positive,IIB
T3,N0,M0,c,ANY,ANY,ANY,G3,Positive,Negative,Positive,IIB
T2,N1,M0,c,ANY,ANY,ANY,G3,Positive,Negative,Negative,IIB
T2,N1a,M0,c,ANY,ANY,ANY,G3,Positive,Negative,Negative,IIB
T2,N1b,M0,c,ANY,ANY,ANY,G3,Positive,Negative,Negative,IIB
T2,N1c,M0,c,ANY,ANY,ANY,G3,Positive,Negative,Negative,IIB
T3,N0,M0,c,ANY,ANY,ANY,G3,Positive,Negative,Negative,IIB
T2,N1,M0,c,ANY,ANY,ANY,G3,Negative,Positive,Positive,IIB
T2,N1a,M0,c,ANY,ANY,ANY,G3,Negative,Positive,Positive,IIB
T2,N1b,M0,c,ANY,ANY,ANY,G3,Negative,Positive,Positive,IIB
T2,N1c,M0,c,ANY,ANY,ANY,G3,Negative,Positive,Positive,IIB
T3,N0,M0,c,ANY,ANY,ANY,G3,Negative,Positive,Positive,IIB
T2,N1,M0,c,ANY,ANY,ANY,G3,Negative,Positive,Negative,IIIA
T2,N1a,M0,c,ANY,ANY,ANY,G3,Negative,Positive,Negative,IIIA
T2,N1b,M0,c,ANY,ANY,ANY,G3,Negative,Positive,Negative,IIIA
T2,N1c,M0,c,ANY,ANY,ANY,G3,Negative,Positive,Negative,IIIA
T3,N0,M0,c,ANY,ANY,ANY,G3,Negative,Positive,Negative,IIIA
T0,N2,M0,c,ANY,ANY,ANY,G1,Positive,Positive,Positive,IIA
T0,N2a,M0,c,ANY,ANY,ANY,G1,Positive,Positive,Positive,IIA
T0,N2b,M0,c,ANY,ANY,ANY,G1,Positive,Positive,Positive,IIA
T1,N2,M0,c,ANY,ANY,ANY,G1,Positive,Positive,Positive,IIA
T1,N2a,M0,c,ANY,ANY,ANY,G1,Positive,Positive,Positive,IIA
T1,N2b,M0,c,ANY,ANY,ANY,G1,Positive,Positive,Positive,IIA
T1mi,N2,M0,c,ANY,ANY,ANY,G1,Positive,Positive,Positive,IIA
T1mi,N2a,M0,c,ANY,ANY,ANY,G1,Positive,Positive,Positive,IIA
T1mi,N2b,M0,c,ANY,ANY,ANY,G1,Positive,Positive,Positive,IIA
T1a,N2,M0,c,ANY,ANY,ANY,G1,Positive,Positive,Positive,IIA
T1a,N2a,M0,c,ANY,ANY,ANY,G1,Positive,Positive,Positive,IIA
T1a,N2b,M0,c,ANY,ANY,ANY,G1,Positive,Positive,Positive,IIA
T1b,N2,M0,c,ANY,ANY,ANY,G1,Positive,Positive,Positive,IIA
T1b,N2a,M0,c,ANY,ANY,ANY,G1,Positive,Positive,Positive,IIA
T1b,N2b,M0,c,ANY,ANY,ANY,G1,Positive,Positive,Positive,IIA
T1c,N2,M0,c,ANY,ANY,ANY,G1,Positive,Positive,Positive,IIA
T1c,N2a,M0,c,ANY,ANY,ANY,G1,Positive,Positive,Positive,IIA
T1c,N2b,M0,c,ANY,ANY,ANY,G1,Positive,Positive,Positive,IIA
T2,N2,M0,c,ANY,ANY,ANY,G1,Positive,Positive,Positive,IIA
T2,N2a,M0,c,ANY,ANY,ANY,G1,Positive,Positive,Positive,IIA
T2,N2b,M0,c,ANY,ANY,ANY,G1,Positive,Positive,Positive,IIA
T3,N1,M0,c,ANY,ANY,ANY,G1,Positive,Positive,Positive,IIA
T3,N1a,M0,c,ANY,ANY,ANY,G1,Positive,Positive,Positive,IIA
T3,N1b,M0,c,ANY,ANY,ANY,G1,Positive,Positive,Positive,IIA
T3,N1c,M0,c,ANY,ANY,ANY,G1,Positive,Positive,Positive,IIA
T3,N2,M0,c,ANY,ANY,ANY,G1,Positive,Positive,Positive,IIA
T3,N2a,M0,c,ANY,ANY,ANY,G1,Positive,Positive,Positive,IIA
T3,N2b,M0,c,ANY,ANY,ANY,G1,Positive,Positive,Positive,IIA
T0,N2,M0,c,ANY,ANY,ANY,G1,Positive,Positive,Negative,IIIA
T0,N2a,M0,c,ANY,ANY,ANY,G1,Positive,Positive,Negative,IIIA
T0,N2b,M0,c,ANY,ANY,ANY,G1,Positive,Positive,Negative,IIIA
T1,N2,M0,c,ANY,ANY,ANY,G1,Positive,Positive,Negative,IIIA
T1,N2a,M0,c,ANY,ANY,ANY,G1,Positive,Positive,Negative,IIIA
T1,N2b,M0,c,ANY,ANY,ANY,G1,Positive,Positive,Negative,IIIA
T1mi,N2,M0,c,ANY,ANY,ANY,G1,Positive,Positive,Negative,IIIA
T1mi,N2a,M0,c,ANY,ANY,ANY,G1,Positive,Positive,Negative,IIIA
T1mi,N2b,M0,c,ANY,ANY,ANY,G1,Positive,Positive,Negative,IIIA
T1a,N2,M0,c,ANY,ANY,ANY,G1,Positive,Positive,Negative,IIIA
T1a,N2a,M0,c,ANY,ANY,ANY,G1,Positive,Positive,Negative,IIIA
T1a,N2b,M0,c,ANY,ANY,ANY,G1,Positive,Positive,Negative,IIIA
T1b,N2,M0,c,ANY,ANY,ANY,G1,Positive,Positive,Negative,IIIA
T1b,N2a,M0,c,ANY,ANY,ANY,G1,Positive,Positive,Negative,IIIA
T1b,N2b,M0,c,ANY,ANY,ANY,G1,Positive,Positive,Negative,IIIA
T1c,N2,M0,c,ANY,ANY,ANY,G1,Positive,Positive,Negative,IIIA
T1c,N2a,M0,c,ANY,ANY,ANY,G1,Positive,Positive,Negative,IIIA
T1c,N2b,M0,c,ANY,ANY,ANY,G1,Positive,Positive,Negative,IIIA
T2,N2,M0,c,ANY,ANY,ANY,G1,Positive,Positive,Negative,IIIA
T2,N2a,M0,c,ANY,ANY,ANY,G1,Positive,Positive,Negative,IIIA
T2,N2b,M0,c,ANY,ANY,ANY,G1,Positive,Positive,Negative,IIIA
T3,N1,M0,c,ANY,ANY,ANY,G1,Positive,Positive,Negative,IIIA
T3,N1a,M0,c,ANY,ANY,ANY,G1,Positive,Positive,Negative,IIIA
T3,N1b,M0,c,ANY,ANY,ANY,G1,Positive,Positive,Negative,IIIA
T3,N1c,M0,c,ANY,ANY,ANY,G1,Positive,Positive,Negative,IIIA
T3,N2,M0,c,ANY,ANY,ANY,G1,Positive,Positive,Negative,IIIA
T3,N2a,M0,c,ANY,ANY,ANY,G1,Positive,Positive,Negative,IIIA
T3,N2b,M0,c,ANY,ANY,ANY,G1,Positive,Positive,Negative,IIIA
T0,N2,M0,c,ANY,ANY,ANY,G1,Positive,Negative,Positive,IIIA
T0,N2a,M0,c,ANY,ANY,ANY,G1,Positive,Negative,Positive,IIIA
T0,N2b,M0,c,ANY,ANY,ANY,G1,Positive,Negative,Positive,IIIA
T1,N2,M0,c,ANY,ANY,ANY,G1,Positive,Negative,Positive,IIIA
T1,N2a,M0,c,ANY,ANY,ANY,G1,Positive,Negative,Positive,IIIA
T1,N2b,M0,c,ANY,ANY,ANY,G1,Positive,Negative,Positive,IIIA
T1mi,N2,M0,c,ANY,ANY,ANY,G1,Positive,Negative,Positive,IIIA
T1mi,N2a,M0,c,ANY,ANY,ANY,G1,Positive,Negative,Positive,IIIA
T1mi,N2b,M0,c,ANY,ANY,ANY,G1,Positive,Negative,Positive,IIIA
T1a,N2,M0,c,ANY,ANY,ANY,G1,Positive,Negative,Positive,IIIA
T1a,N2a,M0,c,ANY,ANY,ANY,G1,Positive,Negative,Positive,IIIA
T1a,N2b,M0,c,ANY,ANY,ANY,G1,Positive,Negative,Positive,IIIA
T1b,N2,M0,c,ANY,ANY,ANY,G1,Positive,Negative,Positive,IIIA
T1b,N2a,M0,c,ANY,ANY,ANY,G1,Positive,Negative,Positive,IIIA
T1b,N2b,M0,c,ANY,ANY,ANY,G1,Positive,Negative,Positive,IIIA
T1c,N2,M0,c,ANY,ANY,ANY,G1,Positive,Negative,Positive,IIIA
T1c,N2a,M0,c,ANY,ANY,ANY,G1,Positive,Negative,Positive,IIIA
T1c,N2b,M0,c,ANY,ANY,ANY,G1,Positive,Negative,Positive,IIIA
T2,N2,M0,c,ANY,ANY,ANY,G1,Positive,Negative,Positive,IIIA
T2,N2a,M0,c,ANY,ANY,ANY,G1,Positive,Negative,Positive,IIIA
T2,N2b,M0,c,ANY,ANY,ANY,G1,Positive,Negative,Positive,IIIA
T3,N1,M0,c,ANY,ANY,ANY,G1,Positive,Negative,Positive,IIIA
T3,N1a,M0,c,ANY,ANY,ANY,G1,Positive,Negative,Positive,IIIA
T3,N1b,M0,c,ANY,ANY,ANY,G1,Positive,Negative,Positive,IIIA
T3,N1c,M0,c,ANY,ANY,ANY,G1,Positive,Negative,Positive,IIIA
T3,N2,M0,c,ANY,ANY,ANY,G1,Positive,Negative,Positive,IIIA
T3,N2a,M0,c,ANY,ANY,ANY,G1,Positive,Negative,Positive,IIIA
T3,N2b,M0,c,ANY,ANY,ANY,G1,Positive,Negative,Positive,IIIA
T0,N2,M0,c,ANY,ANY,ANY,G1,Positive,Negative,Negative,IIIA
T0,N2a,M0,c,ANY,ANY,ANY,G1,Positive,Negative,Negative,IIIA
T0,N2b,M0,c,ANY,ANY,ANY,G1,Positive,Negative,Negative,IIIA
T1,N2,M0,c,ANY,ANY,ANY,G1,Positive,Negative,Negative,IIIA
T1,N2a,M0,c,ANY,ANY,ANY,G1,Positive,Negative,Negative,IIIA
T1,N2b,M0,c,ANY,ANY,ANY,G1,Positive,Negative,Negative,IIIA
T1mi,N2,M0,c,ANY,ANY,ANY,G1,Positive,Negative,Negative,IIIA
T1mi,N2a,M0,c,ANY,ANY,ANY,G1,Positive,Negative,Negative,IIIA
T1mi,N2b,M0,c,ANY,ANY,ANY,G1,Positive,Negative,Negative,IIIA
T1a,N2,M0,c,ANY,ANY,ANY,G1,Positive,Negative,Negative,IIIA
T1a,N2a,M0,c,ANY,ANY,ANY,G1,Positive,Negative,Negative,IIIA
T1a,N2b,M0,c,ANY,ANY,ANY,G1,Positive,Negative,Negative,IIIA
T1b,N2,M0,c,ANY,ANY,ANY,G1,Positive,Negative,Negative,IIIA
T1b,N2a,M0,c,ANY,ANY,ANY,G1,Positive,Negative,Negative,IIIA
T1b,N2b,M0,c,ANY,ANY,ANY,G1,Positive,Negative,Negative,IIIA
T1c,N2,M0,c,ANY,ANY,ANY,G1,Positive,Negative,Negative,IIIA
T1c,N2a,M0,c,ANY,ANY,ANY,G1,Positive,Negative,Negative,IIIA
T1c,N2b,M0,c,ANY,ANY,ANY,G1,Positive,Negative,Negative,IIIA
T2,N2,M0,c,ANY,ANY,ANY,G1,Positive,Negative,Negative,IIIA
T2,N2a,M0,c,ANY,ANY,ANY,G1,Positive,Negative,Negative,IIIA
T2,N2b,M0,c,ANY,ANY,ANY,G1,Positive,Negative,Negative,IIIA
T3,N1,M0,c,ANY,ANY,ANY,G1,Positive,Negative,Negative,IIIA
T3,N1a,M0,c,ANY,ANY,ANY,G1,Positive,Negative,Negative,IIIA
T3,N1b,M0,c,ANY,ANY,ANY,G1,Positive,Negative,Negative,IIIA
T3,N1c,M0,c,ANY,ANY,ANY,G1,Positive,Negative,Negative,IIIA
T3,N2,M0,c,ANY,ANY,ANY,G1,Positive,Negative,Negative,IIIA
T3,N2a,M0,c,ANY,ANY,ANY,G1,Positive,Negative,Negative,IIIA
T3,N2b,M0,c,ANY,ANY,ANY,G1,Positive,Negative,Negative,IIIA
T0,N2,M0,c,ANY,ANY,ANY,G1,Negative,Positive,Positive,IIA
T0,N2a,M0,c,ANY,ANY,ANY,G1,Negative,Positive,Positive,IIA
T0,N2b,M0,c,ANY,ANY,ANY,G1,Negative,Positive,Positive,IIA
T1,N2,M0,c,ANY,ANY,ANY,G1,Negative,Positive,Positive,IIA
T1,N2a,M0,c,ANY,ANY,ANY,G1,Negative,Positive,Positive,IIA
T1,N2b,M0,c,ANY,ANY,ANY,G1,Negative,Positive,Positive,IIA
T1mi,N2,M0,c,ANY,ANY,ANY,G1,Negative,Positive,Positive,IIA
T1mi,N2a,M0,c,ANY,ANY,ANY,G1,Negative,Positive,Positive,IIA
T1mi,N2b,M0,c,ANY,ANY,ANY,G1,Negative,Positive,Positive,IIA
T1a,N2,M0,c,ANY,ANY,ANY,G1,Negative,Positive,Positive,IIA
T1a,N2a,M0,c,ANY,ANY,ANY,G1,Negative,Positive,Positive,IIA
T1a,N2b,M0,c,ANY,ANY,ANY,G1,Negative,Positive,Positive,IIA
T1b,N2,M0,c,ANY,ANY,ANY,G1,Negative,Positive,Positive,IIA
T1b,N2a,M0,c,ANY,ANY,ANY,G1,Negative,Positive,Positive,IIA
T1b,N2b,M0,c,ANY,ANY,ANY,G1,Negative,Positive,Positive,IIA
T1c,N2,M0,c,ANY,ANY,ANY,G1,Negative,Positive,Positive,IIA
T1c,N2a,M0,c,ANY,ANY,ANY,G1,Negative,Positive,Positive,IIA
T1c,N2b,M0,c,ANY,ANY,ANY,G1,Negative,Positive,Positive,IIA
T2,N2,M0,c,ANY,ANY,ANY,G1,Negative,Positive,Positive,IIA
T2,N2a,M0,c,ANY,ANY,ANY,G1,Negative,Positive,Positive,IIA
T2,N2b,M0,c,ANY,ANY,ANY,G1,Negative,Positive,Positive,IIA
T3,N1,M0,c,ANY,ANY,ANY,G1,Negative,Positive,Positive,IIA
T3,N1a,M0,c,ANY,ANY,ANY,G1,Negative,Positive,Positive,IIA
T3,N1b,M0,c,ANY,ANY,ANY,G1,Negative,Positive,Positive,IIA
T3,N1c,M0,c,ANY,ANY,ANY,G1,Negative,Positive,Positive,IIA
T3,N2,M0,c,ANY,ANY,ANY,G1,Negative,Positive,Positive,IIA
T3,N2a,M0,c,ANY,ANY,ANY,G1,Negative,Positive,Positive,IIA
T3,N2b,M0,c,ANY,ANY,ANY,G1,Negative,Positive,Positive,IIA
T0,N2,M0,c,ANY,ANY,ANY,G1,Negative,Positive,Negative,IIIA
T0,N2a,M0,c,ANY,ANY,ANY,G1,Negative,Positive,Negative,IIIA
T0,N2b,M0,c,ANY,ANY,ANY,G1,Negative,Positive,Negative,IIIA
T1,N2,M0,c,ANY,ANY,ANY,G1,Negative,Positive,Negative,IIIA
T1,N2a,M0,c,ANY,ANY,ANY,G1,Negative,Positive,Negative,IIIA
T1,N2b,M0,c,ANY,ANY,ANY,G1,Negative,Positive,Negative,IIIA
T1mi,N2,M0,c,ANY,ANY,ANY,G1,Negative,Positive,Negative,IIIA
T1mi,N2a,M0,c,ANY,ANY,ANY,G1,Negative,Positive,Negative,IIIA
T1mi,N2b,M0,c,ANY,ANY,ANY,G1,Negative,Positive,Negative,IIIA
T1a,N2,M0,c,ANY,ANY,ANY,G1,Negative,Positive,Negative,IIIA
T1a,N2a,M0,c,ANY,ANY,ANY,G1,Negative,Positive,Negative,IIIA
T1a,N2b,M0,c,ANY,ANY,ANY,G1,Negative,Positive,Negative,IIIA
T1b,N2,M0,c,ANY,ANY,ANY,G1,Negative,Positive,Negative,IIIA
T1b,N2a,M0,c,ANY,ANY,ANY,G1,Negative,Positive,Negative,IIIA
T1b,N2b,M0,c,ANY,ANY,ANY,G1,Negative,Positive,Negative,IIIA
T1c,N2,M0,c,ANY,ANY,ANY,G1,Negative,Positive,Negative,IIIA
T1c,N2a,M0,c,ANY,ANY,ANY,G1,Negative,Positive,Negative,IIIA
T1c,N2b,M0,c,ANY,ANY,ANY,G1,Negative,Positive,Negative,IIIA
T2,N2,M0,c,ANY,ANY,ANY,G1,Negative,Positive,Negative,IIIA
T2,N2a,M0,c,ANY,ANY,ANY,G1,Negative,Positive,Negative,IIIA
T2,N2b,M0,c,ANY,ANY,ANY,G1,Negative,Positive,Negative,IIIA
T3,N1,M0,c,ANY,ANY,ANY,G1,Negative,Positive,Negative,IIIA
T3,N1a,M0,c,ANY,ANY,ANY,G1,Negative,Positive,Negative,IIIA
T3,N1b,M0,c,ANY,ANY,ANY,G1,Negative,Positive,Negative,IIIA
T3,N1c,M0,c,ANY,ANY,ANY,G1,Negative,Positive,Negative,IIIA
T3,N2,M0,c,ANY,ANY,ANY,G1,Negative,Positive,Negative,IIIA
T3,N2a,M0,c,ANY,ANY,ANY,G1,Negative,Positive,Negative,IIIA
T3,N2b,M0,c,ANY,ANY,ANY,G1,Negative,Positive,Negative,IIIA
T0,N2,M0,c,ANY,ANY,ANY,G1,Negative,Negative,Positive,IIIA
T0,N2a,M0,c,ANY,ANY,ANY,G1,Negative,Negative,Positive,IIIA
T0,N2b,M0,c,ANY,ANY,ANY,G1,Negative,Negative,Positive,IIIA
T1,N2,M0,c,ANY,ANY,ANY,G1,Negative,Negative,Positive,IIIA
T1,N2a,M0,c,ANY,ANY,ANY,G1,Negative,Negative,Positive,IIIA
T1,N2b,M0,c,ANY,ANY,ANY,G1,Negative,Negative,Positive,IIIA
T1mi,N2,M0,c,ANY,ANY,ANY,G1,Negative,Negative,Positive,IIIA
T1mi,N2a,M0,c,ANY,ANY,ANY,G1,Negative,Negative,Positive,IIIA
T1mi,N2b,M0,c,ANY,ANY,ANY,G1,Negative,Negative,Positive,IIIA
T1a,N2,M0,c,ANY,ANY,ANY,G1,Negative,Negative,Positive,IIIA
T1a,N2a,M0,c,ANY,ANY,ANY,G1,Negative,Negative,Positive,IIIA
T1a,N2b,M0,c,ANY,ANY,ANY,G1,Negative,Negative,Positive,IIIA
T1b,N2,M0,c,ANY,ANY,ANY,G1,Negative,Negative,Positive,IIIA
T1b,N2a,M0,c,ANY,ANY,ANY,G1,Negative,Negative,Positive,IIIA
T1b,N2b,M0,c,ANY,ANY,ANY,G1,Negative,Negative,Positive,IIIA
T1c,N2,M0,c,ANY,ANY,ANY,G1,Negative,Negative,Positive,IIIA
T1c,N2a,M0,c,ANY,ANY,ANY,G1,Negative,Negative,Positive,IIIA
T1c,N2b,M0,c,ANY,ANY,ANY,G1,Negative,Negative,Positive,IIIA
T2,N2,M0,c,ANY,ANY,ANY,G1,Negative,Negative,Positive,IIIA
T2,N2a,M0,c,ANY,ANY,ANY,G1,Negative,Negative,Positive,IIIA
T2,N2b,M0,c,ANY,ANY,ANY,G1,Negative,Negative,Positive,IIIA
T3,N1,M0,c,ANY,ANY,ANY,G1,Negative,Negative,Positive,IIIA
T3,N1a,M0,c,ANY,ANY,ANY,G1,Negative,Negative,Positive,IIIA
T3,N1b,M0,c,ANY,ANY,ANY,G1,Negative,Negative,Positive,IIIA
T3,N1c,M0,c,ANY,ANY,ANY,G1,Negative,Negative,Positive,IIIA
T3,N2,M0,c,ANY,ANY,ANY,G1,Negative,Negative,Positive,IIIA
T3,N2a,M0,c,ANY,ANY,ANY,G1,Negative,Negative,Positive,IIIA
T3,N2b,M0,c,ANY,ANY,ANY,G1,Negative,Negative,Positive,IIIA
T0,N2,M0,c,ANY,ANY,ANY,G1,Negative,Negative,Negative,IIIB
T0,N2a,M0,c,ANY,ANY,ANY,G1,Negative,Negative,Negative,IIIB
T0,N2b,M0,c,ANY,ANY,ANY,G1,Negative,Negative,Negative,IIIB
T1,N2,M0,c,ANY,ANY,ANY,G1,Negative,Negative,Negative,IIIB
T1,N2a,M0,c,ANY,ANY,ANY,G1,Negative,Negative,Negative,IIIB
T1,N2b,M0,c,ANY,ANY,ANY,G1,Negative,Negative,Negative,IIIB
T1mi,N2,M0,c,ANY,ANY,ANY,G1,Negative,Negative,Negative,IIIB
T1mi,N2a,M0,c,ANY,ANY,ANY,G1,Negative,Negative,Negative,IIIB
T1mi,N2b,M0,c,ANY,ANY,ANY,G1,Negative,Negative,Negative,IIIB
T1a,N2,M0,c,ANY,ANY,ANY,G1,Negative,Negative,Negative,IIIB
T1a,N2a,M0,c,ANY,ANY,ANY,G1,Negative,Negative,Negative,IIIB
T1a,N2b,M0,c,ANY,ANY,ANY,G1,Negative,Negative,Negative,IIIB
T1b,N2,M0,c,ANY,ANY,ANY,G1,Negative,Negative,Negative,IIIB
T1b,N2a,M0,c,ANY,ANY,ANY,G1,Negative,Negative,Negative,IIIB
T1b,N2b,M0,c,ANY,ANY,ANY,G1,Negative,Negative,Negative,IIIB
T1c,N2,M0,c,ANY,ANY,ANY,G1,Negative,Negative,Negative,IIIB
T1c,N2a,M0,c,ANY,ANY,ANY,G1,Negative,Negative,Negative,IIIB
T1c,N2b,M0,c,ANY,ANY,ANY,G1,Negative,Negative,Negative,IIIB
T2,N2,M0,c,ANY,ANY,ANY,G1,Negative,Negative,Negative,IIIB
T2,N2a,M0,c,ANY,ANY,ANY,G1,Negative,Negative,Negative,IIIB
T2,N2b,M0,c,ANY,ANY,ANY,G1,Negative,Negative,Negative,IIIB
T3,N1,M0,c,ANY,ANY,ANY,G1,Negative,Negative,Negative,IIIB
T3,N1a,M0,c,ANY,ANY,ANY,G1,Negative,Negative,Negative,IIIB
T3,N1b,M0,c,ANY,ANY,ANY,G1,Negative,Negative,Negative,IIIB
T3,N1c,M0,c,ANY,ANY,ANY,G1,Negative,Negative,Negative,IIIB
T3,N2,M0,c,ANY,ANY,ANY,G1,Negative,Negative,Negative,IIIB
T3,N2a,M0,c,ANY,ANY,ANY,G1,Negative,Negative,Negative,IIIB
T3,N2b,M0,c,ANY,ANY,ANY,G1,Negative,Negative,Negative,IIIB
T0,N2,M0,c,ANY,ANY,ANY,G2,Positive,Positive,Positive,IIA
T0,N2a,M0,c,ANY,ANY,ANY,G2,Positive,Positive,Positive,IIA
T0,N2b,M0,c,ANY,ANY,ANY,G2,Positive,Positive,Positive,IIA
T1,N2,M0,c,ANY,ANY,ANY,G2,Positive,Positive,Positive,IIA
T1,N2a,M0,c,ANY,ANY,ANY,G2,Positive,Positive,Positive,IIA
T1,N2b,M0,c,ANY,ANY,ANY,G2,Positive,Positive,Positive,IIA
T1mi,N2,M0,c,ANY,ANY,ANY,G2,Positive,Positive,Positive,IIA
T1mi,N2a,M0,c,ANY,ANY,ANY,G2,Positive,Positive,Positive,IIA
T1mi,N2b,M0,c,ANY,ANY,ANY,G2,Positive,Positive,Positive,IIA
T1a,N2,M0,c,ANY,ANY,ANY,G2,Positive,Positive,Positive,IIA
T1a,N2a,M0,c,ANY,ANY,ANY,G2,Positive,Positive,Positive,IIA
T1a,N2b,M0,c,ANY,ANY,ANY,G2,Positive,Positive,Positive,IIA
T1b,N2,M0,c,ANY,ANY,ANY,G2,Positive,Positive,Positive,IIA
T1b,N2a,M0,c,ANY,ANY,ANY,G2,Positive,Positive,Positive,IIA
T1b,N2b,M0,c,ANY,ANY,ANY,G2,Positive,Positive,Positive,IIA
T1c,N2,M0,c,ANY,ANY,ANY,G2,Positive,Positive,Positive,IIA
T1c,N2a,M0,c,ANY,ANY,ANY,G2,Positive,Positive,Positive,IIA
T1c,N2b,M0,c,ANY,ANY,ANY,G2,Positive,Positive,Positive,IIA
T2,N2,M0,c,ANY,ANY,ANY,G2,Positive,Positive,Positive,IIA
T2,N2a,M0,c,ANY,ANY,ANY,G2,Positive,Positive,Positive,IIA
T2,N2b,M0,c,ANY,ANY,ANY,G2,Positive,Positive,Positive,IIA
T3,N1,M0,c,ANY,ANY,ANY,G2,Positive,Positive,Positive,IIA
T3,N1a,M0,c,ANY,ANY,ANY,G2,Positive,Positive,Positive,IIA
T3,N1b,M0,c,ANY,ANY,ANY,G2,Positive,Positive,Positive,IIA
T3,N1c,M0,c,ANY,ANY,ANY,G2,Positive,Positive,Positive,IIA
T3,N2,M0,c,ANY,ANY,ANY,G2,Positive,Positive,Positive,IIA
T3,N2a,M0,c,ANY,ANY,ANY,G2,Positive,Positive,Positive,IIA
T3,N2b,M0,c,ANY,ANY,ANY,G2,Positive,Positive,Positive,IIA
T0,N2,M0,c,ANY,ANY,ANY,G2,Positive,Positive,Negative,IIIA
T0,N2a,M0,c,ANY,ANY,ANY,G2,Positive,Positive,Negative,IIIA
T0,N2b,M0,c,ANY,ANY,ANY,G2,Positive,Positive,Negative,IIIA
T1,N2,M0,c,ANY,ANY,ANY,G2,Positive,Positive,Negative,IIIA
T1,N2a,M0,c,ANY,ANY,ANY,G2,Positive,Positive,Negative,IIIA
T1,N2b,M0,c,ANY,ANY,ANY,G2,Positive,Positive,Negative,IIIA
T1mi,N2,M0,c,ANY,ANY,ANY,G2,Positive,Positive,Negative,IIIA
T1mi,N2a,M0,c,ANY,ANY,ANY,G2,Positive,Positive,Negative,IIIA
T1mi,N2b,M0,c,ANY,ANY,ANY,G2,Positive,Positive,Negative,IIIA
T1a,N2,M0,c,ANY,ANY,ANY,G2,Positive,Positive,Negative,IIIA
T1a,N2a,M0,c,ANY,ANY,ANY,G2,Positive,Positive,Negative,IIIA
T1a,N2b,M0,c,ANY,ANY,ANY,G2,Positive,Positive,Negative,IIIA
T1b,N2,M0,c,ANY,ANY,ANY,G2,Positive,Positive,Negative,IIIA
T1b,N2a,M0,c,ANY,ANY,ANY,G2,Positive,Positive,Negative,IIIA
T1b,N2b,M0,c,ANY,ANY,ANY,G2,Positive,Positive,Negative,IIIA
T1c,N2,M0,c,ANY,ANY,ANY,G2,Positive,Positive,Negative,IIIA
T1c,N2a,M0,c,ANY,ANY,ANY,G2,Positive,Positive,Negative,IIIA
T1c,N2b,M0,c,ANY,ANY,ANY,G2,Positive,Positive,Negative,IIIA
T2,N2,M0,c,ANY,ANY,ANY,G2,Positive,Positive,Negative,IIIA
T2,N2a,M0,c,ANY,ANY,ANY,G2,Positive,Positive,Negative,IIIA
T2,N2b,M0,c,ANY,ANY,ANY,G2,Positive,Positive,Negative,IIIA
T3,N1,M0,c,ANY,ANY,ANY,G2,Positive,Positive,Negative,IIIA
T3,N1a,M0,c,ANY,ANY,ANY,G2,Positive,Positive,Negative,IIIA
T3,N1b,M0,c,ANY,ANY,ANY,G2,Positive,Positive,Negative,IIIA
T3,N1c,M0,c,ANY,ANY,ANY,G2,Positive,Positive,Negative,IIIA
T3,N2,M0,c,ANY,ANY,ANY,G2,Positive,Positive,Negative,IIIA
T3,N2a,M0,c,ANY,ANY,ANY,G2,Positive,Positive,Negative,IIIA
T3,N2b,M0,c,ANY,ANY,ANY,G2,Positive,Positive,Negative,IIIA
T0,N2,M0,c,ANY,ANY,ANY,G2,Positive,Negative,Positive,IIIA
T0,N2a,M0,c,ANY,ANY,ANY,G2,Positive,Negative,Positive,IIIA
T0,N2b,M0,c,ANY,ANY,ANY,G2,Positive,Negative,Positive,IIIA
T1,N2,M0,c,ANY,ANY,ANY,G2,Positive,Negative,Positive,IIIA
T1,N2a,M0,c,ANY,ANY,ANY,G2,Positive,Negative,Positive,IIIA
T1,N2b,M0,c,ANY,ANY,ANY,G2,Positive,Negative,Positive,IIIA
T1mi,N2,M0,c,ANY,ANY,ANY,G2,Positive,Negative,Positive,IIIA
T1mi,N2a,M0,c,ANY,ANY,ANY,G2,Positive,Negative,Positive,IIIA
T1mi,N2b,M0,c,ANY,ANY,ANY,G2,Positive,Negative,Positive,IIIA
T1a,N2,M0,c,ANY,ANY,ANY,G2,Positive,Negative,Positive,IIIA
T1a,N2a,M0,c,ANY,ANY,ANY,G2,Positive,Negative,Positive,IIIA
T1a,N2b,M0,c,ANY,ANY,ANY,G2,Positive,Negative,Positive,IIIA
T1b,N2,M0,c,ANY,ANY,ANY,G2,Positive,Negative,Positive,IIIA
T1b,N2a,M0,c,ANY,ANY,ANY,G2,Positive,Negative,Positive,IIIA
T1b,N2b,M0,c,ANY,ANY,ANY,G2,Positive,Negative,Positive,IIIA
T1c,N2,M0,c,ANY,ANY,ANY,G2,Positive,Negative,Positive,IIIA
T1c,N2a,M0,c,ANY,ANY,ANY,G2,Positive,Negative,Positive,IIIA
T1c,N2b,M0,c,ANY,ANY,ANY,G2,Positive,Negative,Positive,IIIA
T2,N2,M0,c,ANY,ANY,ANY,G2,Positive,Negative,Positive,IIIA
T2,N2a,M0,c,ANY,ANY,ANY,G2,Positive,Negative,Positive,IIIA
T2,N2b,M0,c,ANY,ANY,ANY,G2,Positive,Negative,Positive,IIIA
T3,N1,M0,c,ANY,ANY,ANY,G2,Positive,Negative,Positive,IIIA
T3,N1a,M0,c,ANY,ANY,ANY,G2,Positive,Negative,Positive,IIIA
T3,N1b,M0,c,ANY,ANY,ANY,G2,Positive,Negative,Positive,IIIA
T3,N1c,M0,c,ANY,ANY,ANY,G2,Positive,Negative,Positive,IIIA
T3,N2,M0,c,ANY,ANY,ANY,G2,Positive,Negative,Positive,IIIA
T3,N2a,M0,c,ANY,ANY,ANY,G2,Positive,Negative,Positive,IIIA
T3,N2b,M0,c,ANY,ANY,ANY,G2,Positive,Negative,Positive,IIIA
T0,N2,M0,c,ANY,ANY,ANY,G2,Positive,Negative,Negative,IIIA
T0,N2a,M0,c,ANY,ANY,ANY,G2,Positive,Negative,Negative,IIIA
T0,N2b,M0,c,ANY,ANY,ANY,G2,Positive,Negative,Negative,IIIA
T1,N2,M0,c,ANY,ANY,ANY,G2,Positive,Negative,Negative,IIIA
T1,N2a,M0,c,ANY,ANY,ANY,G2,Positive,Negative,Negative,IIIA
T1,N2b,M0,c,ANY,ANY,ANY,G2,Positive,Negative,Negative,IIIA
T1mi,N2,M0,c,ANY,ANY,ANY,G2,Positive,Negative,Negative,IIIA
T1mi,N2a,M0,c,ANY,ANY,ANY,G2,Positive,Negative,Negative,IIIA
T1mi,N2b,M0,c,ANY,ANY,ANY,G2,Positive,Negative,Negative,IIIA
T1a,N2,M0,c,ANY,ANY,ANY,G2,Positive,Negative,Negative,IIIA
T1a,N2a,M0,c,ANY,ANY,ANY,G2,Positive,Negative,Negative,IIIA
T1a,N2b,M0,c,ANY,ANY,ANY,G2,Positive,Negative,Negative,IIIA
T1b,N2,M0,c,ANY,ANY,ANY,G2,Positive,Negative,Negative,IIIA
T1b,N2a,M0,c,ANY,ANY,ANY,G2,Positive,Negative,Negative,IIIA
T1b,N2b,M0,c,ANY,ANY,ANY,G2,Positive,Negative,Negative,IIIA
T1c,N2,M0,c,ANY,ANY,ANY,G2,Positive,Negative,Negative,IIIA
T1c,N2a,M0,c,ANY,ANY,ANY,G2,Positive,Negative,Negative,IIIA
T1c,N2b,M0,c,ANY,ANY,ANY,G2,Positive,Negative,Negative,IIIA
T2,N2,M0,c,ANY,ANY,ANY,G2,Positive,Negative,Negative,IIIA
T2,N2a,M0,c,ANY,ANY,ANY,G2,Positive,Negative,Negative,IIIA
T2,N2b,M0,c,ANY,ANY,ANY,G2,Positive,Negative,Negative,IIIA
T3,N1,M0,c,ANY,ANY,ANY,G2,Positive,Negative,Negative,IIIA
T3,N1a,M0,c,ANY,ANY,ANY,G2,Positive,Negative,Negative,IIIA
T3,N1b,M0,c,ANY,ANY,ANY,G2,Positive,Negative,Negative,IIIA
T3,N1c,M0,c,ANY,ANY,ANY,G2,Positive,Negative,Negative,IIIA
T3,N2,M0,c,ANY,ANY,ANY,G2,Positive,Negative,Negative,IIIA
T3,N2a,M0,c,ANY,ANY,ANY,G2,Positive,Negative,Negative,IIIA
T3,N2b,M0,c,ANY,ANY,ANY,G2,Positive,Negative,Negative,IIIA
T0,N2,M0,c,ANY,ANY,ANY,G2,Negative,Positive,Positive,IIA
T0,N2a,M0,c,ANY,ANY,ANY,G2,Negative,Positive,Positive,IIA
T0,N2b,M0,c,ANY,ANY,ANY,G2,Negative,Positive,Positive,IIA
T1,N2,M0,c,ANY,ANY,ANY,G2,Negative,Positive,Positive,IIA
T1,N2a,M0,c,ANY,ANY,ANY,G2,Negative,Positive,Positive,IIA
T1,N2b,M0,c,ANY,ANY,ANY,G2,Negative,Positive,Positive,IIA
T1mi,N2,M0,c,ANY,ANY,ANY,G2,Negative,Positive,Positive,IIA
T1mi,N2a,M0,c,ANY,ANY,ANY,G2,Negative,Positive,Positive,IIA
T1mi,N2b,M0,c,ANY,ANY,ANY,G2,Negative,Positive,Positive,IIA
T1a,N2,M0,c,ANY,ANY,ANY,G2,Negative,Positive,Positive,IIA
T1a,N2a,M0,c,ANY,ANY,ANY,G2,Negative,Positive,Positive,IIA
T1a,N2b,M0,c,ANY,ANY,ANY,G2,Negative,Positive,Positive,IIA
T1b,N2,M0,c,ANY,ANY,ANY,G2,Negative,Positive,Positive,IIA
T1b,N2a,M0,c,ANY,ANY,ANY,G2,Negative,Positive,Positive,IIA
T1b,N2b,M0,c,ANY,ANY,ANY,G2,Negative,Positive,Positive,IIA
T1c,N2,M0,c,ANY,ANY,ANY,G2,Negative,Positive,Positive,IIA
T1c,N2a,M0,c,ANY,ANY,ANY,G2,Negative,Positive,Positive,IIA
T1c,N2b,M0,c,ANY,ANY,ANY,G2,Negative,Positive,Positive,IIA
T2,N2,M0,c,ANY,ANY,ANY,G2,Negative,Positive,Positive,IIA
T2,N2a,M0,c,ANY,ANY,ANY,G2,Negative,Positive,Positive,IIA
T2,N2b,M0,c,ANY,ANY,ANY,G2,Negative,Positive,Positive,IIA
T3,N1,M0,c,ANY,ANY,ANY,G2,Negative,Positive,Positive,IIA
T3,N1a,M0,c,ANY,ANY,ANY,G2,Negative,Positive,Positive,IIA
T3,N1b,M0,c,ANY,ANY,ANY,G2,Negative,Positive,Positive,IIA
T3,N1c,M0,c,ANY,ANY,ANY,G2,Negative,Positive,Positive,IIA
T3,N2,M0,c,ANY,ANY,ANY,G2,Negative,Positive,Positive,IIA
T3,N2a,M0,c,ANY,ANY,ANY,G2,Negative,Positive,Positive,IIA
T3,N2b,M0,c,ANY,ANY,ANY,G2,Negative,Positive,Positive,IIA
T0,N2,M0,c,ANY,ANY,ANY,G2,Negative,Positive,Negative,IIIA
T0,N2a,M0,c,ANY,ANY,ANY,G2,Negative,Positive,Negative,IIIA
T0,N2b,M0,c,ANY,ANY,ANY,G2,Negative,Positive,Negative,IIIA
T1,N2,M0,c,ANY,ANY,ANY,G2,Negative,Positive,Negative,IIIA
T1,N2a,M0,c,ANY,ANY,ANY,G2,Negative,Positive,Negative,IIIA
T1,N2b,M0,c,ANY,ANY,ANY,G2,Negative,Positive,Negative,IIIA
T1mi,N2,M0,c,ANY,ANY,ANY,G2,Negative,Positive,Negative,IIIA
T1mi,N2a,M0,c,ANY,ANY,ANY,G2,Negative,Positive,Negative,IIIA
T1mi,N2b,M0,c,ANY,ANY,ANY,G2,Negative,Positive,Negative,IIIA
T1a,N2,M0,c,ANY,ANY,ANY,G2,Negative,Positive,Negative,IIIA
T1a,N2a,M0,c,ANY,ANY,ANY,G2,Negative,Positive,Negative,IIIA
T1a,N2b,M0,c,ANY,ANY,ANY,G2,Negative,Positive,Negative,IIIA
T1b,N2,M0,c,ANY,ANY,ANY,G2,Negative,Positive,Negative,IIIA
T1b,N2a,M0,c,ANY,ANY,ANY,G2,Negative,Positive,Negative,IIIA
T1b,N2b,M0,c,ANY,ANY,ANY,G2,Negative,Positive,Negative,IIIA
T1c,N2,M0,c,ANY,ANY,ANY,G2,Negative,Positive,Negative,IIIA
T1c,N2a,M0,c,ANY,ANY,ANY,G2,Negative,Positive,Negative,IIIA
T1c,N2b,M0,c,ANY,ANY,ANY,G2,Negative,Positive,Negative,IIIA
T2,N2,M0,c,ANY,ANY,ANY,G2,Negative,Positive,Negative,IIIA
T2,N2a,M0,c,ANY,ANY,ANY,G2,Negative,Positive,Negative,IIIA
T2,N2b,M0,c,ANY,ANY,ANY,G2,Negative,Positive,Negative,IIIA
T3,N1,M0,c,ANY,ANY,ANY,G2,Negative,Positive,Negative,IIIA
T3,N1a,M0,c,ANY,ANY,ANY,G2,Negative,Positive,Negative,IIIA
T3,N1b,M0,c,ANY,ANY,ANY,G2,Negative,Positive,Negative,IIIA
T3,N1c,M0,c,ANY,ANY,ANY,G2,Negative,Positive,Negative,IIIA
T3,N2,M0,c,ANY,ANY,ANY,G2,Negative,Positive,Negative,IIIA
T3,N2a,M0,c,ANY,ANY,ANY,G2,Negative,Positive,Negative,IIIA
T3,N2b,M0,c,ANY,ANY,ANY,G2,Negative,Positive,Negative,IIIA
T0,N2,M0,c,ANY,ANY,ANY,G2,Negative,Negative,Positive,IIIA
T0,N2a,M0,c,ANY,ANY,ANY,G2,Negative,Negative,Positive,IIIA
T0,N2b,M0,c,ANY,ANY,ANY,G2,Negative,Negative,Positive,IIIA
T1,N2,M0,c,ANY,ANY,ANY,G2,Negative,Negative,Positive,IIIA
T1,N2a,M0,c,ANY,ANY,ANY,G2,Negative,Negative,Positive,IIIA
T1,N2b,M0,c,ANY,ANY,ANY,G2,Negative,Negative,Positive,IIIA
T1mi,N2,M0,c,ANY,ANY,ANY,G2,Negative,Negative,Positive,IIIA
T1mi,N2a,M0,c,ANY,ANY,ANY,G2,Negative,Negative,Positive,IIIA
T1mi,N2b,M0,c,ANY,ANY,ANY,G2,Negative,Negative,Positive,IIIA
T1a,N2,M0,c,ANY,ANY,ANY,G2,Negative,Negative,Positive,IIIA
T1a,N2a,M0,c,ANY,ANY,ANY,G2,Negative,Negative,Positive,IIIA
T1a,N2b,M0,c,ANY,ANY,ANY,G2,Negative,Negative,Positive,IIIA
T1b,N2,M0,c,ANY,ANY,ANY,G2,Negative,Negative,Positive,IIIA
T1b,N2a,M0,c,ANY,ANY,ANY,G2,Negative,Negative,Positive,IIIA
T1b,N2b,M0,c,ANY,ANY,ANY,G2,Negative,Negative,Positive,IIIA
T1c,N2,M0,c,ANY,ANY,ANY,G2,Negative,Negative,Positive,IIIA
T1c,N2a,M0,c,ANY,ANY,ANY,G2,Negative,Negative,Positive,IIIA
T1c,N2b,M0,c,ANY,ANY,ANY,G2,Negative,Negative,Positive,IIIA
T2,N2,M0,c,ANY,ANY,ANY,G2,Negative,Negative,Positive,IIIA
T2,N2a,M0,c,ANY,ANY,ANY,G2,Negative,Negative,Positive,IIIA
T2,N2b,M0,c,ANY,ANY,ANY,G2,Negative,Negative,Positive,IIIA
T3,N1,M0,c,ANY,ANY,ANY,G2,Negative,Negative,Positive,IIIA
T3,N1a,M0,c,ANY,ANY,ANY,G2,Negative,Negative,Positive,IIIA
T3,N1b,M0,c,ANY,ANY,ANY,G2,Negative,Negative,Positive,IIIA
T3,N1c,M0,c,ANY,ANY,ANY,G2,Negative,Negative,Positive,IIIA
T3,N2,M0,c,ANY,ANY,ANY,G2,Negative,Negative,Positive,IIIA
T3,N2a,M0,c,ANY,ANY,ANY,G2,Negative,Negative,Positive,IIIA
T3,N2b,M0,c,ANY,ANY,ANY,G2,Negative,Negative,Positive,IIIA
T0,N2,M0,c,ANY,ANY,ANY,G2,Negative,Negative,Negative,IIIB
T0,N2a,M0,c,ANY,ANY,ANY,G2,Negative,Negative,Negative,IIIB
T0,N2b,M0,c,ANY,ANY,ANY,G2,Negative,Negative,Negative,IIIB
T1,N2,M0,c,ANY,ANY,ANY,G2,Negative,Negative,Negative,IIIB
T1,N2a,M0,c,ANY,ANY,ANY,G2,Negative,Negative,Negative,IIIB
T1,N2b,M0,c,ANY,ANY,ANY,G2,Negative,Negative,Negative,IIIB
T1mi,N2,M0,c,ANY,ANY,ANY,G2,Negative,Negative,Negative,IIIB
T1mi,N2a,M0,c,ANY,ANY,ANY,G2,Negative,Negative,Negative,IIIB
T1mi,N2b,M0,c,ANY,ANY,ANY,G2,Negative,Negative,Negative,IIIB
T1a,N2,M0,c,ANY,ANY,ANY,G2,Negative,Negative,Negative,IIIB
T1a,N2a,M0,c,ANY,ANY,ANY,G2,Negative,Negative,Negative,IIIB
T1a,N2b,M0,c,ANY,ANY,ANY,G2,Negative,Negative,Negative,IIIB
T1b,N2,M0,c,ANY,ANY,ANY,G2,Negative,Negative,Negative,IIIB
T1b,N2a,M0,c,ANY,ANY,ANY,G2,Negative,Negative,Negative,IIIB
T1b,N2b,M0,c,ANY,ANY,ANY,G2,Negative,Negative,Negative,IIIB
T1c,N2,M0,c,ANY,ANY,ANY,G2,Negative,Negative,Negative,IIIB
T1c,N2a,M0,c,ANY,ANY,ANY,G2,Negative,Negative,Negative,IIIB
T1c,N2b,M0,c,ANY,ANY,ANY,G2,Negative,Negative,Negative,IIIB
T2,N2,M0,c,ANY,ANY,ANY,G2,Negative,Negative,Negative,IIIB
T2,N2a,M0,c,ANY,ANY,ANY,G2,Negative,Negative,Negative,IIIB
T2,N2b,M0,c,ANY,ANY,ANY,G2,Negative,Negative,Negative,IIIB
T3,N1,M0,c,ANY,ANY,ANY,G2,Negative,Negative,Negative,IIIB
T3,N1a,M0,c,ANY,ANY,ANY,G2,Negative,Negative,Negative,IIIB
T3,N1b,M0,c,ANY,ANY,ANY,G2,Negative,Negative,Negative,IIIB
T3,N1c,M0,c,ANY,ANY,ANY,G2,Negative,Negative,Negative,IIIB
T3,N2,M0,c,ANY,ANY,ANY,G2,Negative,Negative,Negative,IIIB
T3,N2a,M0,c,ANY,ANY,ANY,G2,Negative,Negative,Negative,IIIB
T3,N2b,M0,c,ANY,ANY,ANY,G2,Negative,Negative,Negative,IIIB
T0,N2,M0,c,ANY,ANY,ANY,G3,Positive,Positive,Positive,IIB
T0,N2a,M0,c,ANY,ANY,ANY,G3,Positive,Positive,Positive,IIB
T0,N2b,M0,c,ANY,ANY,ANY,G3,Positive,Positive,Positive,IIB
T1,N2,M0,c,ANY,ANY,ANY,G3,Positive,Positive,Positive,IIB
T1,N2a,M0,c,ANY,ANY,ANY,G3,Positive,Positive,Positive,IIB
T1,N2b,M0,c,ANY,ANY,ANY,G3,Positive,Positive,Positive,IIB
T1mi,N2,M0,c,ANY,ANY,ANY,G3,Positive,Positive,Positive,IIB
T1mi,N2a,M0,c,ANY,ANY,ANY,G3,Positive,Positive,Positive,IIB
T1mi,N2b,M0,c,ANY,ANY,ANY,G3,Positive,Positive,Positive,IIB
T1a,N2,M0,c,ANY,ANY,ANY,G3,Positive,Positive,Positive,IIB
T1a,N2a,M0,c,ANY,ANY,ANY,G3,Positive,Positive,Positive,IIB
T1a,N2b,M0,c,ANY,ANY,ANY,G3,Positive,Positive,Positive,IIB
T1b,N2,M0,c,ANY,ANY,ANY,G3,Positive,Positive,Positive,IIB
T1b,N2a,M0,c,ANY,ANY,ANY,G3,Positive,Positive,Positive,IIB
T1b,N2b,M0,c,ANY,ANY,ANY,G3,Positive,Positive,Positive,IIB
T1c,N2,M0,c,ANY,ANY,ANY,G3,Positive,Positive,Positive,IIB
T1c,N2a,M0,c,ANY,ANY,ANY,G3,Positive,Positive,Positive,IIB
T1c,N2b,M0,c,ANY,ANY,ANY,G3,Positive,Positive,Positive,IIB
T2,N2,M0,c,ANY,ANY,ANY,G3,Positive,Positive,Positive,IIB
T2,N2a,M0,c,ANY,ANY,ANY,G3,Positive,Positive,Positive,IIB
T2,N2b,M0,c,ANY,ANY,ANY,G3,Positive,Positive,Positive,IIB
T3,N1,M0,c,ANY,ANY,ANY,G3,Positive,Positive,Positive,IIB
T3,N1a,M0,c,ANY,ANY,ANY,G3,Positive,Positive,Positive,IIB
T3,N1b,M0,c,ANY,ANY,ANY,G3,Positive,Positive,Positive,IIB
T3,N1c,M0,c,ANY,ANY,ANY,G3,Positive,Positive,Positive,IIB
T3,N2,M0,c,ANY,ANY,ANY,G3,Positive,Positive,Positive,IIB
T3,N2a,M0,c,ANY,ANY,ANY,G3,Positive,Positive,Positive,IIB
T3,N2b,M0,c,ANY,ANY,ANY,G3,Positive,Positive,Positive,IIB
T0,N2,M0,c,ANY,ANY,ANY,G3,Positive,Positive,Negative,IIIA
T0,N2a,M0,c,ANY,ANY,ANY,G3,Positive,Positive,Negative,IIIA
T0,N2b,M0,c,ANY,ANY,ANY,G3,Positive,Positive,Negative,IIIA
T1,N2,M0,c,ANY,ANY,ANY,G3,Positive,Positive,Negative,IIIA
T1,N2a,M0,c,ANY,ANY,ANY,G3,Positive,Positive,Negative,IIIA
T1,N2b,M0,c,ANY,ANY,ANY,G3,Positive,Positive,Negative,IIIA
T1mi,N2,M0,c,ANY,ANY,ANY,G3,Positive,Positive,Negative,IIIA
T1mi,N2a,M0,c,ANY,ANY,ANY,G3,Positive,Positive,Negative,IIIA
T1mi,N2b,M0,c,ANY,ANY,ANY,G3,Positive,Positive,Negative,IIIA
T1a,N2,M0,c,ANY,ANY,ANY,G3,Positive,Positive,Negative,IIIA
T1a,N2a,M0,c,ANY,ANY,ANY,G3,Positive,Positive,Negative,IIIA
T1a,N2b,M0,c,ANY,ANY,ANY,G3,Positive,Positive,Negative,IIIA
T1b,N2,M0,c,ANY,ANY,ANY,G3,Positive,Positive,Negative,IIIA
T1b,N2a,M0,c,ANY,ANY,ANY,G3,Positive,Positive,Negative,IIIA
T1b,N2b,M0,c,ANY,ANY,ANY,G3,Positive,Positive,Negative,IIIA
T1c,N2,M0,c,ANY,ANY,ANY,G3,Positive,Positive,Negative,IIIA
T1c,N2a,M0,c,ANY,ANY,ANY,G3,Positive,Positive,Negative,IIIA
T1c,N2b,M0,c,ANY,ANY,ANY,G3,Positive,Positive,Negative,IIIA
T2,N2,M0,c,ANY,ANY,ANY,G3,Positive,Positive,Negative,IIIA
T2,N2a,M0,c,ANY,ANY,ANY,G3,Positive,Positive,Negative,IIIA
T2,N2b,M0,c,ANY,ANY,ANY,G3,Positive,Positive,Negative,IIIA
T3,N1,M0,c,ANY,ANY,ANY,G3,Positive,Positive,Negative,IIIA
T3,N1a,M0,c,ANY,ANY,ANY,G3,Positive,Positive,Negative,IIIA
T3,N1b,M0,c,ANY,ANY,ANY,G3,Positive,Positive,Negative,IIIA
T3,N1c,M0,c,ANY,ANY,ANY,G3,Positive,Positive,Negative,IIIA
T3,N2,M0,c,ANY,ANY,ANY,G3,Positive,Positive,Negative,IIIA
T3,N2a,M0,c,ANY,ANY,ANY,G3,Positive,Positive,Negative,IIIA
T3,N2b,M0,c,ANY,ANY,ANY,G3,Positive,Positive,Negative,IIIA
T0,N2,M0,c,ANY,ANY,ANY,G3,Positive,Negative,Positive,IIIA
T0,N2a,M0,c,ANY,ANY,ANY,G3,Positive,Negative,Positive,IIIA
T0,N2b,M0,c,ANY,ANY,ANY,G3,Positive,Negative,Positive,IIIA
T1,N2,M0,c,ANY,ANY,ANY,G3,Positive,Negative,Positive,IIIA
T1,N2a,M0,c,ANY,ANY,ANY,G3,Positive,Negative,Positive,IIIA
T1,N2b,M0,c,ANY,ANY,ANY,G3,Positive,Negative,Positive,IIIA
T1mi,N2,M0,c,ANY,ANY,ANY,G3,Positive,Negative,Positive,IIIA
T1mi,N2a,M0,c,ANY,ANY,ANY,G3,Positive,Negative,Positive,IIIA
T1mi,N2b,M0,c,ANY,ANY,ANY,G3,Positive,Negative,Positive,IIIA
T1a,N2,M0,c,ANY,ANY,ANY,G3,Positive,Negative,Positive,IIIA
T1a,N2a,M0,c,ANY,ANY,ANY,G3,Positive,Negative,Positive,IIIA
T1a,N2b,M0,c,ANY,ANY,ANY,G3,Positive,Negative,Positive,IIIA
T1b,N2,M0,c,ANY,ANY,ANY,G3,Positive,Negative,Positive,IIIA
T1b,N2a,M0,c,ANY,ANY,ANY,G3,Positive,Negative,Positive,IIIA
T1b,N2b,M0,c,ANY,ANY,ANY,G3,Positive,Negative,Positive,IIIA
T1c,N2,M0,c,ANY,ANY,ANY,G3,Positive,Negative,Positive,IIIA
T1c,N2a,M0,c,ANY,ANY,ANY,G3,Positive,Negative,Positive,IIIA
T1c,N2b,M0,c,ANY,ANY,ANY,G3,Positive,Negative,Positive,IIIA
T2,N2,M0,c,ANY,ANY,ANY,G3,Positive,Negative,Positive,IIIA
T2,N2a,M0,c,ANY,ANY,ANY,G3,Positive,Negative,Positive,IIIA
T2,N2b,M0,c,ANY,ANY,ANY,G3,Positive,Negative,Positive,IIIA
T3,N1,M0,c,ANY,ANY,ANY,G3,Positive,Negative,Positive,IIIA
T3,N1a,M0,c,ANY,ANY,ANY,G3,Positive,Negative,Positive,IIIA
T3,N1b,M0,c,ANY,ANY,ANY,G3,Positive,Negative,Positive,IIIA
T3,N1c,M0,c,ANY,ANY,ANY,G3,Positive,Negative,Positive,IIIA
T3,N2,M0,c,ANY,ANY,ANY,G3,Positive,Negative,Positive,IIIA
T3,N2a,M0,c,ANY,ANY,ANY,G3,Positive,Negative,Positive,IIIA
T3,N2b,M0,c,ANY,ANY,ANY,G3,Positive,Negative,Positive,IIIA
T0,N2,M0,c,ANY,ANY,ANY,G3,Positive,Negative,Negative,IIIA
T0,N2a,M0,c,ANY,ANY,ANY,G3,Positive,Negative,Negative,IIIA
T0,N2b,M0,c,ANY,ANY,ANY,G3,Positive,Negative,Negative,IIIA
T1,N2,M0,c,ANY,ANY,ANY,G3,Positive,Negative,Negative,IIIA
T1,N2a,M0,c,ANY,ANY,ANY,G3,Positive,Negative,Negative,IIIA
T1,N2b,M0,c,ANY,ANY,ANY,G3,Positive,Negative,Negative,IIIA
T1mi,N2,M0,c,ANY,ANY,ANY,G3,Positive,Negative,Negative,IIIA
T1mi,N2a,M0,c,ANY,ANY,ANY,G3,Positive,Negative,Negative,IIIA
T1mi,N2b,M0,c,ANY,ANY,ANY,G3,Positive,Negative,Negative,IIIA
T1a,N2,M0,c,ANY,ANY,ANY,G3,Positive,Negative,Negative,IIIA
T1a,N2a,M0,c,ANY,ANY,ANY,G3,Positive,Negative,Negative,IIIA
T1a,N2b,M0,c,ANY,ANY,ANY,G3,Positive,Negative,Negative,IIIA
T1b,N2,M0,c,ANY,ANY,ANY,G3,Positive,Negative,Negative,IIIA
T1b,N2a,M0,c,ANY,ANY,ANY,G3,Positive,Negative,Negative,IIIA
T1b,N2b,M0,c,ANY,ANY,ANY,G3,Positive,Negative,Negative,IIIA
T1c,N2,M0,c,ANY,ANY,ANY,G3,Positive,Negative,Negative,IIIA
T1c,N2a,M0,c,ANY,ANY,ANY,G3,Positive,Negative,Negative,IIIA
T1c,N2b,M0,c,ANY,ANY,ANY,G3,Positive,Negative,Negative,IIIA
T2,N2,M0,c,ANY,ANY,ANY,G3,Positive,Negative,Negative,IIIA
T2,N2a,M0,c,ANY,ANY,ANY,G3,Positive,Negative,Negative,IIIA
T2,N2b,M0,c,ANY,ANY,ANY,G3,Positive,Negative,Negative,IIIA
T3,N1,M0,c,ANY,ANY,ANY,G3,Positive,Negative,Negative,IIIA
T3,N1a,M0,c,ANY,ANY,ANY,G3,Positive,Negative,Negative,IIIA
T3,N1b,M0,c,ANY,ANY,ANY,G3,Positive,Negative,Negative,IIIA
T3,N1c,M0,c,ANY,ANY,ANY,G3,Positive,Negative,Negative,IIIA
T3,N2,M0,c,ANY,ANY,ANY,G3,Positive,Negative,Negative,IIIA
T3,N2a,M0,c,ANY,ANY,ANY,G3,Positive,Negative,Negative,IIIA
T3,N2b,M0,c,ANY,ANY,ANY,G3,Positive,Negative,Negative,IIIA
T0,N2,M0,c,ANY,ANY,ANY,G3,Negative,Positive,Positive,IIIA
T0,N2a,M0,c,ANY,ANY,ANY,G3,Negative,Positive,Positive,IIIA
T0,N2b,M0,c,ANY,ANY,ANY,G3,Negative,Positive,Positive,IIIA
T1,N2,M0,c,ANY,ANY,ANY,G3,Negative,Positive,Positive,IIIA
T1,N2a,M0,c,ANY,ANY,ANY,G3,Negative,Positive,Positive,IIIA
T1,N2b,M0,c,ANY,ANY,ANY,G3,Negative,Positive,Positive,IIIA
T1mi,N2,M0,c,ANY,ANY,ANY,G3,Negative,Positive,Positive,IIIA
T1mi,N2a,M0,c,ANY,ANY,ANY,G3,Negative,Positive,Positive,IIIA
T1mi,N2b,M0,c,ANY,ANY,ANY,G3,Negative,Positive,Positive,IIIA
T1a,N2,M0,c,ANY,ANY,ANY,G3,Negative,Positive,Positive,IIIA
T1a,N2a,M0,c,ANY,ANY,ANY,G3,Negative,Positive,Positive,IIIA
T1a,N2b,M0,c,ANY,ANY,ANY,G3,Negative,Positive,Positive,IIIA
T1b,N2,M0,c,ANY,ANY,ANY,G3,Negative,Positive,Positive,IIIA
T1b,N2a,M0,c,ANY,ANY,ANY,G3,Negative,Positive,Positive,IIIA
T1b,N2b,M0,c,ANY,ANY,ANY,G3,Negative,Positive,Positive,IIIA
T1c,N2,M0,c,ANY,ANY,ANY,G3,Negative,Positive,Positive,IIIA
T1c,N2a,M0,c,ANY,ANY,ANY,G3,Negative,Positive,Positive,IIIA
T1c,N2b,M0,c,ANY,ANY,ANY,G3,Negative,Positive,Positive,IIIA
T2,N2,M0,c,ANY,ANY,ANY,G3,Negative,Positive,Positive,IIIA
T2,N2a,M0,c,ANY,ANY,ANY,G3,Negative,Positive,Positive,IIIA
T2,N2b,M0,c,ANY,ANY,ANY,G3,Negative,Positive,Positive,IIIA
T3,N1,M0,c,ANY,ANY,ANY,G3,Negative,Positive,Positive,IIIA
T3,N1a,M0,c,ANY,ANY,ANY,G3,Negative,Positive,Positive,IIIA
T3,N1b,M0,c,ANY,ANY,ANY,G3,Negative,Positive,Positive,IIIA
T3,N1c,M0,c,ANY,ANY,ANY,G3,Negative,Positive,Positive,IIIA
T3,N2,M0,c,ANY,ANY,ANY,G3,Negative,Positive,Positive,IIIA
T3,N2a,M0,c,ANY,ANY,ANY,G3,Negative,Positive,Positive,IIIA
T3,N2b,M0,c,ANY,ANY,ANY,G3,Negative,Positive,Positive,IIIA
T0,N2,M0,c,ANY,ANY,ANY,G3,Negative,Positive,Negative,IIIB
T0,N2a,M0,c,ANY,ANY,ANY,G3,Negative,Positive,Negative,IIIB
T0,N2b,M0,c,ANY,ANY,ANY,G3,Negative,Positive,Negative,IIIB
T1,N2,M0,c,ANY,ANY,ANY,G3,Negative,Positive,Negative,IIIB
T1,N2a,M0,c,ANY,ANY,ANY,G3,Negative,Positive,Negative,IIIB
T1,N2b,M0,c,ANY,ANY,ANY,G3,Negative,Positive,Negative,IIIB
T1mi,N2,M0,c,ANY,ANY,ANY,G3,Negative,Positive,Negative,IIIB
T1mi,N2a,M0,c,ANY,ANY,ANY,G3,Negative,Positive,Negative,IIIB
T1mi,N2b,M0,c,ANY,ANY,ANY,G3,Negative,Positive,Negative,IIIB
T1a,N2,M0,c,ANY,ANY,ANY,G3,Negative,Positive,Negative,IIIB
T1a,N2a,M0,c,ANY,ANY,ANY,G3,Negative,Positive,Negative,IIIB
T1a,N2b,M0,c,ANY,ANY,ANY,G3,Negative,Positive,Negative,IIIB
T1b,N2,M0,c,ANY,ANY,ANY,G3,Negative,Positive,Negative,IIIB
T1b,N2a,M0,c,ANY,ANY,ANY,G3,Negative,Positive,Negative,IIIB
T1b,N2b,M0,c,ANY,ANY,ANY,G3,Negative,Positive,Negative,IIIB
T1c,N2,M0,c,ANY,ANY,ANY,G3,Negative,Positive,Negative,IIIB
T1c,N2a,M0,c,ANY,ANY,ANY,G3,Negative,Positive,Negative,IIIB
T1c,N2b,M0,c,ANY,ANY,ANY,G3,Negative,Positive,Negative,IIIB
T2,N2,M0,c,ANY,ANY,ANY,G3,Negative,Positive,Negative,IIIB
T2,N2a,M0,c,ANY,ANY,ANY,G3,Negative,Positive,Negative,IIIB
T2,N2b,M0,c,ANY,ANY,ANY,G3,Negative,Positive,Negative,IIIB
T3,N1,M0,c,ANY,ANY,ANY,G3,Negative,Positive,Negative,IIIB
T3,N1a,M0,c,ANY,ANY,ANY,G3,Negative,Positive,Negative,IIIB
T3,N1b,M0,c,ANY,ANY,ANY,G3,Negative,Positive,Negative,IIIB
T3,N1c,M0,c,ANY,ANY,ANY,G3,Negative,Positive,Negative,IIIB
T3,N2,M0,c,ANY,ANY,ANY,G3,Negative,Positive,Negative,IIIB
T3,N2a,M0,c,ANY,ANY,ANY,G3,Negative,Positive,Negative,IIIB
T3,N2b,M0,c,ANY,ANY,ANY,G3,Negative,Positive,Negative,IIIB
T0,N2,M0,c,ANY,ANY,ANY,G3,Negative,Negative,Positive,IIIB
T0,N2a,M0,c,ANY,ANY,ANY,G3,Negative,Negative,Positive,IIIB
T0,N2b,M0,c,ANY,ANY,ANY,G3,Negative,Negative,Positive,IIIB
T1,N2,M0,c,ANY,ANY,ANY,G3,Negative,Negative,Positive,IIIB
T1,N2a,M0,c,ANY,ANY,ANY,G3,Negative,Negative,Positive,IIIB
T1,N2b,M0,c,ANY,ANY,ANY,G3,Negative,Negative,Positive,IIIB
T1mi,N2,M0,c,ANY,ANY,ANY,G3,Negative,Negative,Positive,IIIB
T1mi,N2a,M0,c,ANY,ANY,ANY,G3,Negative,Negative,Positive,IIIB
T1mi,N2b,M0,c,ANY,ANY,ANY,G3,Negative,Negative,Positive,IIIB
T1a,N2,M0,c,ANY,ANY,ANY,G3,Negative,Negative,Positive,IIIB
T1a,N2a,M0,c,ANY,ANY,ANY,G3,Negative,Negative,Positive,IIIB
T1a,N2b,M0,c,ANY,ANY,ANY,G3,Negative,Negative,Positive,IIIB
T1b,N2,M0,c,ANY,ANY,ANY,G3,Negative,Negative,Positive,IIIB
T1b,N2a,M0,c,ANY,ANY,ANY,G3,Negative,Negative,Positive,IIIB
T1b,N2b,M0,c,ANY,ANY,ANY,G3,Negative,Negative,Positive,IIIB
T1c,N2,M0,c,ANY,ANY,ANY,G3,Negative,Negative,Positive,IIIB
T1c,N2a,M0,c,ANY,ANY,ANY,G3,Negative,Negative,Positive,IIIB
T1c,N2b,M0,c,ANY,ANY,ANY,G3,Negative,Negative,Positive,IIIB
T2,N2,M0,c,ANY,ANY,ANY,G3,Negative,Negative,Positive,IIIB
T2,N2a,M0,c,ANY,ANY,ANY,G3,Negative,Negative,Positive,IIIB
T2,N2b,M0,c,ANY,ANY,ANY,G3,Negative,Negative,Positive,IIIB
T3,N1,M0,c,ANY,ANY,ANY,G3,Negative,Negative,Positive,IIIB
T3,N1a,M0,c,ANY,ANY,ANY,G3,Negative,Negative,Positive,IIIB
T3,N1b,M0,c,ANY,ANY,ANY,G3,Negative,Negative,Positive,IIIB
T3,N1c,M0,c,ANY,ANY,ANY,G3,Negative,Negative,Positive,IIIB
T3,N2,M0,c,ANY,ANY,ANY,G3,Negative,Negative,Positive,IIIB
T3,N2a,M0,c,ANY,ANY,ANY,G3,Negative,Negative,Positive,IIIB
T3,N2b,M0,c,ANY,ANY,ANY,G3,Negative,Negative,Positive,IIIB
T0,N2,M0,c,ANY,ANY,ANY,G3,Negative,Negative,Negative,IIIC
T0,N2a,M0,c,ANY,ANY,ANY,G3,Negative,Negative,Negative,IIIC
T0,N2b,M0,c,ANY,ANY,ANY,G3,Negative,Negative,Negative,IIIC
T1,N2,M0,c,ANY,ANY,ANY,G3,Negative,Negative,Negative,IIIC
T1,N2a,M0,c,ANY,ANY,ANY,G3,Negative,Negative,Negative,IIIC
T1,N2b,M0,c,ANY,ANY,ANY,G3,Negative,Negative,Negative,IIIC
T1mi,N2,M0,c,ANY,ANY,ANY,G3,Negative,Negative,Negative,IIIC
T1mi,N2a,M0,c,ANY,ANY,ANY,G3,Negative,Negative,Negative,IIIC
T1mi,N2b,M0,c,ANY,ANY,ANY,G3,Negative,Negative,Negative,IIIC
T1a,N2,M0,c,ANY,ANY,ANY,G3,Negative,Negative,Negative,IIIC
T1a,N2a,M0,c,ANY,ANY,ANY,G3,Negative,Negative,Negative,IIIC
T1a,N2b,M0,c,ANY,ANY,ANY,G3,Negative,Negative,Negative,IIIC
T1b,N2,M0,c,ANY,ANY,ANY,G3,Negative,Negative,Negative,IIIC
T1b,N2a,M0,c,ANY,ANY,ANY,G3,Negative,Negative,Negative,IIIC
T1b,N2b,M0,c,ANY,ANY,ANY,G3,Negative,Negative,Negative,IIIC
T1c,N2,M0,c,ANY,ANY,ANY,G3,Negative,Negative,Negative,IIIC
T1c,N2a,M0,c,ANY,ANY,ANY,G3,Negative,Negative,Negative,IIIC
T1c,N2b,M0,c,ANY,ANY,ANY,G3,Negative,Negative,Negative,IIIC
T2,N2,M0,c,ANY,ANY,ANY,G3,Negative,Negative,Negative,IIIC
T2,N2a,M0,c,ANY,ANY,ANY,G3,Negative,Negative,Negative,IIIC
T2,N2b,M0,c,ANY,ANY,ANY,G3,Negative,Negative,Negative,IIIC
T3,N1,M0,c,ANY,ANY,ANY,G3,Negative,Negative,Negative,IIIC
T3,N1a,M0,c,ANY,ANY,ANY,G3,Negative,Negative,Negative,IIIC
T3,N1b,M0,c,ANY,ANY,ANY,G3,Negative,Negative,Negative,IIIC
T3,N1c,M0,c,ANY,ANY,ANY,G3,Negative,Negative,Negative,IIIC
T3,N2,M0,c,ANY,ANY,ANY,G3,Negative,Negative,Negative,IIIC
T3,N2a,M0,c,ANY,ANY,ANY,G3,Negative,Negative,Negative,IIIC
T3,N2b,M0,c,ANY,ANY,ANY,G3,Negative,Negative,Negative,IIIC
T4,N0,M0,c,ANY,ANY,ANY,G1,Positive,Positive,Positive,IIIA
T4a,N0,M0,c,ANY,ANY,ANY,G1,Positive,Positive,Positive,IIIA
T4b,N0,M0,c,ANY,ANY,ANY,G1,Positive,Positive,Positive,IIIA
T4c,N0,M0,c,ANY,ANY,ANY,G1,Positive,Positive,Positive,IIIA
T4d,N0,M0,c,ANY,ANY,ANY,G1,Positive,Positive,Positive,IIIA
T4,N1,M0,c,ANY,ANY,ANY,G1,Positive,Positive,Positive,IIIA
T4,N1a,M0,c,ANY,ANY,ANY,G1,Positive,Positive,Positive,IIIA
T4,N1b,M0,c,ANY,ANY,ANY,G1,Positive,Positive,Positive,IIIA
T4,N1c,M0,c,ANY,ANY,ANY,G1,Positive,Positive,Positive,IIIA
T4a,N1,M0,c,ANY,ANY,ANY,G1,Positive,Positive,Positive,IIIA
T4a,N1a,M0,c,ANY,ANY,ANY,G1,Positive,Positive,Positive,IIIA
T4a,N1b,M0,c,ANY,ANY,ANY,G1,Positive,Positive,Positive,IIIA
T4a,N1c,M0,c,ANY,ANY,ANY,G1,Positive,Positive,Positive,IIIA
T4b,N1,M0,c,ANY,ANY,ANY,G1,Positive,Positive,Positive,IIIA
T4b,N1a,M0,c,ANY,ANY,ANY,G1,Positive,Positive,Positive,IIIA
T4b,N1b,M0,c,ANY,ANY,ANY,G1,Positive,Positive,Positive,IIIA
T4b,N1c,M0,c,ANY,ANY,ANY,G1,Positive,Positive,Positive,IIIA
T4c,N1,M0,c,ANY,ANY,ANY,G1,Positive,Positive,Positive,IIIA
T4c,N1a,M0,c,ANY,ANY,ANY,G1,Positive,Positive,Positive,IIIA
T4c,N1b,M0,c,ANY,ANY,ANY,G1,Positive,Positive,Positive,IIIA
T4c,N1c,M0,c,ANY,ANY,ANY,G1,Positive,Positive,Positive,IIIA
T4d,N1,M0,c,ANY,ANY,ANY,G1,Positive,Positive,Positive,IIIA
T4d,N1a,M0,c,ANY,ANY,ANY,G1,Positive,Positive,Positive,IIIA
T4d,N1b,M0,c,ANY,ANY,ANY,G1,Positive,Positive,Positive,IIIA
T4d,N1c,M0,c,ANY,ANY,ANY,G1,Positive,Positive,Positive,IIIA
T4,N2,M0,c,ANY,ANY,ANY,G1,Positive,Positive,Positive,IIIA
T4,N2a,M0,c,ANY,ANY,ANY,G1,Positive,Positive,Positive,IIIA
T4,N2b,M0,c,ANY,ANY,ANY,G1,Positive,Positive,Positive,IIIA
T4a,N2,M0,c,ANY,ANY,ANY,G1,Positive,Positive,Positive,IIIA
T4a,N2a,M0,c,ANY,ANY,ANY,G1,Positive,Positive,Positive,IIIA
T4a,N2b,M0,c,ANY,ANY,ANY,G1,Positive,Positive,Positive,IIIA
T4b,N2,M0,c,ANY,ANY,ANY,G1,Positive,Positive,Positive,IIIA
T4b,N2a,M0,c,ANY,ANY,ANY,G1,Positive,Positive,Positive,IIIA
T4b,N2b,M0,c,ANY,ANY,ANY,G1,Positive,Positive,Positive,IIIA
T4c,N2,M0,c,ANY,ANY,ANY,G1,Positive,Positive,Positive,IIIA
T4c,N2a,M0,c,ANY,ANY,ANY,G1,Positive,Positive,Positive,IIIA
T4c,N2b,M0,c,ANY,ANY,ANY,G1,Positive,Positive,Positive,IIIA
T4d,N2,M0,c,ANY,ANY,ANY,G1,Positive,Positive,Positive,IIIA
T4d,N2a,M0,c,ANY,ANY,ANY,G1,Positive,Positive,Positive,IIIA
T4d,N2b,M0,c,ANY,ANY,ANY,G1,Positive,Positive,Positive,IIIA
ANY,N3,M0,c,ANY,ANY,ANY,G1,Positive,Positive,Positive,IIIA
ANY,N3a,M0,c,ANY,ANY,ANY,G1,Positive,Positive,Positive,IIIA
ANY,N3b,M0,c,ANY,ANY,ANY,G1,Positive,Positive,Positive,IIIA
ANY,N3c,M0,c,ANY,ANY,ANY,G1,Positive,Positive,Positive,IIIA
T4,N0,M0,c,ANY,ANY,ANY,G1,Positive,Positive,Negative,IIIB
T4a,N0,M0,c,ANY,ANY,ANY,G1,Positive,Positive,Negative,IIIB
T4b,N0,M0,c,ANY,ANY,ANY,G1,Positive,Positive,Negative,IIIB
T4c,N0,M0,c,ANY,ANY,ANY,G1,Positive,Positive,Negative,IIIB
T4d,N0,M0,c,ANY,ANY,ANY,G1,Positive,Positive,Negative,IIIB
T4,N1,M0,c,ANY,ANY,ANY,G1,Positive,Positive,Negative,IIIB
T4,N1a,M0,c,ANY,ANY,ANY,G1,Positive,Positive,Negative,IIIB
T4,N1b,M0,c,ANY,ANY,ANY,G1,Positive,Positive,Negative,IIIB
T4,N1c,M0,c,ANY,ANY,ANY,G1,Positive,Positive,Negative,IIIB
T4a,N1,M0,c,ANY,ANY,ANY,G1,Positive,Positive,Negative,IIIB
T4a,N1a,M0,c,ANY,ANY,ANY,G1,Positive,Positive,Negative,IIIB
T4a,N1b,M0,c,ANY,ANY,ANY,G1,Positive,Positive,Negative,IIIB
T4a,N1c,M0,c,ANY,ANY,ANY,G1,Positive,Positive,Negative,IIIB
T4b,N1,M0,c,ANY,ANY,ANY,G1,Positive,Positive,Negative,IIIB
T4b,N1a,M0,c,ANY,ANY,ANY,G1,Positive,Positive,Negative,IIIB
T4b,N1b,M0,c,ANY,ANY,ANY,G1,Positive,Positive,Negative,IIIB
T4b,N1c,M0,c,ANY,ANY,ANY,G1,Positive,Positive,Negative,IIIB
T4c,N1,M0,c,ANY,ANY,ANY,G1,Positive,Positive,Negative,IIIB
T4c,N1a,M0,c,ANY,ANY,ANY,G1,Positive,Positive,Negative,IIIB
T4c,N1b,M0,c,ANY,ANY,ANY,G1,Positive,Positive,Negative,IIIB
T4c,N1c,M0,c,ANY,ANY,ANY,G1,Positive,Positive,Negative,IIIB
T4d,N1,M0,c,ANY,ANY,ANY,G1,Positive,Positive,Negative,IIIB
T4d,N1a,M0,c,ANY,ANY,ANY,G1,Positive,Positive,Negative,IIIB
T4d,N1b,M0,c,ANY,ANY,ANY,G1,Positive,Positive,Negative,IIIB
T4d,N1c,M0,c,ANY,ANY,ANY,G1,Positive,Positive,Negative,IIIB
T4,N2,M0,c,ANY,ANY,ANY,G1,Positive,Positive,Negative,IIIB
T4,N2a,M0,c,ANY,ANY,ANY,G1,Positive,Positive,Negative,IIIB
T4,N2b,M0,c,ANY,ANY,ANY,G1,Positive,Positive,Negative,IIIB
T4a,N2,M0,c,ANY,ANY,ANY,G1,Positive,Positive,Negative,IIIB
T4a,N2a,M0,c,ANY,ANY,ANY,G1,Positive,Positive,Negative,IIIB
T4a,N2b,M0,c,ANY,ANY,ANY,G1,Positive,Positive,Negative,IIIB
T4b,N2,M0,c,ANY,ANY,ANY,G1,Positive,Positive,Negative,IIIB
T4b,N2a,M0,c,ANY,ANY,ANY,G1,Positive,Positive,Negative,IIIB
T4b,N2b,M0,c,ANY,ANY,ANY,G1,Positive,Positive,Negative,IIIB
T4c,N2,M0,c,ANY,ANY,ANY,G1,Positive,Positive,Negative,IIIB
T4c,N2a,M0,c,ANY,ANY,ANY,G1,Positive,Positive,Negative,IIIB
T4c,N2b,M0,c,ANY,ANY,ANY,G1,Positive,Positive,Negative,IIIB
T4d,N2,M0,c,ANY,ANY,ANY,G1,Positive,Positive,Negative,IIIB
T4d,N2a,M0,c,ANY,ANY,ANY,G1,Positive,Positive,Negative,IIIB
T4d,N2b,M0,c,ANY,ANY,ANY,G1,Positive,Positive,Negative,IIIB
ANY,N3,M0,c,ANY,ANY,ANY,G1,Positive,Positive,Negative,IIIB
ANY,N3a,M0,c,ANY,ANY,ANY,G1,Positive,Positive,Negative,IIIB
ANY,N3b,M0,c,ANY,ANY,ANY,G1,Positive,Positive,Negative,IIIB
ANY,N3c,M0,c,ANY,ANY,ANY,G1,Positive,Positive,Negative,IIIB
T4,N0,M0,c,ANY,ANY,ANY,G1,Positive,Negative,Positive,IIIB
T4a,N0,M0,c,ANY,ANY,ANY,G1,Positive,Negative,Positive,IIIB
T4b,N0,M0,c,ANY,ANY,ANY,G1,Positive,Negative,Positive,IIIB
T4c,N0,M0,c,ANY,ANY,ANY,G1,Positive,Negative,Positive,IIIB
T4d,N0,M0,c,ANY,ANY,ANY,G1,Positive,Negative,Positive,IIIB
T4,N1,M0,c,ANY,ANY,ANY,G1,Positive,Negative,Positive,IIIB
T4,N1a,M0,c,ANY,ANY,ANY,G1,Positive,Negative,Positive,IIIB
T4,N1b,M0,c,ANY,ANY,ANY,G1,Positive,Negative,Positive,IIIB
T4,N1c,M0,c,ANY,ANY,ANY,G1,Positive,Negative,Positive,IIIB
T4a,N1,M0,c,ANY,ANY,ANY,G1,Positive,Negative,Positive,IIIB
T4a,N1a,M0,c,ANY,ANY,ANY,G1,Positive,Negative,Positive,IIIB
T4a,N1b,M0,c,ANY,ANY,ANY,G1,Positive,Negative,Positive,IIIB
T4a,N1c,M0,c,ANY,ANY,ANY,G1,Positive,Negative,Positive,IIIB
T4b,N1,M0,c,ANY,ANY,ANY,G1,Positive,Negative,Positive,IIIB
T4b,N1a,M0,c,ANY,ANY,ANY,G1,Positive,Negative,Positive,IIIB
T4b,N1b,M0,c,ANY,ANY,ANY,G1,Positive,Negative,Positive,IIIB
T4b,N1c,M0,c,ANY,ANY,ANY,G1,Positive,Negative,Positive,IIIB
T4c,N1,M0,c,ANY,ANY,ANY,G1,Positive,Negative,Positive,IIIB
T4c,N1a,M0,c,ANY,ANY,ANY,G1,Positive,Negative,Positive,IIIB
T4c,N1b,M0,c,ANY,ANY,ANY,G1,Positive,Negative,Positive,IIIB
T4c,N1c,M0,c,ANY,ANY,ANY,G1,Positive,Negative,Positive,IIIB
T4d,N1,M0,c,ANY,ANY,ANY,G1,Positive,Negative,Positive,IIIB
T4d,N1a,M0,c,ANY,ANY,ANY,G1,Positive,Negative,Positive,IIIB
T4d,N1b,M0,c,ANY,ANY,ANY,G1,Positive,Negative,Positive,IIIB
T4d,N1c,M0,c,ANY,ANY,ANY,G1,Positive,Negative,Positive,IIIB
T4,N2,M0,c,ANY,ANY,ANY,G1,Positive,Negative,Positive,IIIB
T4,N2a,M0,c,ANY,ANY,ANY,G1,Positive,Negative,Positive,IIIB
T4,N2b,M0,c,ANY,ANY,ANY,G1,Positive,Negative,Positive,IIIB
T4a,N2,M0,c,ANY,ANY,ANY,G1,Positive,Negative,Positive,IIIB
T4a,N2a,M0,c,ANY,ANY,ANY,G1,Positive,Negative,Positive,IIIB
T4a,N2b,M0,c,ANY,ANY,ANY,G1,Positive,Negative,Positive,IIIB
T4b,N2,M0,c,ANY,ANY,ANY,G1,Positive,Negative,Positive,IIIB
T4b,N2a,M0,c,ANY,ANY,ANY,G1,Positive,Negative,Positive,IIIB
T4b,N2b,M0,c,ANY,ANY,ANY,G1,Positive,Negative,Positive,IIIB
T4c,N2,M0,c,ANY,ANY,ANY,G1,Positive,Negative,Positive,IIIB
T4c,N2a,M0,c,ANY,ANY,ANY,G1,Positive,Negative,Positive,IIIB
T4c,N2b,M0,c,ANY,ANY,ANY,G1,Positive,Negative,Positive,IIIB
T4d,N2,M0,c,ANY,ANY,ANY,G1,Positive,Negative,Positive,IIIB
T4d,N2a,M0,c,ANY,ANY,ANY,G1,Positive,Negative,Positive,IIIB
T4d,N2b,M0,c,ANY,ANY,ANY,G1,Positive,Negative,Positive,IIIB
ANY,N3,M0,c,ANY,ANY,ANY,G1,Positive,Negative,Positive,IIIB
ANY,N3a,M0,c,ANY,ANY,ANY,G1,Positive,Negative,Positive,IIIB
ANY,N3b,M0,c,ANY,ANY,ANY,G1,Positive,Negative,Positive,IIIB
ANY,N3c,M0,c,ANY,ANY,ANY,G1,Positive,Negative,Positive,IIIB
T4,N0,M0,c,ANY,ANY,ANY,G1,Positive,Negative,Negative,IIIB
T4a,N0,M0,c,ANY,ANY,ANY,G1,Positive,Negative,Negative,IIIB
T4b,N0,M0,c,ANY,ANY,ANY,G1,Positive,Negative,Negative,IIIB
T4c,N0,M0,c,ANY,ANY,ANY,G1,Positive,Negative,Negative,IIIB
T4d,N0,M0,c,ANY,ANY,ANY,G1,Positive,Negative,Negative,IIIB
T4,N1,M0,c,ANY,ANY,ANY,G1,Positive,Negative,Negative,IIIB
T4,N1a,M0,c,ANY,ANY,ANY,G1,Positive,Negative,Negative,IIIB
T4,N1b,M0,c,ANY,ANY,ANY,G1,Positive,Negative,Negative,IIIB
T4,N1c,M0,c,ANY,ANY,ANY,G1,Positive,Negative,Negative,IIIB
T4a,N1,M0,c,ANY,ANY,ANY,G1,Positive,Negative,Negative,IIIB
T4a,N1a,M0,c,ANY,ANY,ANY,G1,Positive,Negative,Negative,IIIB
T4a,N1b,M0,c,ANY,ANY,ANY,G1,Positive,Negative,Negative,IIIB
T4a,N1c,M0,c,ANY,ANY,ANY,G1,Positive,Negative,Negative,IIIB
T4b,N1,M0,c,ANY,ANY,ANY,G1,Positive,Negative,Negative,IIIB
T4b,N1a,M0,c,ANY,ANY,ANY,G1,Positive,Negative,Negative,IIIB
T4b,N1b,M0,c,ANY,ANY,ANY,G1,Positive,Negative,Negative,IIIB
T4b,N1c,M0,c,ANY,ANY,ANY,G1,Positive,Negative,Negative,IIIB
T4c,N1,M0,c,ANY,ANY,ANY,G1,Positive,Negative,Negative,IIIB
T4c,N1a,M0,c,ANY,ANY,ANY,G1,Positive,Negative,Negative,IIIB
T4c,N1b,M0,c,ANY,ANY,ANY,G1,Positive,Negative,Negative,IIIB
T4c,N1c,M0,c,ANY,ANY,ANY,G1,Positive,Negative,Negative,IIIB
T4d,N1,M0,c,ANY,ANY,ANY,G1,Positive,Negative,Negative,IIIB
T4d,N1a,M0,c,ANY,ANY,ANY,G1,Positive,Negative,Negative,IIIB
T4d,N1b,M0,c,ANY,ANY,ANY,G1,Positive,Negative,Negative,IIIB
T4d,N1c,M0,c,ANY,ANY,ANY,G1,Positive,Negative,Negative,IIIB
T4,N2,M0,c,ANY,ANY,ANY,G1,Positive,Negative,Negative,IIIB
T4,N2a,M0,c,ANY,ANY,ANY,G1,Positive,Negative,Negative,IIIB
T4,N2b,M0,c,ANY,ANY,ANY,G1,Positive,Negative,Negative,IIIB
T4a,N2,M0,c,ANY,ANY,ANY,G1,Positive,Negative,Negative,IIIB
T4a,N2a,M0,c,ANY,ANY,ANY,G1,Positive,Negative,Negative,IIIB
T4a,N2b,M0,c,ANY,ANY,ANY,G1,Positive,Negative,Negative,IIIB
T4b,N2,M0,c,ANY,ANY,ANY,G1,Positive,Negative,Negative,IIIB
T4b,N2a,M0,c,ANY,ANY,ANY,G1,Positive,Negative,Negative,IIIB
T4b,N2b,M0,c,ANY,ANY,ANY,G1,Positive,Negative,Negative,IIIB
T4c,N2,M0,c,ANY,ANY,ANY,G1,Positive,Negative,Negative,IIIB
T4c,N2a,M0,c,ANY,ANY,ANY,G1,Positive,Negative,Negative,IIIB
T4c,N2b,M0,c,ANY,ANY,ANY,G1,Positive,Negative,Negative,IIIB
T4d,N2,M0,c,ANY,ANY,ANY,G1,Positive,Negative,Negative,IIIB
T4d,N2a,M0,c,ANY,ANY,ANY,G1,Positive,Negative,Negative,IIIB
T4d,N2b,M0,c,ANY,ANY,ANY,G1,Positive,Negative,Negative,IIIB
ANY,N3,M0,c,ANY,ANY,ANY,G1,Positive,Negative,Negative,IIIB
ANY,N3a,M0,c,ANY,ANY,ANY,G1,Positive,Negative,Negative,IIIB
ANY,N3b,M0,c,ANY,ANY,ANY,G1,Positive,Negative,Negative,IIIB
ANY,N3c,M0,c,ANY,ANY,ANY,G1,Positive,Negative,Negative,IIIB
T4,N0,M0,c,ANY,ANY,ANY,G1,Negative,Positive,Positive,IIIB
T4a,N0,M0,c,ANY,ANY,ANY,G1,Negative,Positive,Positive,IIIB
T4b,N0,M0,c,ANY,ANY,ANY,G1,Negative,Positive,Positive,IIIB
T4c,N0,M0,c,ANY,ANY,ANY,G1,Negative,Positive,Positive,IIIB
T4d,N0,M0,c,ANY,ANY,ANY,G1,Negative,Positive,Positive,IIIB
T4,N1,M0,c,ANY,ANY,ANY,G1,Negative,Positive,Positive,IIIB
T4,N1a,M0,c,ANY,ANY,ANY,G1,Negative,Positive,Positive,IIIB
T4,N1b,M0,c,ANY,ANY,ANY,G1,Negative,Positive,Positive,IIIB
T4,N1c,M0,c,ANY,ANY,ANY,G1,Negative,Positive,Positive,IIIB
T4a,N1,M0,c,ANY,ANY,ANY,G1,Negative,Positive,Positive,IIIB
T4a,N1a,M0,c,ANY,ANY,ANY,G1,Negative,Positive,Positive,IIIB
T4a,N1b,M0,c,ANY,ANY,ANY,G1,Negative,Positive,Positive,IIIB
T4a,N1c,M0,c,ANY,ANY,ANY,G1,Negative,Positive,Positive,IIIB
T4b,N1,M0,c,ANY,ANY,ANY,G1,Negative,Positive,Positive,IIIB
T4b,N1a,M0,c,ANY,ANY,ANY,G1,Negative,Positive,Positive,IIIB
T4b,N1b,M0,c,ANY,ANY,ANY,G1,Negative,Positive,Positive,IIIB
T4b,N1c,M0,c,ANY,ANY,ANY,G1,Negative,Positive,Positive,IIIB
T4c,N1,M0,c,ANY,ANY,ANY,G1,Negative,Positive,Positive,IIIB
T4c,N1a,M0,c,ANY,ANY,ANY,G1,Negative,Positive,Positive,IIIB
T4c,N1b,M0,c,ANY,ANY,ANY,G1,Negative,Positive,Positive,IIIB
T4c,N1c,M0,c,ANY,ANY,ANY,G1,Negative,Positive,Positive,IIIB
T4d,N1,M0,c,ANY,ANY,ANY,G1,Negative,Positive,Positive,IIIB
T4d,N1a,M0,c,ANY,ANY,ANY,G1,Negative,Positive,Positive,IIIB
T4d,N1b,M0,c,ANY,ANY,ANY,G1,Negative,Positive,Positive,IIIB
T4d,N1c,M0,c,ANY,ANY,ANY,G1,Negative,Positive,Positive,IIIB
T4,N2,M0,c,ANY,ANY,ANY,G1,Negative,Positive,Positive,IIIB
T4,N2a,M0,c,ANY,ANY,ANY,G1,Negative,Positive,Positive,IIIB
T4,N2b,M0,c,ANY,ANY,ANY,G1,Negative,Positive,Positive,IIIB
T4a,N2,M0,c,ANY,ANY,ANY,G1,Negative,Positive,Positive,IIIB
T4a,N2a,M0,c,ANY,ANY,ANY,G1,Negative,Positive,Positive,IIIB
T4a,N2b,M0,c,ANY,ANY,ANY,G1,Negative,Positive,Positive,IIIB
T4b,N2,M0,c,ANY,ANY,ANY,G1,Negative,Positive,Positive,IIIB
T4b,N2a,M0,c,ANY,ANY,ANY,G1,Negative,Positive,Positive,IIIB
T4b,N2b,M0,c,ANY,ANY,ANY,G1,Negative,Positive,Positive,IIIB
T4c,N2,M0,c,ANY,ANY,ANY,G1,Negative,Positive,Positive,IIIB
T4c,N2a,M0,c,ANY,ANY,ANY,G1,Negative,Positive,Positive,IIIB
T4c,N2b,M0,c,ANY,ANY,ANY,G1,Negative,Positive,Positive,IIIB
T4d,N2,M0,c,ANY,ANY,ANY,G1,Negative,Positive,Positive,IIIB
T4d,N2a,M0,c,ANY,ANY,ANY,G1,Negative,Positive,Positive,IIIB
T4d,N2b,M0,c,ANY,ANY,ANY,G1,Negative,Positive,Positive,IIIB
ANY,N3,M0,c,ANY,ANY,ANY,G1,Negative,Positive,Positive,IIIB
ANY,N3a,M0,c,ANY,ANY,ANY,G1,Negative,Positive,Positive,IIIB
ANY,N3b,M0,c,ANY,ANY,ANY,G1,Negative,Positive,Positive,IIIB
ANY,N3c,M0,c,ANY,ANY,ANY,G1,Negative,Positive,Positive,IIIB
T4,N0,M0,c,ANY,ANY,ANY,G1,Negative,Positive,Negative,IIIB
T4a,N0,M0,c,ANY,ANY,ANY,G1,Negative,Positive,Negative,IIIB
T4b,N0,M0,c,ANY,ANY,ANY,G1,Negative,Positive,Negative,IIIB
T4c,N0,M0,c,ANY,ANY,ANY,G1,Negative,Positive,Negative,IIIB
T4d,N0,M0,c,ANY,ANY,ANY,G1,Negative,Positive,Negative,IIIB
T4,N1,M0,c,ANY,ANY,ANY,G1,Negative,Positive,Negative,IIIB
T4,N1a,M0,c,ANY,ANY,ANY,G1,Negative,Positive,Negative,IIIB
T4,N1b,M0,c,ANY,ANY,ANY,G1,Negative,Positive,Negative,IIIB
T4,N1c,M0,c,ANY,ANY,ANY,G1,Negative,Positive,Negative,IIIB
T4a,N1,M0,c,ANY,ANY,ANY,G1,Negative,Positive,Negative,IIIB
T4a,N1a,M0,c,ANY,ANY,ANY,G1,Negative,Positive,Negative,IIIB
T4a,N1b,M0,c,ANY,ANY,ANY,G1,Negative,Positive,Negative,IIIB
T4a,N1c,M0,c,ANY,ANY,ANY,G1,Negative,Positive,Negative,IIIB
T4b,N1,M0,c,ANY,ANY,ANY,G1,Negative,Positive,Negative,IIIB
T4b,N1a,M0,c,ANY,ANY,ANY,G1,Negative,Positive,Negative,IIIB
T4b,N1b,M0,c,ANY,ANY,ANY,G1,Negative,Positive,Negative,IIIB
T4b,N1c,M0,c,ANY,ANY,ANY,G1,Negative,Positive,Negative,IIIB
T4c,N1,M0,c,ANY,ANY,ANY,G1,Negative,Positive,Negative,IIIB
T4c,N1a,M0,c,ANY,ANY,ANY,G1,Negative,Positive,Negative,IIIB
T4c,N1b,M0,c,ANY,ANY,ANY,G1,Negative,Positive,Negative,IIIB
T4c,N1c,M0,c,ANY,ANY,ANY,G1,Negative,Positive,Negative,IIIB
T4d,N1,M0,c,ANY,ANY,ANY,G1,Negative,Positive,Negative,IIIB
T4d,N1a,M0,c,ANY,ANY,ANY,G1,Negative,Positive,Negative,IIIB
T4d,N1b,M0,c,ANY,ANY,ANY,G1,Negative,Positive,Negative,IIIB
T4d,N1c,M0,c,ANY,ANY,ANY,G1,Negative,Positive,Negative,IIIB
T4,N2,M0,c,ANY,ANY,ANY,G1,Negative,Positive,Negative,IIIB
T4,N2a,M0,c,ANY,ANY,ANY,G1,Negative,Positive,Negative,IIIB
T4,N2b,M0,c,ANY,ANY,ANY,G1,Negative,Positive,Negative,IIIB
T4a,N2,M0,c,ANY,ANY,ANY,G1,Negative,Positive,Negative,IIIB
T4a,N2a,M0,c,ANY,ANY,ANY,G1,Negative,Positive,Negative,IIIB
T4a,N2b,M0,c,ANY,ANY,ANY,G1,Negative,Positive,Negative,IIIB
T4b,N2,M0,c,ANY,ANY,ANY,G1,Negative,Positive,Negative,IIIB
T4b,N2a,M0,c,ANY,ANY,ANY,G1,Negative,Positive,Negative,IIIB
T4b,N2b,M0,c,ANY,ANY,ANY,G1,Negative,Positive,Negative,IIIB
T4c,N2,M0,c,ANY,ANY,ANY,G1,Negative,Positive,Negative,IIIB
T4c,N2a,M0,c,ANY,ANY,ANY,G1,Negative,Positive,Negative,IIIB
T4c,N2b,M0,c,ANY,ANY,ANY,G1,Negative,Positive,Negative,IIIB
T4d,N2,M0,c,ANY,ANY,ANY,G1,Negative,Positive,Negative,IIIB
T4d,N2a,M0,c,ANY,ANY,ANY,G1,Negative,Positive,Negative,IIIB
T4d,N2b,M0,c,ANY,ANY,ANY,G1,Negative,Positive,Negative,IIIB
ANY,N3,M0,c,ANY,ANY,ANY,G1,Negative,Positive,Negative,IIIB
ANY,N3a,M0,c,ANY,ANY,ANY,G1,Negative,Positive,Negative,IIIB
ANY,N3b,M0,c,ANY,ANY,ANY,G1,Negative,Positive,Negative,IIIB
ANY,N3c,M0,c,ANY,ANY,ANY,G1,Negative,Positive,Negative,IIIB
T4,N0,M0,c,ANY,ANY,ANY,G1,Negative,Negative,Positive,IIIB
T4a,N0,M0,c,ANY,ANY,ANY,G1,Negative,Negative,Positive,IIIB
T4b,N0,M0,c,ANY,ANY,ANY,G1,Negative,Negative,Positive,IIIB
T4c,N0,M0,c,ANY,ANY,ANY,G1,Negative,Negative,Positive,IIIB
T4d,N0,M0,c,ANY,ANY,ANY,G1,Negative,Negative,Positive,IIIB
T4,N1,M0,c,ANY,ANY,ANY,G1,Negative,Negative,Positive,IIIB
T4,N1a,M0,c,ANY,ANY,ANY,G1,Negative,Negative,Positive,IIIB
T4,N1b,M0,c,ANY,ANY,ANY,G1,Negative,Negative,Positive,IIIB
T4,N1c,M0,c,ANY,ANY,ANY,G1,Negative,Negative,Positive,IIIB
T4a,N1,M0,c,ANY,ANY,ANY,G1,Negative,Negative,Positive,IIIB
T4a,N1a,M0,c,ANY,ANY,ANY,G1,Negative,Negative,Positive,IIIB
T4a,N1b,M0,c,ANY,ANY,ANY,G1,Negative,Negative,Positive,IIIB
T4a,N1c,M0,c,ANY,ANY,ANY,G1,Negative,Negative,Positive,IIIB
T4b,N1,M0,c,ANY,ANY,ANY,G1,Negative,Negative,Positive,IIIB
T4b,N1a,M0,c,ANY,ANY,ANY,G1,Negative,Negative,Positive,IIIB
T4b,N1b,M0,c,ANY,ANY,ANY,G1,Negative,Negative,Positive,IIIB
T4b,N1c,M0,c,ANY,ANY,ANY,G1,Negative,Negative,Positive,IIIB
T4c,N1,M0,c,ANY,ANY,ANY,G1,Negative,Negative,Positive,IIIB
T4c,N1a,M0,c,ANY,ANY,ANY,G1,Negative,Negative,Positive,IIIB
T4c,N1b,M0,c,ANY,ANY,ANY,G1,Negative,Negative,Positive,IIIB
T4c,N1c,M0,c,ANY,ANY,ANY,G1,Negative,Negative,Positive,IIIB
T4d,N1,M0,c,ANY,ANY,ANY,G1,Negative,Negative,Positive,IIIB
T4d,N1a,M0,c,ANY,ANY,ANY,G1,Negative,Negative,Positive,IIIB
T4d,N1b,M0,c,ANY,ANY,ANY,G1,Negative,Negative,Positive,IIIB
T4d,N1c,M0,c,ANY,ANY,ANY,G1,Negative,Negative,Positive,IIIB
T4,N2,M0,c,ANY,ANY,ANY,G1,Negative,Negative,Positive,IIIB
T4,N2a,M0,c,ANY,ANY,ANY,G1,Negative,Negative,Positive,IIIB
T4,N2b,M0,c,ANY,ANY,ANY,G1,Negative,Negative,Positive,IIIB
T4a,N2,M0,c,ANY,ANY,ANY,G1,Negative,Negative,Positive,IIIB
T4a,N2a,M0,c,ANY,ANY,ANY,G1,Negative,Negative,Positive,IIIB
T4a,N2b,M0,c,ANY,ANY,ANY,G1,Negative,Negative,Positive,IIIB
T4b,N2,M0,c,ANY,ANY,ANY,G1,Negative,Negative,Positive,IIIB
T4b,N2a,M0,c,ANY,ANY,ANY,G1,Negative,Negative,Positive,IIIB
T4b,N2b,M0,c,ANY,ANY,ANY,G1,Negative,Negative,Positive,IIIB
T4c,N2,M0,c,ANY,ANY,ANY,G1,Negative,Negative,Positive,IIIB
T4c,N2a,M0,c,ANY,ANY,ANY,G1,Negative,Negative,Positive,IIIB
T4c,N2b,M0,c,ANY,ANY,ANY,G1,Negative,Negative,Positive,IIIB
T4d,N2,M0,c,ANY,ANY,ANY,G1,Negative,Negative,Positive,IIIB
T4d,N2a,M0,c,ANY,ANY,ANY,G1,Negative,Negative,Positive,IIIB
T4d,N2b,M0,c,ANY,ANY,ANY,G1,Negative,Negative,Positive,IIIB
ANY,N3,M0,c,ANY,ANY,ANY,G1,Negative,Negative,Positive,IIIB
ANY,N3a,M0,c,ANY,ANY,ANY,G1,Negative,Negative,Positive,IIIB
ANY,N3b,M0,c,ANY,ANY,ANY,G1,Negative,Negative,Positive,IIIB
ANY,N3c,M0,c,ANY,ANY,ANY,G1,Negative,Negative,Positive,IIIB
T4,N0,M0,c,ANY,ANY,ANY,G1,Negative,Negative,Negative,IIIC
T4a,N0,M0,c,ANY,ANY,ANY,G1,Negative,Negative,Negative,IIIC
T4b,N0,M0,c,ANY,ANY,ANY,G1,Negative,Negative,Negative,IIIC
T4c,N0,M0,c,ANY,ANY,ANY,G1,Negative,Negative,Negative,IIIC
T4d,N0,M0,c,ANY,ANY,ANY,G1,Negative,Negative,Negative,IIIC
T4,N1,M0,c,ANY,ANY,ANY,G1,Negative,Negative,Negative,IIIC
T4,N1a,M0,c,ANY,ANY,ANY,G1,Negative,Negative,Negative,IIIC
T4,N1b,M0,c,ANY,ANY,ANY,G1,Negative,Negative,Negative,IIIC
T4,N1c,M0,c,ANY,ANY,ANY,G1,Negative,Negative,Negative,IIIC
T4a,N1,M0,c,ANY,ANY,ANY,G1,Negative,Negative,Negative,IIIC
T4a,N1a,M0,c,ANY,ANY,ANY,G1,Negative,Negative,Negative,IIIC
T4a,N1b,M0,c,ANY,ANY,ANY,G1,Negative,Negative,Negative,IIIC
T4a,N1c,M0,c,ANY,ANY,ANY,G1,Negative,Negative,Negative,IIIC
T4b,N1,M0,c,ANY,ANY,ANY,G1,Negative,Negative,Negative,IIIC
T4b,N1a,M0,c,ANY,ANY,ANY,G1,Negative,Negative,Negative,IIIC
T4b,N1b,M0,c,ANY,ANY,ANY,G1,Negative,Negative,Negative,IIIC
T4b,N1c,M0,c,ANY,ANY,ANY,G1,Negative,Negative,Negative,IIIC
T4c,N1,M0,c,ANY,ANY,ANY,G1,Negative,Negative,Negative,IIIC
T4c,N1a,M0,c,ANY,ANY,ANY,G1,Negative,Negative,Negative,IIIC
T4c,N1b,M0,c,ANY,ANY,ANY,G1,Negative,Negative,Negative,IIIC
T4c,N1c,M0,c,ANY,ANY,ANY,G1,Negative,Negative,Negative,IIIC
T4d,N1,M0,c,ANY,ANY,ANY,G1,Negative,Negative,Negative,IIIC
T4d,N1a,M0,c,ANY,ANY,ANY,G1,Negative,Negative,Negative,IIIC
T4d,N1b,M0,c,ANY,ANY,ANY,G1,Negative,Negative,Negative,IIIC
T4d,N1c,M0,c,ANY,ANY,ANY,G1,Negative,Negative,Negative,IIIC
T4,N2,M0,c,ANY,ANY,ANY,G1,Negative,Negative,Negative,IIIC
T4,N2a,M0,c,ANY,ANY,ANY,G1,Negative,Negative,Negative,IIIC
T4,N2b,M0,c,ANY,ANY,ANY,G1,Negative,Negative,Negative,IIIC
T4a,N2,M0,c,ANY,ANY,ANY,G1,Negative,Negative,Negative,IIIC
T4a,N2a,M0,c,ANY,ANY,ANY,G1,Negative,Negative,Negative,IIIC
T4a,N2b,M0,c,ANY,ANY,ANY,G1,Negative,Negative,Negative,IIIC
T4b,N2,M0,c,ANY,ANY,ANY,G1,Negative,Negative,Negative,IIIC
T4b,N2a,M0,c,ANY,ANY,ANY,G1,Negative,Negative,Negative,IIIC
T4b,N2b,M0,c,ANY,ANY,ANY,G1,Negative,Negative,Negative,IIIC
T4c,N2,M0,c,ANY,ANY,ANY,G1,Negative,Negative,Negative,IIIC
T4c,N2a,M0,c,ANY,ANY,ANY,G1,Negative,Negative,Negative,IIIC
T4c,N2b,M0,c,ANY,ANY,ANY,G1,Negative,Negative,Negative,IIIC
T4d,N2,M0,c,ANY,ANY,ANY,G1,Negative,Negative,Negative,IIIC
T4d,N2a,M0,c,ANY,ANY,ANY,G1,Negative,Negative,Negative,IIIC
T4d,N2b,M0,c,ANY,ANY,ANY,G1,Negative,Negative,Negative,IIIC
ANY,N3,M0,c,ANY,ANY,ANY,G1,Negative,Negative,Negative,IIIC
ANY,N3a,M0,c,ANY,ANY,ANY,G1,Negative,Negative,Negative,IIIC
ANY,N3b,M0,c,ANY,ANY,ANY,G1,Negative,Negative,Negative,IIIC
ANY,N3c,M0,c,ANY,ANY,ANY,G1,Negative,Negative,Negative,IIIC
T4,N0,M0,c,ANY,ANY,ANY,G2,Positive,Positive,Positive,IIIA
T4a,N0,M0,c,ANY,ANY,ANY,G2,Positive,Positive,Positive,IIIA
T4b,N0,M0,c,ANY,ANY,ANY,G2,Positive,Positive,Positive,IIIA
T4c,N0,M0,c,ANY,ANY,ANY,G2,Positive,Positive,Positive,IIIA
T4d,N0,M0,c,ANY,ANY,ANY,G2,Positive,Positive,Positive,IIIA
T4,N1,M0,c,ANY,ANY,ANY,G2,Positive,Positive,Positive,IIIA
T4,N1a,M0,c,ANY,ANY,ANY,G2,Positive,Positive,Positive,IIIA
T4,N1b,M0,c,ANY,ANY,ANY,G2,Positive,Positive,Positive,IIIA
T4,N1c,M0,c,ANY,ANY,ANY,G2,Positive,Positive,Positive,IIIA
T4a,N1,M0,c,ANY,ANY,ANY,G2,Positive,Positive,Positive,IIIA
T4a,N1a,M0,c,ANY,ANY,ANY,G2,Positive,Positive,Positive,IIIA
T4a,N1b,M0,c,ANY,ANY,ANY,G2,Positive,Positive,Positive,IIIA
T4a,N1c,M0,c,ANY,ANY,ANY,G2,Positive,Positive,Positive,IIIA
T4b,N1,M0,c,ANY,ANY,ANY,G2,Positive,Positive,Positive,IIIA
T4b,N1a,M0,c,ANY,ANY,ANY,G2,Positive,Positive,Positive,IIIA
T4b,N1b,M0,c,ANY,ANY,ANY,G2,Positive,Positive,Positive,IIIA
T4b,N1c,M0,c,ANY,ANY,ANY,G2,Positive,Positive,Positive,IIIA
T4c,N1,M0,c,ANY,ANY,ANY,G2,Positive,Positive,Positive,IIIA
T4c,N1a,M0,c,ANY,ANY,ANY,G2,Positive,Positive,Positive,IIIA
T4c,N1b,M0,c,ANY,ANY,ANY,G2,Positive,Positive,Positive,IIIA
T4c,N1c,M0,c,ANY,ANY,ANY,G2,Positive,Positive,Positive,IIIA
T4d,N1,M0,c,ANY,ANY,ANY,G2,Positive,Positive,Positive,IIIA
T4d,N1a,M0,c,ANY,ANY,ANY,G2,Positive,Positive,Positive,IIIA
T4d,N1b,M0,c,ANY,ANY,ANY,G2,Positive,Positive,Positive,IIIA
T4d,N1c,M0,c,ANY,ANY,ANY,G2,Positive,Positive,Positive,IIIA
T4,N2,M0,c,ANY,ANY,ANY,G2,Positive,Positive,Positive,IIIA
T4,N2a,M0,c,ANY,ANY,ANY,G2,Positive,Positive,Positive,IIIA
T4,N2b,M0,c,ANY,ANY,ANY,G2,Positive,Positive,Positive,IIIA
T4a,N2,M0,c,ANY,ANY,ANY,G2,Positive,Positive,Positive,IIIA
T4a,N2a,M0,c,ANY,ANY,ANY,G2,Positive,Positive,Positive,IIIA
T4a,N2b,M0,c,ANY,ANY,ANY,G2,Positive,Positive,Positive,IIIA
T4b,N2,M0,c,ANY,ANY,ANY,G2,Positive,Positive,Positive,IIIA
T4b,N2a,M0,c,ANY,ANY,ANY,G2,Positive,Positive,Positive,IIIA
T4b,N2b,M0,c,ANY,ANY,ANY,G2,Positive,Positive,Positive,IIIA
T4c,N2,M0,c,ANY,ANY,ANY,G2,Positive,Positive,Positive,IIIA
T4c,N2a,M0,c,ANY,ANY,ANY,G2,Positive,Positive,Positive,IIIA
T4c,N2b,M0,c,ANY,ANY,ANY,G2,Positive,Positive,Positive,IIIA
T4d,N2,M0,c,ANY,ANY,ANY,G2,Positive,Positive,Positive,IIIA
T4d,N2a,M0,c,ANY,ANY,ANY,G2,Positive,Positive,Positive,IIIA
T4d,N2b,M0,c,ANY,ANY,ANY,G2,Positive,Positive,Positive,IIIA
ANY,N3,M0,c,ANY,ANY,ANY,G2,Positive,Positive,Positive,IIIA
ANY,N3a,M0,c,ANY,ANY,ANY,G2,Positive,Positive,Positive,IIIA
ANY,N3b,M0,c,ANY,ANY,ANY,G2,Positive,Positive,Positive,IIIA
ANY,N3c,M0,c,ANY,ANY,ANY,G2,Positive,Positive,Positive,IIIA
T4,N0,M0,c,ANY,ANY,ANY,G2,Positive,Positive,Negative,IIIB
T4a,N0,M0,c,ANY,ANY,ANY,G2,Positive,Positive,Negative,IIIB
T4b,N0,M0,c,ANY,ANY,ANY,G2,Positive,Positive,Negative,IIIB
T4c,N0,M0,c,ANY,ANY,ANY,G2,Positive,Positive,Negative,IIIB
T4d,N0,M0,c,ANY,ANY,ANY,G2,Positive,Positive,Negative,IIIB
T4,N1,M0,c,ANY,ANY,ANY,G2,Positive,Positive,Negative,IIIB
T4,N1a,M0,c,ANY,ANY,ANY,G2,Positive,Positive,Negative,IIIB
T4,N1b,M0,c,ANY,ANY,ANY,G2,Positive,Positive,Negative,IIIB
T4,N1c,M0,c,ANY,ANY,ANY,G2,Positive,Positive,Negative,IIIB
T4a,N1,M0,c,ANY,ANY,ANY,G2,Positive,Positive,Negative,IIIB
T4a,N1a,M0,c,ANY,ANY,ANY,G2,Positive,Positive,Negative,IIIB
T4a,N1b,M0,c,ANY,ANY,ANY,G2,Positive,Positive,Negative,IIIB
T4a,N1c,M0,c,ANY,ANY,ANY,G2,Positive,Positive,Negative,IIIB
T4b,N1,M0,c,ANY,ANY,ANY,G2,Positive,Positive,Negative,IIIB
T4b,N1a,M0,c,ANY,ANY,ANY,G2,Positive,Positive,Negative,IIIB
T4b,N1b,M0,c,ANY,ANY,ANY,G2,Positive,Positive,Negative,IIIB
T4b,N1c,M0,c,ANY,ANY,ANY,G2,Positive,Positive,Negative,IIIB
T4c,N1,M0,c,ANY,ANY,ANY,G2,Positive,Positive,Negative,IIIB
T4c,N1a,M0,c,ANY,ANY,ANY,G2,Positive,Positive,Negative,IIIB
T4c,N1b,M0,c,ANY,ANY,ANY,G2,Positive,Positive,Negative,IIIB
T4c,N1c,M0,c,ANY,ANY,ANY,G2,Positive,Positive,Negative,IIIB
T4d,N1,M0,c,ANY,ANY,ANY,G2,Positive,Positive,Negative,IIIB
T4d,N1a,M0,c,ANY,ANY,ANY,G2,Positive,Positive,Negative,IIIB
T4d,N1b,M0,c,ANY,ANY,ANY,G2,Positive,Positive,Negative,IIIB
T4d,N1c,M0,c,ANY,ANY,ANY,G2,Positive,Positive,Negative,IIIB
T4,N2,M0,c,ANY,ANY,ANY,G2,Positive,Positive,Negative,IIIB
T4,N2a,M0,c,ANY,ANY,ANY,G2,Positive,Positive,Negative,IIIB
T4,N2b,M0,c,ANY,ANY,ANY,G2,Positive,Positive,Negative,IIIB
T4a,N2,M0,c,ANY,ANY,ANY,G2,Positive,Positive,Negative,IIIB
T4a,N2a,M0,c,ANY,ANY,ANY,G2,Positive,Positive,Negative,IIIB
T4a,N2b,M0,c,ANY,ANY,ANY,G2,Positive,Positive,Negative,IIIB
T4b,N2,M0,c,ANY,ANY,ANY,G2,Positive,Positive,Negative,IIIB
T4b,N2a,M0,c,ANY,ANY,ANY,G2,Positive,Positive,Negative,IIIB
T4b,N2b,M0,c,ANY,ANY,ANY,G2,Positive,Positive,Negative,IIIB
T4c,N2,M0,c,ANY,ANY,ANY,G2,Positive,Positive,Negative,IIIB
T4c,N2a,M0,c,ANY,ANY,ANY,G2,Positive,Positive,Negative,IIIB
T4c,N2b,M0,c,ANY,ANY,ANY,G2,Positive,Positive,Negative,IIIB
T4d,N2,M0,c,ANY,ANY,ANY,G2,Positive,Positive,Negative,IIIB
T4d,N2a,M0,c,ANY,ANY,ANY,G2,Positive,Positive,Negative,IIIB
T4d,N2b,M0,c,ANY,ANY,ANY,G2,Positive,Positive,Negative,IIIB
ANY,N3,M0,c,ANY,ANY,ANY,G2,Positive,Positive,Negative,IIIB
ANY,N3a,M0,c,ANY,ANY,ANY,G2,Positive,Positive,Negative,IIIB
ANY,N3b,M0,c,ANY,ANY,ANY,G2,Positive,Positive,Negative,IIIB
ANY,N3c,M0,c,ANY,ANY,ANY,G2,Positive,Positive,Negative,IIIB
T4,N0,M0,c,ANY,ANY,ANY,G2,Positive,Negative,Positive,IIIB
T4a,N0,M0,c,ANY,ANY,ANY,G2,Positive,Negative,Positive,IIIB
T4b,N0,M0,c,ANY,ANY,ANY,G2,Positive,Negative,Positive,IIIB
T4c,N0,M0,c,ANY,ANY,ANY,G2,Positive,Negative,Positive,IIIB
T4d,N0,M0,c,ANY,ANY,ANY,G2,Positive,Negative,Positive,IIIB
T4,N1,M0,c,ANY,ANY,ANY,G2,Positive,Negative,Positive,IIIB
T4,N1a,M0,c,ANY,ANY,ANY,G2,Positive,Negative,Positive,IIIB
T4,N1b,M0,c,ANY,ANY,ANY,G2,Positive,Negative,Positive,IIIB
T4,N1c,M0,c,ANY,ANY,ANY,G2,Positive,Negative,Positive,IIIB
T4a,N1,M0,c,ANY,ANY,ANY,G2,Positive,Negative,Positive,IIIB
T4a,N1a,M0,c,ANY,ANY,ANY,G2,Positive,Negative,Positive,IIIB
T4a,N1b,M0,c,ANY,ANY,ANY,G2,Positive,Negative,Positive,IIIB
T4a,N1c,M0,c,ANY,ANY,ANY,G2,Positive,Negative,Positive,IIIB
T4b,N1,M0,c,ANY,ANY,ANY,G2,Positive,Negative,Positive,IIIB
T4b,N1a,M0,c,ANY,ANY,ANY,G2,Positive,Negative,Positive,IIIB
T4b,N1b,M0,c,ANY,ANY,ANY,G2,Positive,Negative,Positive,IIIB
T4b,N1c,M0,c,ANY,ANY,ANY,G2,Positive,Negative,Positive,IIIB
T4c,N1,M0,c,ANY,ANY,ANY,G2,Positive,Negative,Positive,IIIB
T4c,N1a,M0,c,ANY,ANY,ANY,G2,Positive,Negative,Positive,IIIB
T4c,N1b,M0,c,ANY,ANY,ANY,G2,Positive,Negative,Positive,IIIB
T4c,N1c,M0,c,ANY,ANY,ANY,G2,Positive,Negative,Positive,IIIB
T4d,N1,M0,c,ANY,ANY,ANY,G2,Positive,Negative,Positive,IIIB
T4d,N1a,M0,c,ANY,ANY,ANY,G2,Positive,Negative,Positive,IIIB
T4d,N1b,M0,c,ANY,ANY,ANY,G2,Positive,Negative,Positive,IIIB
T4d,N1c,M0,c,ANY,ANY,ANY,G2,Positive,Negative,Positive,IIIB
T4,N2,M0,c,ANY,ANY,ANY,G2,Positive,Negative,Positive,IIIB
T4,N2a,M0,c,ANY,ANY,ANY,G2,Positive,Negative,Positive,IIIB
T4,N2b,M0,c,ANY,ANY,ANY,G2,Positive,Negative,Positive,IIIB
T4a,N2,M0,c,ANY,ANY,ANY,G2,Positive,Negative,Positive,IIIB
T4a,N2a,M0,c,ANY,ANY,ANY,G2,Positive,Negative,Positive,IIIB
T4a,N2b,M0,c,ANY,ANY,ANY,G2,Positive,Negative,Positive,IIIB
T4b,N2,M0,c,ANY,ANY,ANY,G2,Positive,Negative,Positive,IIIB
T4b,N2a,M0,c,ANY,ANY,ANY,G2,Positive,Negative,Positive,IIIB
T4b,N2b,M0,c,ANY,ANY,ANY,G2,Positive,Negative,Positive,IIIB
T4c,N2,M0,c,ANY,ANY,ANY,G2,Positive,Negative,Positive,IIIB
T4c,N2a,M0,c,ANY,ANY,ANY,G2,Positive,Negative,Positive,IIIB
T4c,N2b,M0,c,ANY,ANY,ANY,G2,Positive,Negative,Positive,IIIB
T4d,N2,M0,c,ANY,ANY,ANY,G2,Positive,Negative,Positive,IIIB
T4d,N2a,M0,c,ANY,ANY,ANY,G2,Positive,Negative,Positive,IIIB
T4d,N2b,M0,c,ANY,ANY,ANY,G2,Positive,Negative,Positive,IIIB
ANY,N3,M0,c,ANY,ANY,ANY,G2,Positive,Negative,Positive,IIIB
ANY,N3a,M0,c,ANY,ANY,ANY,G2,Positive,Negative,Positive,IIIB
ANY,N3b,M0,c,ANY,ANY,ANY,G2,Positive,Negative,Positive,IIIB
ANY,N3c,M0,c,ANY,ANY,ANY,G2,Positive,Negative,Positive,IIIB
T4,N0,M0,c,ANY,ANY,ANY,G2,Positive,Negative,Negative,IIIB
T4a,N0,M0,c,ANY,ANY,ANY,G2,Positive,Negative,Negative,IIIB
T4b,N0,M0,c,ANY,ANY,ANY,G2,Positive,Negative,Negative,IIIB
T4c,N0,M0,c,ANY,ANY,ANY,G2,Positive,Negative,Negative,IIIB
T4d,N0,M0,c,ANY,ANY,ANY,G2,Positive,Negative,Negative,IIIB
T4,N1,M0,c,ANY,ANY,ANY,G2,Positive,Negative,Negative,IIIB
T4,N1a,M0,c,ANY,ANY,ANY,G2,Positive,Negative,Negative,IIIB
T4,N1b,M0,c,ANY,ANY,ANY,G2,Positive,Negative,Negative,IIIB
T4,N1c,M0,c,ANY,ANY,ANY,G2,Positive,Negative,Negative,IIIB
T4a,N1,M0,c,ANY,ANY,ANY,G2,Positive,Negative,Negative,IIIB
T4a,N1a,M0,c,ANY,ANY,ANY,G2,Positive,Negative,Negative,IIIB
T4a,N1b,M0,c,ANY,ANY,ANY,G2,Positive,Negative,Negative,IIIB
T4a,N1c,M0,c,ANY,ANY,ANY,G2,Positive,Negative,Negative,IIIB
T4b,N1,M0,c,ANY,ANY,ANY,G2,Positive,Negative,Negative,IIIB
T4b,N1a,M0,c,ANY,ANY,ANY,G2,Positive,Negative,Negative,IIIB
T4b,N1b,M0,c,ANY,ANY,ANY,G2,Positive,Negative,Negative,IIIB
T4b,N1c,M0,c,ANY,ANY,ANY,G2,Positive,Negative,Negative,IIIB
T4c,N1,M0,c,ANY,ANY,ANY,G2,Positive,Negative,Negative,IIIB
T4c,N1a,M0,c,ANY,ANY,ANY,G2,Positive,Negative,Negative,IIIB
T4c,N1b,M0,c,ANY,ANY,ANY,G2,Positive,Negative,Negative,IIIB
T4c,N1c,M0,c,ANY,ANY,ANY,G2,Positive,Negative,Negative,IIIB
T4d,N1,M0,c,ANY,ANY,ANY,G2,Positive,Negative,Negative,IIIB
T4d,N1a,M0,c,ANY,ANY,ANY,G2,Positive,Negative,Negative,IIIB
T4d,N1b,M0,c,ANY,ANY,ANY,G2,Positive,Negative,Negative,IIIB
T4d,N1c,M0,c,ANY,ANY,ANY,G2,Positive,Negative,Negative,IIIB
T4,N2,M0,c,ANY,ANY,ANY,G2,Positive,Negative,Negative,IIIB
T4,N2a,M0,c,ANY,ANY,ANY,G2,Positive,Negative,Negative,IIIB
T4,N2b,M0,c,ANY,ANY,ANY,G2,Positive,Negative,Negative,IIIB
T4a,N2,M0,c,ANY,ANY,ANY,G2,Positive,Negative,Negative,IIIB
T4a,N2a,M0,c,ANY,ANY,ANY,G2,Positive,Negative,Negative,IIIB
T4a,N2b,M0,c,ANY,ANY,ANY,G2,Positive,Negative,Negative,IIIB
T4b,N2,M0,c,ANY,ANY,ANY,G2,Positive,Negative,Negative,IIIB
T4b,N2a,M0,c,ANY,ANY,ANY,G2,Positive,Negative,Negative,IIIB
T4b,N2b,M0,c,ANY,ANY,ANY,G2,Positive,Negative,Negative,IIIB
T4c,N2,M0,c,ANY,ANY,ANY,G2,Positive,Negative,Negative,IIIB
T4c,N2a,M0,c,ANY,ANY,ANY,G2,Positive,Negative,Negative,IIIB
T4c,N2b,M0,c,ANY,ANY,ANY,G2,Positive,Negative,Negative,IIIB
T4d,N2,M0,c,ANY,ANY,ANY,G2,Positive,Negative,Negative,IIIB
T4d,N2a,M0,c,ANY,ANY,ANY,G2,Positive,Negative,Negative,IIIB
T4d,N2b,M0,c,ANY,ANY,ANY,G2,Positive,Negative,Negative,IIIB
ANY,N3,M0,c,ANY,ANY,ANY,G2,Positive,Negative,Negative,IIIB
ANY,N3a,M0,c,ANY,ANY,ANY,G2,Positive,Negative,Negative,IIIB
ANY,N3b,M0,c,ANY,ANY,ANY,G2,Positive,Negative,Negative,IIIB
ANY,N3c,M0,c,ANY,ANY,ANY,G2,Positive,Negative,Negative,IIIB
T4,N0,M0,c,ANY,ANY,ANY,G2,Negative,Positive,Positive,IIIB
T4a,N0,M0,c,ANY,ANY,ANY,G2,Negative,Positive,Positive,IIIB
T4b,N0,M0,c,ANY,ANY,ANY,G2,Negative,Positive,Positive,IIIB
T4c,N0,M0,c,ANY,ANY,ANY,G2,Negative,Positive,Positive,IIIB
T4d,N0,M0,c,ANY,ANY,ANY,G2,Negative,Positive,Positive,IIIB
T4,N1,M0,c,ANY,ANY,ANY,G2,Negative,Positive,Positive,IIIB
T4,N1a,M0,c,ANY,ANY,ANY,G2,Negative,Positive,Positive,IIIB
T4,N1b,M0,c,ANY,ANY,ANY,G2,Negative,Positive,Positive,IIIB
T4,N1c,M0,c,ANY,ANY,ANY,G2,Negative,Positive,Positive,IIIB
T4a,N1,M0,c,ANY,ANY,ANY,G2,Negative,Positive,Positive,IIIB
T4a,N1a,M0,c,ANY,ANY,ANY,G2,Negative,Positive,Positive,IIIB
T4a,N1b,M0,c,ANY,ANY,ANY,G2,Negative,Positive,Positive,IIIB
T4a,N1c,M0,c,ANY,ANY,ANY,G2,Negative,Positive,Positive,IIIB
T4b,N1,M0,c,ANY,ANY,ANY,G2,Negative,Positive,Positive,IIIB
T4b,N1a,M0,c,ANY,ANY,ANY,G2,Negative,Positive,Positive,IIIB
T4b,N1b,M0,c,ANY,ANY,ANY,G2,Negative,Positive,Positive,IIIB
T4b,N1c,M0,c,ANY,ANY,ANY,G2,Negative,Positive,Positive,IIIB
T4c,N1,M0,c,ANY,ANY,ANY,G2,Negative,Positive,Positive,IIIB
T4c,N1a,M0,c,ANY,ANY,ANY,G2,Negative,Positive,Positive,IIIB
T4c,N1b,M0,c,ANY,ANY,ANY,G2,Negative,Positive,Positive,IIIB
T4c,N1c,M0,c,ANY,ANY,ANY,G2,Negative,Positive,Positive,IIIB
T4d,N1,M0,c,ANY,ANY,ANY,G2,Negative,Positive,Positive,IIIB
T4d,N1a,M0,c,ANY,ANY,ANY,G2,Negative,Positive,Positive,IIIB
T4d,N1b,M0,c,ANY,ANY,ANY,G2,Negative,Positive,Positive,IIIB
T4d,N1c,M0,c,ANY,ANY,ANY,G2,Negative,Positive,Positive,IIIB
T4,N2,M0,c,ANY,ANY,ANY,G2,Negative,Positive,Positive,IIIB
T4,N2a,M0,c,ANY,ANY,ANY,G2,Negative,Positive,Positive,IIIB
T4,N2b,M0,c,ANY,ANY,ANY,G2,Negative,Positive,Positive,IIIB
T4a,N2,M0,c,ANY,ANY,ANY,G2,Negative,Positive,Positive,IIIB
T4a,N2a,M0,c,ANY,ANY,ANY,G2,Negative,Positive,Positive,IIIB
T4a,N2b,M0,c,ANY,ANY,ANY,G2,Negative,Positive,Positive,IIIB
T4b,N2,M0,c,ANY,ANY,ANY,G2,Negative,Positive,Positive,IIIB
T4b,N2a,M0,c,ANY,ANY,ANY,G2,Negative,Positive,Positive,IIIB
T4b,N2b,M0,c,ANY,ANY,ANY,G2,Negative,Positive,Positive,IIIB
T4c,N2,M0,c,ANY,ANY,ANY,G2,Negative,Positive,Positive,IIIB
T4c,N2a,M0,c,ANY,ANY,ANY,G2,Negative,Positive,Positive,IIIB
T4c,N2b,M0,c,ANY,ANY,ANY,G2,Negative,Positive,Positive,IIIB
T4d,N2,M0,c,ANY,ANY,ANY,G2,Negative,Positive,Positive,IIIB
T4d,N2a,M0,c,ANY,ANY,ANY,G2,Negative,Positive,Positive,IIIB
T4d,N2b,M0,c,ANY,ANY,ANY,G2,Negative,Positive,Positive,IIIB
ANY,N3,M0,c,ANY,ANY,ANY,G2,Negative,Positive,Positive,IIIB
ANY,N3a,M0,c,ANY,ANY,ANY,G2,Negative,Positive,Positive,IIIB
ANY,N3b,M0,c,ANY,ANY,ANY,G2,Negative,Positive,Positive,IIIB
ANY,N3c,M0,c,ANY,ANY,ANY,G2,Negative,Positive,Positive,IIIB
T4,N0,M0,c,ANY,ANY,ANY,G2,Negative,Positive,Negative,IIIB
T4a,N0,M0,c,ANY,ANY,ANY,G2,Negative,Positive,Negative,IIIB
T4b,N0,M0,c,ANY,ANY,ANY,G2,Negative,Positive,Negative,IIIB
T4c,N0,M0,c,ANY,ANY,ANY,G2,Negative,Positive,Negative,IIIB
T4d,N0,M0,c,ANY,ANY,ANY,G2,Negative,Positive,Negative,IIIB
T4,N1,M0,c,ANY,ANY,ANY,G2,Negative,Positive,Negative,IIIB
T4,N1a,M0,c,ANY,ANY,ANY,G2,Negative,Positive,Negative,IIIB
T4,N1b,M0,c,ANY,ANY,ANY,G2,Negative,Positive,Negative,IIIB
T4,N1c,M0,c,ANY,ANY,ANY,G2,Negative,Positive,Negative,IIIB
T4a,N1,M0,c,ANY,ANY,ANY,G2,Negative,Positive,Negative,IIIB
T4a,N1a,M0,c,ANY,ANY,ANY,G2,Negative,Positive,Negative,IIIB
T4a,N1b,M0,c,ANY,ANY,ANY,G2,Negative,Positive,Negative,IIIB
T4a,N1c,M0,c,ANY,ANY,ANY,G2,Negative,Positive,Negative,IIIB
T4b,N1,M0,c,ANY,ANY,ANY,G2,Negative,Positive,Negative,IIIB
T4b,N1a,M0,c,ANY,ANY,ANY,G2,Negative,Positive,Negative,IIIB
T4b,N1b,M0,c,ANY,ANY,ANY,G2,Negative,Positive,Negative,IIIB
T4b,N1c,M0,c,ANY,ANY,ANY,G2,Negative,Positive,Negative,IIIB
T4c,N1,M0,c,ANY,ANY,ANY,G2,Negative,Positive,Negative,IIIB
T4c,N1a,M0,c,ANY,ANY,ANY,G2,Negative,Positive,Negative,IIIB
T4c,N1b,M0,c,ANY,ANY,ANY,G2,Negative,Positive,Negative,IIIB
T4c,N1c,M0,c,ANY,ANY,ANY,G2,Negative,Positive,Negative,IIIB
T4d,N1,M0,c,ANY,ANY,ANY,G2,Negative,Positive,Negative,IIIB
T4d,N1a,M0,c,ANY,ANY,ANY,G2,Negative,Positive,Negative,IIIB
T4d,N1b,M0,c,ANY,ANY,ANY,G2,Negative,Positive,Negative,IIIB
T4d,N1c,M0,c,ANY,ANY,ANY,G2,Negative,Positive,Negative,IIIB
T4,N2,M0,c,ANY,ANY,ANY,G2,Negative,Positive,Negative,IIIB
T4,N2a,M0,c,ANY,ANY,ANY,G2,Negative,Positive,Negative,IIIB
T4,N2b,M0,c,ANY,ANY,ANY,G2,Negative,Positive,Negative,IIIB
T4a,N2,M0,c,ANY,ANY,ANY,G2,Negative,Positive,Negative,IIIB
T4a,N2a,M0,c,ANY,ANY,ANY,G2,Negative,Positive,Negative,IIIB
T4a,N2b,M0,c,ANY,ANY,ANY,G2,Negative,Positive,Negative,IIIB
T4b,N2,M0,c,ANY,ANY,ANY,G2,Negative,Positive,Negative,IIIB
T4b,N2a,M0,c,ANY,ANY,ANY,G2,Negative,Positive,Negative,IIIB
T4b,N2b,M0,c,ANY,ANY,ANY,G2,Negative,Positive,Negative,IIIB
T4c,N2,M0,c,ANY,ANY,ANY,G2,Negative,Positive,Negative,IIIB
T4c,N2a,M0,c,ANY,ANY,ANY,G2,Negative,Positive,Negative,IIIB
T4c,N2b,M0,c,ANY,ANY,ANY,G2,Negative,Positive,Negative,IIIB
T4d,N2,M0,c,ANY,ANY,ANY,G2,Negative,Positive,Negative,IIIB
T4d,N2a,M0,c,ANY,ANY,ANY,G2,Negative,Positive,Negative,IIIB
T4d,N2b,M0,c,ANY,ANY,ANY,G2,Negative,Positive,Negative,IIIB
ANY,N3,M0,c,ANY,ANY,ANY,G2,Negative,Positive,Negative,IIIB
ANY,N3a,M0,c,ANY,ANY,ANY,G2,Negative,Positive,Negative,IIIB
ANY,N3b,M0,c,ANY,ANY,ANY,G2,Negative,Positive,Negative,IIIB
ANY,N3c,M0,c,ANY,ANY,ANY,G2,Negative,Positive,Negative,IIIB
T4,N0,M0,c,ANY,ANY,ANY,G2,Negative,Negative,Positive,IIIB
T4a,N0,M0,c,ANY,ANY,ANY,G2,Negative,Negative,Positive,IIIB
T4b,N0,M0,c,ANY,ANY,ANY,G2,Negative,Negative,Positive,IIIB
T4c,N0,M0,c,ANY,ANY,ANY,G2,Negative,Negative,Positive,IIIB
T4d,N0,M0,c,ANY,ANY,ANY,G2,Negative,Negative,Positive,IIIB
T4,N1,M0,c,ANY,ANY,ANY,G2,Negative,Negative,Positive,IIIB
T4,N1a,M0,c,ANY,ANY,ANY,G2,Negative,Negative,Positive,IIIB
T4,N1b,M0,c,ANY,ANY,ANY,G2,Negative,Negative,Positive,IIIB
T4,N1c,M0,c,ANY,ANY,ANY,G2,Negative,Negative,Positive,IIIB
T4a,N1,M0,c,ANY,ANY,ANY,G2,Negative,Negative,Positive,IIIB
T4a,N1a,M0,c,ANY,ANY,ANY,G2,Negative,Negative,Positive,IIIB
T4a,N1b,M0,c,ANY,ANY,ANY,G2,Negative,Negative,Positive,IIIB
T4a,N1c,M0,c,ANY,ANY,ANY,G2,Negative,Negative,Positive,IIIB
T4b,N1,M0,c,ANY,ANY,ANY,G2,Negative,Negative,Positive,IIIB
T4b,N1a,M0,c,ANY,ANY,ANY,G2,Negative,Negative,Positive,IIIB
T4b,N1b,M0,c,ANY,ANY,ANY,G2,Negative,Negative,Positive,IIIB
T4b,N1c,M0,c,ANY,ANY,ANY,G2,Negative,Negative,Positive,IIIB
T4c,N1,M0,c,ANY,ANY,ANY,G2,Negative,Negative,Positive,IIIB
T4c,N1a,M0,c,ANY,ANY,ANY,G2,Negative,Negative,Positive,IIIB
T4c,N1b,M0,c,ANY,ANY,ANY,G2,Negative,Negative,Positive,IIIB
T4c,N1c,M0,c,ANY,ANY,ANY,G2,Negative,Negative,Positive,IIIB
T4d,N1,M0,c,ANY,ANY,ANY,G2,Negative,Negative,Positive,IIIB
T4d,N1a,M0,c,ANY,ANY,ANY,G2,Negative,Negative,Positive,IIIB
T4d,N1b,M0,c,ANY,ANY,ANY,G2,Negative,Negative,Positive,IIIB
T4d,N1c,M0,c,ANY,ANY,ANY,G2,Negative,Negative,Positive,IIIB
T4,N2,M0,c,ANY,ANY,ANY,G2,Negative,Negative,Positive,IIIB
T4,N2a,M0,c,ANY,ANY,ANY,G2,Negative,Negative,Positive,IIIB
T4,N2b,M0,c,ANY,ANY,ANY,G2,Negative,Negative,Positive,IIIB
T4a,N2,M0,c,ANY,ANY,ANY,G2,Negative,Negative,Positive,IIIB
T4a,N2a,M0,c,ANY,ANY,ANY,G2,Negative,Negative,Positive,IIIB
T4a,N2b,M0,c,ANY,ANY,ANY,G2,Negative,Negative,Positive,IIIB
T4b,N2,M0,c,ANY,ANY,ANY,G2,Negative,Negative,Positive,IIIB
T4b,N2a,M0,c,ANY,ANY,ANY,G2,Negative,Negative,Positive,IIIB
T4b,N2b,M0,c,ANY,ANY,ANY,G2,Negative,Negative,Positive,IIIB
T4c,N2,M0,c,ANY,ANY,ANY,G2,Negative,Negative,Positive,IIIB
T4c,N2a,M0,c,ANY,ANY,ANY,G2,Negative,Negative,Positive,IIIB
T4c,N2b,M0,c,ANY,ANY,ANY,G2,Negative,Negative,Positive,IIIB
T4d,N2,M0,c,ANY,ANY,ANY,G2,Negative,Negative,Positive,IIIB
T4d,N2a,M0,c,ANY,ANY,ANY,G2,Negative,Negative,Positive,IIIB
T4d,N2b,M0,c,ANY,ANY,ANY,G2,Negative,Negative,Positive,IIIB
ANY,N3,M0,c,ANY,ANY,ANY,G2,Negative,Negative,Positive,IIIB
ANY,N3a,M0,c,ANY,ANY,ANY,G2,Negative,Negative,Positive,IIIB
ANY,N3b,M0,c,ANY,ANY,ANY,G2,Negative,Negative,Positive,IIIB
ANY,N3c,M0,c,ANY,ANY,ANY,G2,Negative,Negative,Positive,IIIB
T4,N0,M0,c,ANY,ANY,ANY,G2,Negative,Negative,Negative,IIIC
T4a,N0,M0,c,ANY,ANY,ANY,G2,Negative,Negative,Negative,IIIC
T4b,N0,M0,c,ANY,ANY,ANY,G2,Negative,Negative,Negative,IIIC
T4c,N0,M0,c,ANY,ANY,ANY,G2,Negative,Negative,Negative,IIIC
T4d,N0,M0,c,ANY,ANY,ANY,G2,Negative,Negative,Negative,IIIC
T4,N1,M0,c,ANY,ANY,ANY,G2,Negative,Negative,Negative,IIIC
T4,N1a,M0,c,ANY,ANY,ANY,G2,Negative,Negative,Negative,IIIC
T4,N1b,M0,c,ANY,ANY,ANY,G2,Negative,Negative,Negative,IIIC
T4,N1c,M0,c,ANY,ANY,ANY,G2,Negative,Negative,Negative,IIIC
T4a,N1,M0,c,ANY,ANY,ANY,G2,Negative,Negative,Negative,IIIC
T4a,N1a,M0,c,ANY,ANY,ANY,G2,Negative,Negative,Negative,IIIC
T4a,N1b,M0,c,ANY,ANY,ANY,G2,Negative,Negative,Negative,IIIC
T4a,N1c,M0,c,ANY,ANY,ANY,G2,Negative,Negative,Negative,IIIC
T4b,N1,M0,c,ANY,ANY,ANY,G2,Negative,Negative,Negative,IIIC
T4b,N1a,M0,c,ANY,ANY,ANY,G2,Negative,Negative,Negative,IIIC
T4b,N1b,M0,c,ANY,ANY,ANY,G2,Negative,Negative,Negative,IIIC
T4b,N1c,M0,c,ANY,ANY,ANY,G2,Negative,Negative,Negative,IIIC
T4c,N1,M0,c,ANY,ANY,ANY,G2,Negative,Negative,Negative,IIIC
T4c,N1a,M0,c,ANY,ANY,ANY,G2,Negative,Negative,Negative,IIIC
T4c,N1b,M0,c,ANY,ANY,ANY,G2,Negative,Negative,Negative,IIIC
T4c,N1c,M0,c,ANY,ANY,ANY,G2,Negative,Negative,Negative,IIIC
T4d,N1,M0,c,ANY,ANY,ANY,G2,Negative,Negative,Negative,IIIC
T4d,N1a,M0,c,ANY,ANY,ANY,G2,Negative,Negative,Negative,IIIC
T4d,N1b,M0,c,ANY,ANY,ANY,G2,Negative,Negative,Negative,IIIC
T4d,N1c,M0,c,ANY,ANY,ANY,G2,Negative,Negative,Negative,IIIC
T4,N2,M0,c,ANY,ANY,ANY,G2,Negative,Negative,Negative,IIIC
T4,N2a,M0,c,ANY,ANY,ANY,G2,Negative,Negative,Negative,IIIC
T4,N2b,M0,c,ANY,ANY,ANY,G2,Negative,Negative,Negative,IIIC
T4a,N2,M0,c,ANY,ANY,ANY,G2,Negative,Negative,Negative,IIIC
T4a,N2a,M0,c,ANY,ANY,ANY,G2,Negative,Negative,Negative,IIIC
T4a,N2b,M0,c,ANY,ANY,ANY,G2,Negative,Negative,Negative,IIIC
T4b,N2,M0,c,ANY,ANY,ANY,G2,Negative,Negative,Negative,IIIC
T4b,N2a,M0,c,ANY,ANY,ANY,G2,Negative,Negative,Negative,IIIC
T4b,N2b,M0,c,ANY,ANY,ANY,G2,Negative,Negative,Negative,IIIC
T4c,N2,M0,c,ANY,ANY,ANY,G2,Negative,Negative,Negative,IIIC
T4c,N2a,M0,c,ANY,ANY,ANY,G2,Negative,Negative,Negative,IIIC
T4c,N2b,M0,c,ANY,ANY,ANY,G2,Negative,Negative,Negative,IIIC
T4d,N2,M0,c,ANY,ANY,ANY,G2,Negative,Negative,Negative,IIIC
T4d,N2a,M0,c,ANY,ANY,ANY,G2,Negative,Negative,Negative,IIIC
T4d,N2b,M0,c,ANY,ANY,ANY,G2,Negative,Negative,Negative,IIIC
ANY,N3,M0,c,ANY,ANY,ANY,G2,Negative,Negative,Negative,IIIC
ANY,N3a,M0,c,ANY,ANY,ANY,G2,Negative,Negative,Negative,IIIC
ANY,N3b,M0,c,ANY,ANY,ANY,G2,Negative,Negative,Negative,IIIC
ANY,N3c,M0,c,ANY,ANY,ANY,G2,Negative,Negative,Negative,IIIC
T4,N0,M0,c,ANY,ANY,ANY,G3,Positive,Positive,Positive,IIIB
T4a,N0,M0,c,ANY,ANY,ANY,G3,Positive,Positive,Positive,IIIB
T4b,N0,M0,c,ANY,ANY,ANY,G3,Positive,Positive,Positive,IIIB
T4c,N0,M0,c,ANY,ANY,ANY,G3,Positive,Positive,Positive,IIIB
T4d,N0,M0,c,ANY,ANY,ANY,G3,Positive,Positive,Positive,IIIB
T4,N1,M0,c,ANY,ANY,ANY,G3,Positive,Positive,Positive,IIIB
T4,N1a,M0,c,ANY,ANY,ANY,G3,Positive,Positive,Positive,IIIB
T4,N1b,M0,c,ANY,ANY,ANY,G3,Positive,Positive,Positive,IIIB
T4,N1c,M0,c,ANY,ANY,ANY,G3,Positive,Positive,Positive,IIIB
T4a,N1,M0,c,ANY,ANY,ANY,G3,Positive,Positive,Positive,IIIB
T4a,N1a,M0,c,ANY,ANY,ANY,G3,Positive,Positive,Positive,IIIB
T4a,N1b,M0,c,ANY,ANY,ANY,G3,Positive,Positive,Positive,IIIB
T4a,N1c,M0,c,ANY,ANY,ANY,G3,Positive,Positive,Positive,IIIB
T4b,N1,M0,c,ANY,ANY,ANY,G3,Positive,Positive,Positive,IIIB
T4b,N1a,M0,c,ANY,ANY,ANY,G3,Positive,Positive,Positive,IIIB
T4b,N1b,M0,c,ANY,ANY,ANY,G3,Positive,Positive,Positive,IIIB
T4b,N1c,M0,c,ANY,ANY,ANY,G3,Positive,Positive,Positive,IIIB
T4c,N1,M0,c,ANY,ANY,ANY,G3,Positive,Positive,Positive,IIIB
T4c,N1a,M0,c,ANY,ANY,ANY,G3,Positive,Positive,Positive,IIIB
T4c,N1b,M0,c,ANY,ANY,ANY,G3,Positive,Positive,Positive,IIIB
T4c,N1c,M0,c,ANY,ANY,ANY,G3,Positive,Positive,Positive,IIIB
T4d,N1,M0,c,ANY,ANY,ANY,G3,Positive,Positive,Positive,IIIB
T4d,N1a,M0,c,ANY,ANY,ANY,G3,Positive,Positive,Positive,IIIB
T4d,N1b,M0,c,ANY,ANY,ANY,G3,Positive,Positive,Positive,IIIB
T4d,N1c,M0,c,ANY,ANY,ANY,G3,Positive,Positive,Positive,IIIB
T4,N2,M0,c,ANY,ANY,ANY,G3,Positive,Positive,Positive,IIIB
T4,N2a,M0,c,ANY,ANY,ANY,G3,Positive,Positive,Positive,IIIB
T4,N2b,M0,c,ANY,ANY,ANY,G3,Positive,Positive,Positive,IIIB
T4a,N2,M0,c,ANY,ANY,ANY,G3,Positive,Positive,Positive,IIIB
T4a,N2a,M0,c,ANY,ANY,ANY,G3,Positive,Positive,Positive,IIIB
T4a,N2b,M0,c,ANY,ANY,ANY,G3,Positive,Positive,Positive,IIIB
T4b,N2,M0,c,ANY,ANY,ANY,G3,Positive,Positive,Positive,IIIB
T4b,N2a,M0,c,ANY,ANY,ANY,G3,Positive,Positive,Positive,IIIB
T4b,N2b,M0,c,ANY,ANY,ANY,G3,Positive,Positive,Positive,IIIB
T4c,N2,M0,c,ANY,ANY,ANY,G3,Positive,Positive,Positive,IIIB
T4c,N2a,M0,c,ANY,ANY,ANY,G3,Positive,Positive,Positive,IIIB
T4c,N2b,M0,c,ANY,ANY,ANY,G3,Positive,Positive,Positive,IIIB
T4d,N2,M0,c,ANY,ANY,ANY,G3,Positive,Positive,Positive,IIIB
T4d,N2a,M0,c,ANY,ANY,ANY,G3,Positive,Positive,Positive,IIIB
T4d,N2b,M0,c,ANY,ANY,ANY,G3,Positive,Positive,Positive,IIIB
ANY,N3,M0,c,ANY,ANY,ANY,G3,Positive,Positive,Positive,IIIB
ANY,N3a,M0,c,ANY,ANY,ANY,G3,Positive,Positive,Positive,IIIB
ANY,N3b,M0,c,ANY,ANY,ANY,G3,Positive,Positive,Positive,IIIB
ANY,N3c,M0,c,ANY,ANY,ANY,G3,Positive,Positive,Positive,IIIB
T4,N0,M0,c,ANY,ANY,ANY,G3,Positive,Positive,Negative,IIIB
T4a,N0,M0,c,ANY,ANY,ANY,G3,Positive,Positive,Negative,IIIB
T4b,N0,M0,c,ANY,ANY,ANY,G3,Positive,Positive,Negative,IIIB
T4c,N0,M0,c,ANY,ANY,ANY,G3,Positive,Positive,Negative,IIIB
T4d,N0,M0,c,ANY,ANY,ANY,G3,Positive,Positive,Negative,IIIB
T4,N1,M0,c,ANY,ANY,ANY,G3,Positive,Positive,Negative,IIIB
T4,N1a,M0,c,ANY,ANY,ANY,G3,Positive,Positive,Negative,IIIB
T4,N1b,M0,c,ANY,ANY,ANY,G3,Positive,Positive,Negative,IIIB
T4,N1c,M0,c,ANY,ANY,ANY,G3,Positive,Positive,Negative,IIIB
T4a,N1,M0,c,ANY,ANY,ANY,G3,Positive,Positive,Negative,IIIB
T4a,N1a,M0,c,ANY,ANY,ANY,G3,Positive,Positive,Negative,IIIB
T4a,N1b,M0,c,ANY,ANY,ANY,G3,Positive,Positive,Negative,IIIB
T4a,N1c,M0,c,ANY,ANY,ANY,G3,Positive,Positive,Negative,IIIB
T4b,N1,M0,c,ANY,ANY,ANY,G3,Positive,Positive,Negative,IIIB
T4b,N1a,M0,c,ANY,ANY,ANY,G3,Positive,Positive,Negative,IIIB
T4b,N1b,M0,c,ANY,ANY,ANY,G3,Positive,Positive,Negative,IIIB
T4b,N1c,M0,c,ANY,ANY,ANY,G3,Positive,Positive,Negative,IIIB
T4c,N1,M0,c,ANY,ANY,ANY,G3,Positive,Positive,Negative,IIIB
T4c,N1a,M0,c,ANY,ANY,ANY,G3,Positive,Positive,Negative,IIIB
T4c,N1b,M0,c,ANY,ANY,ANY,G3,Positive,Positive,Negative,IIIB
T4c,N1c,M0,c,ANY,ANY,ANY,G3,Positive,Positive,Negative,IIIB
T4d,N1,M0,c,ANY,ANY,ANY,G3,Positive,Positive,Negative,IIIB
T4d,N1a,M0,c,ANY,ANY,ANY,G3,Positive,Positive,Negative,IIIB
T4d,N1b,M0,c,ANY,ANY,ANY,G3,Positive,Positive,Negative,IIIB
T4d,N1c,M0,c,ANY,ANY,ANY,G3,Positive,Positive,Negative,IIIB
T4,N2,M0,c,ANY,ANY,ANY,G3,Positive,Positive,Negative,IIIB
T4,N2a,M0,c,ANY,ANY,ANY,G3,Positive,Positive,Negative,IIIB
T4,N2b,M0,c,ANY,ANY,ANY,G3,Positive,Positive,Negative,IIIB
T4a,N2,M0,c,ANY,ANY,ANY,G3,Positive,Positive,Negative,IIIB
T4a,N2a,M0,c,ANY,ANY,ANY,G3,Positive,Positive,Negative,IIIB
T4a,N2b,M0,c,ANY,ANY,ANY,G3,Positive,Positive,Negative,IIIB
T4b,N2,M0,c,ANY,ANY,ANY,G3,Positive,Positive,Negative,IIIB
T4b,N2a,M0,c,ANY,ANY,ANY,G3,Positive,Positive,Negative,IIIB
T4b,N2b,M0,c,ANY,ANY,ANY,G3,Positive,Positive,Negative,IIIB
T4c,N2,M0,c,ANY,ANY,ANY,G3,Positive,Positive,Negative,IIIB
T4c,N2a,M0,c,ANY,ANY,ANY,G3,Positive,Positive,Negative,IIIB
T4c,N2b,M0,c,ANY,ANY,ANY,G3,Positive,Positive,Negative,IIIB
T4d,N2,M0,c,ANY,ANY,ANY,G3,Positive,Positive,Negative,IIIB
T4d,N2a,M0,c,ANY,ANY,ANY,G3,Positive,Positive,Negative,IIIB
T4d,N2b,M0,c,ANY,ANY,ANY,G3,Positive,Positive,Negative,IIIB
ANY,N3,M0,c,ANY,ANY,ANY,G3,Positive,Positive,Negative,IIIB
ANY,N3a,M0,c,ANY,ANY,ANY,G3,Positive,Positive,Negative,IIIB
ANY,N3b,M0,c,ANY,ANY,ANY,G3,Positive,Positive,Negative,IIIB
ANY,N3c,M0,c,ANY,ANY,ANY,G3,Positive,Positive,Negative,IIIB
T4,N0,M0,c,ANY,ANY,ANY,G3,Positive,Negative,Positive,IIIB
T4a,N0,M0,c,ANY,ANY,ANY,G3,Positive,Negative,Positive,IIIB
T4b,N0,M0,c,ANY,ANY,ANY,G3,Positive,Negative,Positive,IIIB
T4c,N0,M0,c,ANY,ANY,ANY,G3,Positive,Negative,Positive,IIIB
T4d,N0,M0,c,ANY,ANY,ANY,G3,Positive,Negative,Positive,IIIB
T4,N1,M0,c,ANY,ANY,ANY,G3,Positive,Negative,Positive,IIIB
T4,N1a,M0,c,ANY,ANY,ANY,G3,Positive,Negative,Positive,IIIB
T4,N1b,M0,c,ANY,ANY,ANY,G3,Positive,Negative,Positive,IIIB
T4,N1c,M0,c,ANY,ANY,ANY,G3,Positive,Negative,Positive,IIIB
T4a,N1,M0,c,ANY,ANY,ANY,G3,Positive,Negative,Positive,IIIB
T4a,N1a,M0,c,ANY,ANY,ANY,G3,Positive,Negative,Positive,IIIB
T4a,N1b,M0,c,ANY,ANY,ANY,G3,Positive,Negative,Positive,IIIB
T4a,N1c,M0,c,ANY,ANY,ANY,G3,Positive,Negative,Positive,IIIB
T4b,N1,M0,c,ANY,ANY,ANY,G3,Positive,Negative,Positive,IIIB
T4b,N1a,M0,c,ANY,ANY,ANY,G3,Positive,Negative,Positive,IIIB
T4b,N1b,M0,c,ANY,ANY,ANY,G3,Positive,Negative,Positive,IIIB
T4b,N1c,M0,c,ANY,ANY,ANY,G3,Positive,Negative,Positive,IIIB
T4c,N1,M0,c,ANY,ANY,ANY,G3,Positive,Negative,Positive,IIIB
T4c,N1a,M0,c,ANY,ANY,ANY,G3,Positive,Negative,Positive,IIIB
T4c,N1b,M0,c,ANY,ANY,ANY,G3,Positive,Negative,Positive,IIIB
T4c,N1c,M0,c,ANY,ANY,ANY,G3,Positive,Negative,Positive,IIIB
T4d,N1,M0,c,ANY,ANY,ANY,G3,Positive,Negative,Positive,IIIB
T4d,N1a,M0,c,ANY,ANY,ANY,G3,Positive,Negative,Positive,IIIB
T4d,N1b,M0,c,ANY,ANY,ANY,G3,Positive,Negative,Positive,IIIB
T4d,N1c,M0,c,ANY,ANY,ANY,G3,Positive,Negative,Positive,IIIB
T4,N2,M0,c,ANY,ANY,ANY,G3,Positive,Negative,Positive,IIIB
T4,N2a,M0,c,ANY,ANY,ANY,G3,Positive,Negative,Positive,IIIB
T4,N2b,M0,c,ANY,ANY,ANY,G3,Positive,Negative,Positive,IIIB
T4a,N2,M0,c,ANY,ANY,ANY,G3,Positive,Negative,Positive,IIIB
T4a,N2a,M0,c,ANY,ANY,ANY,G3,Positive,Negative,Positive,IIIB
T4a,N2b,M0,c,ANY,ANY,ANY,G3,Positive,Negative,Positive,IIIB
T4b,N2,M0,c,ANY,ANY,ANY,G3,Positive,Negative,Positive,IIIB
T4b,N2a,M0,c,ANY,ANY,ANY,G3,Positive,Negative,Positive,IIIB
T4b,N2b,M0,c,ANY,ANY,ANY,G3,Positive,Negative,Positive,IIIB
T4c,N2,M0,c,ANY,ANY,ANY,G3,Positive,Negative,Positive,IIIB
T4c,N2a,M0,c,ANY,ANY,ANY,G3,Positive,Negative,Positive,IIIB
T4c,N2b,M0,c,ANY,ANY,ANY,G3,Positive,Negative,Positive,IIIB
T4d,N2,M0,c,ANY,ANY,ANY,G3,Positive,Negative,Positive,IIIB
T4d,N2a,M0,c,ANY,ANY,ANY,G3,Positive,Negative,Positive,IIIB
T4d,N2b,M0,c,ANY,ANY,ANY,G3,Positive,Negative,Positive,IIIB
ANY,N3,M0,c,ANY,ANY,ANY,G3,Positive,Negative,Positive,IIIB
ANY,N3a,M0,c,ANY,ANY,ANY,G3,Positive,Negative,Positive,IIIB
ANY,N3b,M0,c,ANY,ANY,ANY,G3,Positive,Negative,Positive,IIIB
ANY,N3c,M0,c,ANY,ANY,ANY,G3,Positive,Negative,Positive,IIIB
T4,N0,M0,c,ANY,ANY,ANY,G3,Positive,Negative,Negative,IIIB
T4a,N0,M0,c,ANY,ANY,ANY,G3,Positive,Negative,Negative,IIIB
T4b,N0,M0,c,ANY,ANY,ANY,G3,Positive,Negative,Negative,IIIB
T4c,N0,M0,c,ANY,ANY,ANY,G3,Positive,Negative,Negative,IIIB
T4d,N0,M0,c,ANY,ANY,ANY,G3,Positive,Negative,Negative,IIIB
T4,N1,M0,c,ANY,ANY,ANY,G3,Positive,Negative,Negative,IIIB
T4,N1a,M0,c,ANY,ANY,ANY,G3,Positive,Negative,Negative,IIIB
T4,N1b,M0,c,ANY,ANY,ANY,G3,Positive,Negative,Negative,IIIB
T4,N1c,M0,c,ANY,ANY,ANY,G3,Positive,Negative,Negative,IIIB
T4a,N1,M0,c,ANY,ANY,ANY,G3,Positive,Negative,Negative,IIIB
T4a,N1a,M0,c,ANY,ANY,ANY,G3,Positive,Negative,Negative,IIIB
T4a,N1b,M0,c,ANY,ANY,ANY,G3,Positive,Negative,Negative,IIIB
T4a,N1c,M0,c,ANY,ANY,ANY,G3,Positive,Negative,Negative,IIIB
T4b,N1,M0,c,ANY,ANY,ANY,G3,Positive,Negative,Negative,IIIB
T4b,N1a,M0,c,ANY,ANY,ANY,G3,Positive,Negative,Negative,IIIB
T4b,N1b,M0,c,ANY,ANY,ANY,G3,Positive,Negative,Negative,IIIB
T4b,N1c,M0,c,ANY,ANY,ANY,G3,Positive,Negative,Negative,IIIB
T4c,N1,M0,c,ANY,ANY,ANY,G3,Positive,Negative,Negative,IIIB
T4c,N1a,M0,c,ANY,ANY,ANY,G3,Positive,Negative,Negative,IIIB
T4c,N1b,M0,c,ANY,ANY,ANY,G3,Positive,Negative,Negative,IIIB
T4c,N1c,M0,c,ANY,ANY,ANY,G3,Positive,Negative,Negative,IIIB
T4d,N1,M0,c,ANY,ANY,ANY,G3,Positive,Negative,Negative,IIIB
T4d,N1a,M0,c,ANY,ANY,ANY,G3,Positive,Negative,Negative,IIIB
T4d,N1b,M0,c,ANY,ANY,ANY,G3,Positive,Negative,Negative,IIIB
T4d,N1c,M0,c,ANY,ANY,ANY,G3,Positive,Negative,Negative,IIIB
T4,N2,M0,c,ANY,ANY,ANY,G3,Positive,Negative,Negative,IIIB
T4,N2a,M0,c,ANY,ANY,ANY,G3,Positive,Negative,Negative,IIIB
T4,N2b,M0,c,ANY,ANY,ANY,G3,Positive,Negative,Negative,IIIB
T4a,N2,M0,c,ANY,ANY,ANY,G3,Positive,Negative,Negative,IIIB
T4a,N2a,M0,c,ANY,ANY,ANY,G3,Positive,Negative,Negative,IIIB
T4a,N2b,M0,c,ANY,ANY,ANY,G3,Positive,Negative,Negative,IIIB
T4b,N2,M0,c,ANY,ANY,ANY,G3,Positive,Negative,Negative,IIIB
T4b,N2a,M0,c,ANY,ANY,ANY,G3,Positive,Negative,Negative,IIIB
T4b,N2b,M0,c,ANY,ANY,ANY,G3,Positive,Negative,Negative,IIIB
T4c,N2,M0,c,ANY,ANY,ANY,G3,Positive,Negative,Negative,IIIB
T4c,N2a,M0,c,ANY,ANY,ANY,G3,Positive,Negative,Negative,IIIB
T4c,N2b,M0,c,ANY,ANY,ANY,G3,Positive,Negative,Negative,IIIB
T4d,N2,M0,c,ANY,ANY,ANY,G3,Positive,Negative,Negative,IIIB
T4d,N2a,M0,c,ANY,ANY,ANY,G3,Positive,Negative,Negative,IIIB
T4d,N2b,M0,c,ANY,ANY,ANY,G3,Positive,Negative,Negative,IIIB
ANY,N3,M0,c,ANY,ANY,ANY,G3,Positive,Negative,Negative,IIIB
ANY,N3a,M0,c,ANY,ANY,ANY,G3,Positive,Negative,Negative,IIIB
ANY,N3b,M0,c,ANY,ANY,ANY,G3,Positive,Negative,Negative,IIIB
ANY,N3c,M0,c,ANY,ANY,ANY,G3,Positive,Negative,Negative,IIIB
T4,N0,M0,c,ANY,ANY,ANY,G3,Negative,Positive,Positive,IIIB
T4a,N0,M0,c,ANY,ANY,ANY,G3,Negative,Positive,Positive,IIIB
T4b,N0,M0,c,ANY,ANY,ANY,G3,Negative,Positive,Positive,IIIB
T4c,N0,M0,c,ANY,ANY,ANY,G3,Negative,Positive,Positive,IIIB
T4d,N0,M0,c,ANY,ANY,ANY,G3,Negative,Positive,Positive,IIIB
T4,N1,M0,c,ANY,ANY,ANY,G3,Negative,Positive,Positive,IIIB
T4,N1a,M0,c,ANY,ANY,ANY,G3,Negative,Positive,Positive,IIIB
T4,N1b,M0,c,ANY,ANY,ANY,G3,Negative,Positive,Positive,IIIB
T4,N1c,M0,c,ANY,ANY,ANY,G3,Negative,Positive,Positive,IIIB
T4a,N1,M0,c,ANY,ANY,ANY,G3,Negative,Positive,Positive,IIIB
T4a,N1a,M0,c,ANY,ANY,ANY,G3,Negative,Positive,Positive,IIIB
T4a,N1b,M0,c,ANY,ANY,ANY,G3,Negative,Positive,Positive,IIIB
T4a,N1c,M0,c,ANY,ANY,ANY,G3,Negative,Positive,Positive,IIIB
T4b,N1,M0,c,ANY,ANY,ANY,G3,Negative,Positive,Positive,IIIB
T4b,N1a,M0,c,ANY,ANY,ANY,G3,Negative,Positive,Positive,IIIB
T4b,N1b,M0,c,ANY,ANY,ANY,G3,Negative,Positive,Positive,IIIB
T4b,N1c,M0,c,ANY,ANY,ANY,G3,Negative,Positive,Positive,IIIB
T4c,N1,M0,c,ANY,ANY,ANY,G3,Negative,Positive,Positive,IIIB
T4c,N1a,M0,c,ANY,ANY,ANY,G3,Negative,Positive,Positive,IIIB
T4c,N1b,M0,c,ANY,ANY,ANY,G3,Negative,Positive,Positive,IIIB
T4c,N1c,M0,c,ANY,ANY,ANY,G3,Negative,Positive,Positive,IIIB
T4d,N1,M0,c,ANY,ANY,ANY,G3,Negative,Positive,Positive,IIIB
T4d,N1a,M0,c,ANY,ANY,ANY,G3,Negative,Positive,Positive,IIIB
T4d,N1b,M0,c,ANY,ANY,ANY,G3,Negative,Positive,Positive,IIIB
T4d,N1c,M0,c,ANY,ANY,ANY,G3,Negative,Positive,Positive,IIIB
T4,N2,M0,c,ANY,ANY,ANY,G3,Negative,Positive,Positive,IIIB
T4,N2a,M0,c,ANY,ANY,ANY,G3,Negative,Positive,Positive,IIIB
T4,N2b,M0,c,ANY,ANY,ANY,G3,Negative,Positive,Positive,IIIB
T4a,N2,M0,c,ANY,ANY,ANY,G3,Negative,Positive,Positive,IIIB
T4a,N2a,M0,c,ANY,ANY,ANY,G3,Negative,Positive,Positive,IIIB
T4a,N2b,M0,c,ANY,ANY,ANY,G3,Negative,Positive,Positive,IIIB
T4b,N2,M0,c,ANY,ANY,ANY,G3,Negative,Positive,Positive,IIIB
T4b,N2a,M0,c,ANY,ANY,ANY,G3,Negative,Positive,Positive,IIIB
T4b,N2b,M0,c,ANY,ANY,ANY,G3,Negative,Positive,Positive,IIIB
T4c,N2,M0,c,ANY,ANY,ANY,G3,Negative,Positive,Positive,IIIB
T4c,N2a,M0,c,ANY,ANY,ANY,G3,Negative,Positive,Positive,IIIB
T4c,N2b,M0,c,ANY,ANY,ANY,G3,Negative,Positive,Positive,IIIB
T4d,N2,M0,c,ANY,ANY,ANY,G3,Negative,Positive,Positive,IIIB
T4d,N2a,M0,c,ANY,ANY,ANY,G3,Negative,Positive,Positive,IIIB
T4d,N2b,M0,c,ANY,ANY,ANY,G3,Negative,Positive,Positive,IIIB
ANY,N3,M0,c,ANY,ANY,ANY,G3,Negative,Positive,Positive,IIIB
ANY,N3a,M0,c,ANY,ANY,ANY,G3,Negative,Positive,Positive,IIIB
ANY,N3b,M0,c,ANY,ANY,ANY,G3,Negative,Positive,Positive,IIIB
ANY,N3c,M0,c,ANY,ANY,ANY,G3,Negative,Positive,Positive,IIIB
T4,N0,M0,c,ANY,ANY,ANY,G3,Negative,Positive,Negative,IIIC
T4a,N0,M0,c,ANY,ANY,ANY,G3,Negative,Positive,Negative,IIIC
T4b,N0,M0,c,ANY,ANY,ANY,G3,Negative,Positive,Negative,IIIC
T4c,N0,M0,c,ANY,ANY,ANY,G3,Negative,Positive,Negative,IIIC
T4d,N0,M0,c,ANY,ANY,ANY,G3,Negative,Positive,Negative,IIIC
T4,N1,M0,c,ANY,ANY,ANY,G3,Negative,Positive,Negative,IIIC
T4,N1a,M0,c,ANY,ANY,ANY,G3,Negative,Positive,Negative,IIIC
T4,N1b,M0,c,ANY,ANY,ANY,G3,Negative,Positive,Negative,IIIC
T4,N1c,M0,c,ANY,ANY,ANY,G3,Negative,Positive,Negative,IIIC
T4a,N1,M0,c,ANY,ANY,ANY,G3,Negative,Positive,Negative,IIIC
T4a,N1a,M0,c,ANY,ANY,ANY,G3,Negative,Positive,Negative,IIIC
T4a,N1b,M0,c,ANY,ANY,ANY,G3,Negative,Positive,Negative,IIIC
T4a,N1c,M0,c,ANY,ANY,ANY,G3,Negative,Positive,Negative,IIIC
T4b,N1,M0,c,ANY,ANY,ANY,G3,Negative,Positive,Negative,IIIC
T4b,N1a,M0,c,ANY,ANY,ANY,G3,Negative,Positive,Negative,IIIC
T4b,N1b,M0,c,ANY,ANY,ANY,G3,Negative,Positive,Negative,IIIC
T4b,N1c,M0,c,ANY,ANY,ANY,G3,Negative,Positive,Negative,IIIC
T4c,N1,M0,c,ANY,ANY,ANY,G3,Negative,Positive,Negative,IIIC
T4c,N1a,M0,c,ANY,ANY,ANY,G3,Negative,Positive,Negative,IIIC
T4c,N1b,M0,c,ANY,ANY,ANY,G3,Negative,Positive,Negative,IIIC
T4c,N1c,M0,c,ANY,ANY,ANY,G3,Negative,Positive,Negative,IIIC
T4d,N1,M0,c,ANY,ANY,ANY,G3,Negative,Positive,Negative,IIIC
T4d,N1a,M0,c,ANY,ANY,ANY,G3,Negative,Positive,Negative,IIIC
T4d,N1b,M0,c,ANY,ANY,ANY,G3,Negative,Positive,Negative,IIIC
T4d,N1c,M0,c,ANY,ANY,ANY,G3,Negative,Positive,Negative,IIIC
T4,N2,M0,c,ANY,ANY,ANY,G3,Negative,Positive,Negative,IIIC
T4,N2a,M0,c,ANY,ANY,ANY,G3,Negative,Positive,Negative,IIIC
T4,N2b,M0,c,ANY,ANY,ANY,G3,Negative,Positive,Negative,IIIC
T4a,N2,M0,c,ANY,ANY,ANY,G3,Negative,Positive,Negative,IIIC
T4a,N2a,M0,c,ANY,ANY,ANY,G3,Negative,Positive,Negative,IIIC
T4a,N2b,M0,c,ANY,ANY,ANY,G3,Negative,Positive,Negative,IIIC
T4b,N2,M0,c,ANY,ANY,ANY,G3,Negative,Positive,Negative,IIIC
T4b,N2a,M0,c,ANY,ANY,ANY,G3,Negative,Positive,Negative,IIIC
T4b,N2b,M0,c,ANY,ANY,ANY,G3,Negative,Positive,Negative,IIIC
T4c,N2,M0,c,ANY,ANY,ANY,G3,Negative,Positive,Negative,IIIC
T4c,N2a,M0,c,ANY,ANY,ANY,G3,Negative,Positive,Negative,IIIC
T4c,N2b,M0,c,ANY,ANY,ANY,G3,Negative,Positive,Negative,IIIC
T4d,N2,M0,c,ANY,ANY,ANY,G3,Negative,Positive,Negative,IIIC
T4d,N2a,M0,c,ANY,ANY,ANY,G3,Negative,Positive,Negative,IIIC
T4d,N2b,M0,c,ANY,ANY,ANY,G3,Negative,Positive,Negative,IIIC
ANY,N3,M0,c,ANY,ANY,ANY,G3,Negative,Positive,Negative,IIIC
ANY,N3a,M0,c,ANY,ANY,ANY,G3,Negative,Positive,Negative,IIIC
ANY,N3b,M0,c,ANY,ANY,ANY,G3,Negative,Positive,Negative,IIIC
ANY,N3c,M0,c,ANY,ANY,ANY,G3,Negative,Positive,Negative,IIIC
T4,N0,M0,c,ANY,ANY,ANY,G3,Negative,Negative,Positive,IIIC
T4a,N0,M0,c,ANY,ANY,ANY,G3,Negative,Negative,Positive,IIIC
T4b,N0,M0,c,ANY,ANY,ANY,G3,Negative,Negative,Positive,IIIC
T4c,N0,M0,c,ANY,ANY,ANY,G3,Negative,Negative,Positive,IIIC
T4d,N0,M0,c,ANY,ANY,ANY,G3,Negative,Negative,Positive,IIIC
T4,N1,M0,c,ANY,ANY,ANY,G3,Negative,Negative,Positive,IIIC
T4,N1a,M0,c,ANY,ANY,ANY,G3,Negative,Negative,Positive,IIIC
T4,N1b,M0,c,ANY,ANY,ANY,G3,Negative,Negative,Positive,IIIC
T4,N1c,M0,c,ANY,ANY,ANY,G3,Negative,Negative,Positive,IIIC
T4a,N1,M0,c,ANY,ANY,ANY,G3,Negative,Negative,Positive,IIIC
T4a,N1a,M0,c,ANY,ANY,ANY,G3,Negative,Negative,Positive,IIIC
T4a,N1b,M0,c,ANY,ANY,ANY,G3,Negative,Negative,Positive,IIIC
T4a,N1c,M0,c,ANY,ANY,ANY,G3,Negative,Negative,Positive,IIIC
T4b,N1,M0,c,ANY,ANY,ANY,G3,Negative,Negative,Positive,IIIC
T4b,N1a,M0,c,ANY,ANY,ANY,G3,Negative,Negative,Positive,IIIC
T4b,N1b,M0,c,ANY,ANY,ANY,G3,Negative,Negative,Positive,IIIC
T4b,N1c,M0,c,ANY,ANY,ANY,G3,Negative,Negative,Positive,IIIC
T4c,N1,M0,c,ANY,ANY,ANY,G3,Negative,Negative,Positive,IIIC
T4c,N1a,M0,c,ANY,ANY,ANY,G3,Negative,Negative,Positive,IIIC
T4c,N1b,M0,c,ANY,ANY,ANY,G3,Negative,Negative,Positive,IIIC
T4c,N1c,M0,c,ANY,ANY,ANY,G3,Negative,Negative,Positive,IIIC
T4d,N1,M0,c,ANY,ANY,ANY,G3,Negative,Negative,Positive,IIIC
T4d,N1a,M0,c,ANY,ANY,ANY,G3,Negative,Negative,Positive,IIIC
T4d,N1b,M0,c,ANY,ANY,ANY,G3,Negative,Negative,Positive,IIIC
T4d,N1c,M0,c,ANY,ANY,ANY,G3,Negative,Negative,Positive,IIIC
T4,N2,M0,c,ANY,ANY,ANY,G3,Negative,Negative,Positive,IIIC
T4,N2a,M0,c,ANY,ANY,ANY,G3,Negative,Negative,Positive,IIIC
T4,N2b,M0,c,ANY,ANY,ANY,G3,Negative,Negative,Positive,IIIC
T4a,N2,M0,c,ANY,ANY,ANY,G3,Negative,Negative,Positive,IIIC
T4a,N2a,M0,c,ANY,ANY,ANY,G3,Negative,Negative,Positive,IIIC
T4a,N2b,M0,c,ANY,ANY,ANY,G3,Negative,Negative,Positive,IIIC
T4b,N2,M0,c,ANY,ANY,ANY,G3,Negative,Negative,Positive,IIIC
T4b,N2a,M0,c,ANY,ANY,ANY,G3,Negative,Negative,Positive,IIIC
T4b,N2b,M0,c,ANY,ANY,ANY,G3,Negative,Negative,Positive,IIIC
T4c,N2,M0,c,ANY,ANY,ANY,G3,Negative,Negative,Positive,IIIC
T4c,N2a,M0,c,ANY,ANY,ANY,G3,Negative,Negative,Positive,IIIC
T4c,N2b,M0,c,ANY,ANY,ANY,G3,Negative,Negative,Positive,IIIC
T4d,N2,M0,c,ANY,ANY,ANY,G3,Negative,Negative,Positive,IIIC
T4d,N2a,M0,c,ANY,ANY,ANY,G3,Negative,Negative,Positive,IIIC
T4d,N2b,M0,c,ANY,ANY,ANY,G3,Negative,Negative,Positive,IIIC
ANY,N3,M0,c,ANY,ANY,ANY,G3,Negative,Negative,Positive,IIIC
ANY,N3a,M0,c,ANY,ANY,ANY,G3,Negative,Negative,Positive,IIIC
ANY,N3b,M0,c,ANY,ANY,ANY,G3,Negative,Negative,Positive,IIIC
ANY,N3c,M0,c,ANY,ANY,ANY,G3,Negative,Negative,Positive,IIIC
T4,N0,M0,c,ANY,ANY,ANY,G3,Negative,Negative,Negative,IIIC
T4a,N0,M0,c,ANY,ANY,ANY,G3,Negative,Negative,Negative,IIIC
T4b,N0,M0,c,ANY,ANY,ANY,G3,Negative,Negative,Negative,IIIC
T4c,N0,M0,c,ANY,ANY,ANY,G3,Negative,Negative,Negative,IIIC
T4d,N0,M0,c,ANY,ANY,ANY,G3,Negative,Negative,Negative,IIIC
T4,N1,M0,c,ANY,ANY,ANY,G3,Negative,Negative,Negative,IIIC
T4,N1a,M0,c,ANY,ANY,ANY,G3,Negative,Negative,Negative,IIIC
T4,N1b,M0,c,ANY,ANY,ANY,G3,Negative,Negative,Negative,IIIC
T4,N1c,M0,c,ANY,ANY,ANY,G3,Negative,Negative,Negative,IIIC
T4a,N1,M0,c,ANY,ANY,ANY,G3,Negative,Negative,Negative,IIIC
T4a,N1a,M0,c,ANY,ANY,ANY,G3,Negative,Negative,Negative,IIIC
T4a,N1b,M0,c,ANY,ANY,ANY,G3,Negative,Negative,Negative,IIIC
T4a,N1c,M0,c,ANY,ANY,ANY,G3,Negative,Negative,Negative,IIIC
T4b,N1,M0,c,ANY,ANY,ANY,G3,Negative,Negative,Negative,IIIC
T4b,N1a,M0,c,ANY,ANY,ANY,G3,Negative,Negative,Negative,IIIC
T4b,N1b,M0,c,ANY,ANY,ANY,G3,Negative,Negative,Negative,IIIC
T4b,N1c,M0,c,ANY,ANY,ANY,G3,Negative,Negative,Negative,IIIC
T4c,N1,M0,c,ANY,ANY,ANY,G3,Negative,Negative,Negative,IIIC
T4c,N1a,M0,c,ANY,ANY,ANY,G3,Negative,Negative,Negative,IIIC
T4c,N1b,M0,c,ANY,ANY,ANY,G3,Negative,Negative,Negative,IIIC
T4c,N1c,M0,c,ANY,ANY,ANY,G3,Negative,Negative,Negative,IIIC
T4d,N1,M0,c,ANY,ANY,ANY,G3,Negative,Negative,Negative,IIIC
T4d,N1a,M0,c,ANY,ANY,ANY,G3,Negative,Negative,Negative,IIIC
T4d,N1b,M0,c,ANY,ANY,ANY,G3,Negative,Negative,Negative,IIIC
T4d,N1c,M0,c,ANY,ANY,ANY,G3,Negative,Negative,Negative,IIIC
T4,N2,M0,c,ANY,ANY,ANY,G3,Negative,Negative,Negative,IIIC
T4,N2a,M0,c,ANY,ANY,ANY,G3,Negative,Negative,Negative,IIIC
T4,N2b,M0,c,ANY,ANY,ANY,G3,Negative,Negative,Negative,IIIC
T4a,N2,M0,c,ANY,ANY,ANY,G3,Negative,Negative,Negative,IIIC
T4a,N2a,M0,c,ANY,ANY,ANY,G3,Negative,Negative,Negative,IIIC
T4a,N2b,M0,c,ANY,ANY,ANY,G3,Negative,Negative,Negative,IIIC
T4b,N2,M0,c,ANY,ANY,ANY,G3,Negative,Negative,Negative,IIIC
T4b,N2a,M0,c,ANY,ANY,ANY,G3,Negative,Negative,Negative,IIIC
T4b,N2b,M0,c,ANY,ANY,ANY,G3,Negative,Negative,Negative,IIIC
T4c,N2,M0,c,ANY,ANY,ANY,G3,Negative,Negative,Negative,IIIC
T4c,N2a,M0,c,ANY,ANY,ANY,G3,Negative,Negative,Negative,IIIC
T4c,N2b,M0,c,ANY,ANY,ANY,G3,Negative,Negative,Negative,IIIC
T4d,N2,M0,c,ANY,ANY,ANY,G3,Negative,Negative,Negative,IIIC
T4d,N2a,M0,c,ANY,ANY,ANY,G3,Negative,Negative,Negative,IIIC
T4d,N2b,M0,c,ANY,ANY,ANY,G3,Negative,Negative,Negative,IIIC
ANY,N3,M0,c,ANY,ANY,ANY,G3,Negative,Negative,Negative,IIIC
ANY,N3a,M0,c,ANY,ANY,ANY,G3,Negative,Negative,Negative,IIIC
ANY,N3b,M0,c,ANY,ANY,ANY,G3,Negative,Negative,Negative,IIIC
ANY,N3c,M0,c,ANY,ANY,ANY,G3,Negative,Negative,Negative,IIIC
ANY,ANY,M1,c,ANY,ANY,ANY,ANY,ANY,ANY,ANY,IV
T1,N0,M0,p,ANY,ANY,ANY,G1,Positive,Positive,Positive,IA
T1mi,N0,M0,p,ANY,ANY,ANY,G1,Positive,Positive,Positive,IA
T1a,N0,M0,p,ANY,ANY,ANY,G1,Positive,Positive,Positive,IA
T1b,N0,M0,p,ANY,ANY,ANY,G1,Positive,Positive,Positive,IA
T1c,N0,M0,p,ANY,ANY,ANY,G1,Positive,Positive,Positive,IA
T0,N1mi,M0,p,ANY,ANY,ANY,G1,Positive,Positive,Positive,IA
T1,N1mi,M0,p,ANY,ANY,ANY,G1,Positive,Positive,Positive,IA
T1mi,N1mi,M0,p,ANY,ANY,ANY,G1,Positive,Positive,Positive,IA
T1a,N1mi,M0,p,ANY,ANY,ANY,G1,Positive,Positive,Positive,IA
T1b,N1mi,M0,p,ANY,ANY,ANY,G1,Positive,Positive,Positive,IA
T1c,N1mi,M0,p,ANY,ANY,ANY,G1,Positive,Positive,Positive,IA
T1,N0,M0,p,ANY,ANY,ANY,G1,Positive,Positive,Negative,IA
T1mi,N0,M0,p,ANY,ANY,ANY,G1,Positive,Positive,Negative,IA
T1a,N0,M0,p,ANY,ANY,ANY,G1,Positive,Positive,Negative,IA
T1b,N0,M0,p,ANY,ANY,ANY,G1,Positive,Positive,Negative,IA
T1c,N0,M0,p,ANY,ANY,ANY,G1,Positive,Positive,Negative,IA
T0,N1mi,M0,p,ANY,ANY,ANY,G1,Positive,Positive,Negative,IA
T1,N1mi,M0,p,ANY,ANY,ANY,G1,Positive,Positive,Negative,IA
T1mi,N1mi,M0,p,ANY,ANY,ANY,G1,Positive,Positive,Negative,IA
T1a,N1mi,M0,p,ANY,ANY,ANY,G1,Positive,Positive,Negative,IA
T1b,N1mi,M0,p,ANY,ANY,ANY,G1,Positive,Positive,Negative,IA
T1c,N1mi,M0,p,ANY,ANY,ANY,G1,Positive,Positive,Negative,IA
T1,N0,M0,p,ANY,ANY,ANY,G1,Positive,Negative,Positive,IA
T1mi,N0,M0,p,ANY,ANY,ANY,G1,Positive,Negative,Positive,IA
T1a,N0,M0,p,ANY,ANY,ANY,G1,Positive,Negative,Positive,IA
T1b,N0,M0,p,ANY,ANY,ANY,G1,Positive,Negative,Positive,IA
T1c,N0,M0,p,ANY,ANY,ANY,G1,Positive,Negative,Positive,IA
T0,N1mi,M0,p,ANY,ANY,ANY,G1,Positive,Negative,Positive,IA
T1,N1mi,M0,p,ANY,ANY,ANY,G1,Positive,Negative,Positive,IA
T1mi,N1mi,M0,p,ANY,ANY,ANY,G1,Positive,Negative,Positive,IA
T1a,N1mi,M0,p,ANY,ANY,ANY,G1,Positive,Negative,Positive,IA
T1b,N1mi,M0,p,ANY,ANY,ANY,G1,Positive,Negative,Positive,IA
T1c,N1mi,M0,p,ANY,ANY,ANY,G1,Positive,Negative,Positive,IA
T1,N0,M0,p,ANY,ANY,ANY,G1,Positive,Negative,Negative,IA
T1mi,N0,M0,p,ANY,ANY,ANY,G1,Positive,Negative,Negative,IA
T1a,N0,M0,p,ANY,ANY,ANY,G1,Positive,Negative,Negative,IA
T1b,N0,M0,p,ANY,ANY,ANY,G1,Positive,Negative,Negative,IA
T1c,N0,M0,p,ANY,ANY,ANY,G1,Positive,Negative,Negative,IA
T0,N1mi,M0,p,ANY,ANY,ANY,G1,Positive,Negative,Negative,IA
T1,N1mi,M0,p,ANY,ANY,ANY,G1,Positive,Negative,Negative,IA
T1mi,N1mi,M0,p,ANY,ANY,ANY,G1,Positive,Negative,Negative,IA
T1a,N1mi,M0,p,ANY,ANY,ANY,G1,Positive,Negative,Negative,IA
T1b,N1mi,M0,p,ANY,ANY,ANY,G1,Positive,Negative,Negative,IA
T1c,N1mi,M0,p,ANY,ANY,ANY,G1,Positive,Negative,Negative,IA
T1,N0,M0,p,ANY,ANY,ANY,G1,Negative,Positive,Positive,IA
T1mi,N0,M0,p,ANY,ANY,ANY,G1,Negative,Positive,Positive,IA
T1a,N0,M0,p,ANY,ANY,ANY,G1,Negative,Positive,Positive,IA
T1b,N0,M0,p,ANY,ANY,ANY,G1,Negative,Positive,Positive,IA
T1c,N0,M0,p,ANY,ANY,ANY,G1,Negative,Positive,Positive,IA
T0,N1mi,M0,p,ANY,ANY,ANY,G1,Negative,Positive,Positive,IA
T1,N1mi,M0,p,ANY,ANY,ANY,G1,Negative,Positive,Positive,IA
T1mi,N1mi,M0,p,ANY,ANY,ANY,G1,Negative,Positive,Positive,IA
T1a,N1mi,M0,p,ANY,ANY,ANY,G1,Negative,Positive,Positive,IA
T1b,N1mi,M0,p,ANY,ANY,ANY,G1,Negative,Positive,Positive,IA
T1c,N1mi,M0,p,ANY,ANY,ANY,G1,Negative,Positive,Positive,IA
T1,N0,M0,p,ANY,ANY,ANY,G1,Negative,Positive,Negative,IA
T1mi,N0,M0,p,ANY,ANY,ANY,G1,Negative,Positive,Negative,IA
T1a,N0,M0,p,ANY,ANY,ANY,G1,Negative,Positive,Negative,IA
T1b,N0,M0,p,ANY,ANY,ANY,G1,Negative,Positive,Negative,IA
T1c,N0,M0,p,ANY,ANY,ANY,G1,Negative,Positive,Negative,IA
T0,N1mi,M0,p,ANY,ANY,ANY,G1,Negative,Positive,Negative,IA
T1,N1mi,M0,p,ANY,ANY,ANY,G1,Negative,Positive,Negative,IA
T1mi,N1mi,M0,p,ANY,ANY,ANY,G1,Negative,Positive,Negative,IA
T1a,N1mi,M0,p,ANY,ANY,ANY,G1,Negative,Positive,Negative,IA
T1b,N1mi,M0,p,ANY,ANY,ANY,G1,Negative,Positive,Negative,IA
T1c,N1mi,M0,p,ANY,ANY,ANY,G1,Negative,Positive,Negative,IA
T1,N0,M0,p,ANY,ANY,ANY,G1,Negative,Negative,Positive,IA
T1mi,N0,M0,p,ANY,ANY,ANY,G1,Negative,Negative,Positive,IA
T1a,N0,M0,p,ANY,ANY,ANY,G1,Negative,Negative,Positive,IA
T1b,N0,M0,p,ANY,ANY,ANY,G1,Negative,Negative,Positive,IA
T1c,N0,M0,p,ANY,ANY,ANY,G1,Negative,Negative,Positive,IA
T0,N1mi,M0,p,ANY,ANY,ANY,G1,Negative,Negative,Positive,IA
T1,N1mi,M0,p,ANY,ANY,ANY,G1,Negative,Negative,Positive,IA
T1mi,N1mi,M0,p,ANY,ANY,ANY,G1,Negative,Negative,Positive,IA
T1a,N1mi,M0,p,ANY,ANY,ANY,G1,Negative,Negative,Positive,IA
T1b,N1mi,M0,p,ANY,ANY,ANY,G1,Negative,Negative,Positive,IA
T1c,N1mi,M0,p,ANY,ANY,ANY,G1,Negative,Negative,Positive,IA
T1,N0,M0,p,ANY,ANY,ANY,G1,Negative,Negative,Negative,IA
T1mi,N0,M0,p,ANY,ANY,ANY,G1,Negative,Negative,Negative,IA
T1a,N0,M0,p,ANY,ANY,ANY,G1,Negative,Negative,Negative,IA
T1b,N0,M0,p,ANY,ANY,ANY,G1,Negative,Negative,Negative,IA
T1c,N0,M0,p,ANY,ANY,ANY,G1,Negative,Negative,Negative,IA
T0,N1mi,M0,p,ANY,ANY,ANY,G1,Negative,Negative,Negative,IA
T1,N1mi,M0,p,ANY,ANY,ANY,G1,Negative,Negative,Negative,IA
T1mi,N1mi,M0,p,ANY,ANY,ANY,G1,Negative,Negative,Negative,IA
T1a,N1mi,M0,p,ANY,ANY,ANY,G1,Negative,Negative,Negative,IA
T1b,N1mi,M0,p,ANY,ANY,ANY,G1,Negative,Negative,Negative,IA
T1c,N1mi,M0,p,ANY,ANY,ANY,G1,Negative,Negative,Negative,IA
T1,N0,M0,p,ANY,ANY,ANY,G2,Positive,Positive,Positive,IA
T1mi,N0,M0,p,ANY,ANY,ANY,G2,Positive,Positive,Positive,IA
T1a,N0,M0,p,ANY,ANY,ANY,G2,Positive,Positive,Positive,IA
T1b,N0,M0,p,ANY,ANY,ANY,G2,Positive,Positive,Positive,IA
T1c,N0,M0,p,ANY,ANY,ANY,G2,Positive,Positive,Positive,IA
T0,N1mi,M0,p,ANY,ANY,ANY,G2,Positive,Positive,Positive,IA
T1,N1mi,M0,p,ANY,ANY,ANY,G2,Positive,Positive,Positive,IA
T1mi,N1mi,M0,p,ANY,ANY,ANY,G2,Positive,Positive,Positive,IA
T1a,N1mi,M0,p,ANY,ANY,ANY,G2,Positive,Positive,Positive,IA
T1b,N1mi,M0,p,ANY,ANY,ANY,G2,Positive,Positive,Positive,IA
T1c,N1mi,M0,p,ANY,ANY,ANY,G2,Positive,Positive,Positive,IA
T1,N0,M0,p,ANY,ANY,ANY,G2,Positive,Positive,Negative,IA
T1mi,N0,M0,p,ANY,ANY,ANY,G2,Positive,Positive,Negative,IA
T1a,N0,M0,p,ANY,ANY,ANY,G2,Positive,Positive,Negative,IA
T1b,N0,M0,p,ANY,ANY,ANY,G2,Positive,Positive,Negative,IA
T1c,N0,M0,p,ANY,ANY,ANY,G2,Positive,Positive,Negative,IA
T0,N1mi,M0,p,ANY,ANY,ANY,G2,Positive,Positive,Negative,IA
T1,N1mi,M0,p,ANY,ANY,ANY,G2,Positive,Positive,Negative,IA
T1mi,N1mi,M0,p,ANY,ANY,ANY,G2,Positive,Positive,Negative,IA
T1a,N1mi,M0,p,ANY,ANY,ANY,G2,Positive,Positive,Negative,IA
T1b,N1mi,M0,p,ANY,ANY,ANY,G2,Positive,Positive,Negative,IA
T1c,N1mi,M0,p,ANY,ANY,ANY,G2,Positive,Positive,Negative,IA
T1,N0,M0,p,ANY,ANY,ANY,G2,Positive,Negative,Positive,IA
T1mi,N0,M0,p,ANY,ANY,ANY,G2,Positive,Negative,Positive,IA
T1a,N0,M0,p,ANY,ANY,ANY,G2,Positive,Negative,Positive,IA
T1b,N0,M0,p,ANY,ANY,ANY,G2,Positive,Negative,Positive,IA
T1c,N0,M0,p,ANY,ANY,ANY,G2,Positive,Negative,Positive,IA
T0,N1mi,M0,p,ANY,ANY,ANY,G2,Positive,Negative,Positive,IA
T1,N1mi,M0,p,ANY,ANY,ANY,G2,Positive,Negative,Positive,IA
T1mi,N1mi,M0,p,ANY,ANY,ANY,G2,Positive,Negative,Positive,IA
T1a,N1mi,M0,p,ANY,ANY,ANY,G2,Positive,Negative,Positive,IA
T1b,N1mi,M0,p,ANY,ANY,ANY,G2,Positive,Negative,Positive,IA
T1c,N1mi,M0,p,ANY,ANY,ANY,G2,Positive,Negative,Positive,IA
T1,N0,M0,p,ANY,ANY,ANY,G2,Positive,Negative,Negative,IA
T1mi,N0,M0,p,ANY,ANY,ANY,G2,Positive,Negative,Negative,IA
T1a,N0,M0,p,ANY,ANY,ANY,G2,Positive,Negative,Negative,IA
T1b,N0,M0,p,ANY,ANY,ANY,G2,Positive,Negative,Negative,IA
T1c,N0,M0,p,ANY,ANY,ANY,G2,Positive,Negative,Negative,IA
T0,N1mi,M0,p,ANY,ANY,ANY,G2,Positive,Negative,Negative,IA
T1,N1mi,M0,p,ANY,ANY,ANY,G2,Positive,Negative,Negative,IA
T1mi,N1mi,M0,p,ANY,ANY,ANY,G2,Positive,Negative,Negative,IA
T1a,N1mi,M0,p,ANY,ANY,ANY,G2,Positive,Negative,Negative,IA
T1b,N1mi,M0,p,ANY,ANY,ANY,G2,Positive,Negative,Negative,IA
T1c,N1mi,M0,p,ANY,ANY,ANY,G2,Positive,Negative,Negative,IA
T1,N0,M0,p,ANY,ANY,ANY,G2,Negative,Positive,Positive,IA
T1mi,N0,M0,p,ANY,ANY,ANY,G2,Negative,Positive,Positive,IA
T1a,N0,M0,p,ANY,ANY,ANY,G2,Negative,Positive,Positive,IA
T1b,N0,M0,p,ANY,ANY,ANY,G2,Negative,Positive,Positive,IA
T1c,N0,M0,p,ANY,ANY,ANY,G2,Negative,Positive,Positive,IA
T0,N1mi,M0,p,ANY,ANY,ANY,G2,Negative,Positive,Positive,IA
T1,N1mi,M0,p,ANY,ANY,ANY,G2,Negative,Positive,Positive,IA
T1mi,N1mi,M0,p,ANY,ANY,ANY,G2,Negative,Positive,Positive,IA
T1a,N1mi,M0,p,ANY,ANY,ANY,G2,Negative,Positive,Positive,IA
T1b,N1mi,M0,p,ANY,ANY,ANY,G2,Negative,Positive,Positive,IA
T1c,N1mi,M0,p,ANY,ANY,ANY,G2,Negative,Positive,Positive,IA
T1,N0,M0,p,ANY,ANY,ANY,G2,Negative,Positive,Negative,IA
T1mi,N0,M0,p,ANY,ANY,ANY,G2,Negative,Positive,Negative,IA
T1a,N0,M0,p,ANY,ANY,ANY,G2,Negative,Positive,Negative,IA
T1b,N0,M0,p,ANY,ANY,ANY,G2,Negative,Positive,Negative,IA
T1c,N0,M0,p,ANY,ANY,ANY,G2,Negative,Positive,Negative,IA
T0,N1mi,M0,p,ANY,ANY,ANY,G2,Negative,Positive,Negative,IA
T1,N1mi,M0,p,ANY,ANY,ANY,G2,Negative,Positive,Negative,IA
T1mi,N1mi,M0,p,ANY,ANY,ANY,G2,Negative,Positive,Negative,IA
T1a,N1mi,M0,p,ANY,ANY,ANY,G2,Negative,Positive,Negative,IA
T1b,N1mi,M0,p,ANY,ANY,ANY,G2,Negative,Positive,Negative,IA
T1c,N1mi,M0,p,ANY,ANY,ANY,G2,Negative,Positive,Negative,IA
T1,N0,M0,p,ANY,ANY,ANY,G2,Negative,Negative,Positive,IA
T1mi,N0,M0,p,ANY,ANY,ANY,G2,Negative,Negative,Positive,IA
T1a,N0,M0,p,ANY,ANY,ANY,G2,Negative,Negative,Positive,IA
T1b,N0,M0,p,ANY,ANY,ANY,G2,Negative,Negative,Positive,IA
T1c,N0,M0,p,ANY,ANY,ANY,G2,Negative,Negative,Positive,IA
T0,N1mi,M0,p,ANY,ANY,ANY,G2,Negative,Negative,Positive,IA
T1,N1mi,M0,p,ANY,ANY,ANY,G2,Negative,Negative,Positive,IA
T1mi,N1mi,M0,p,ANY,ANY,ANY,G2,Negative,Negative,Positive,IA
T1a,N1mi,M0,p,ANY,ANY,ANY,G2,Negative,Negative,Positive,IA
T1b,N1mi,M0,p,ANY,ANY,ANY,G2,Negative,Negative,Positive,IA
T1c,N1mi,M0,p,ANY,ANY,ANY,G2,Negative,Negative,Positive,IA
T1,N0,M0,p,ANY,ANY,ANY,G2,Negative,Negative,Negative,IB
T1mi,N0,M0,p,ANY,ANY,ANY,G2,Negative,Negative,Negative,IB
T1a,N0,M0,p,ANY,ANY,ANY,G2,Negative,Negative,Negative,IB
T1b,N0,M0,p,ANY,ANY,ANY,G2,Negative,Negative,Negative,IB
T1c,N0,M0,p,ANY,ANY,ANY,G2,Negative,Negative,Negative,IB
T0,N1mi,M0,p,ANY,ANY,ANY,G2,Negative,Negative,Negative,IB
T1,N1mi,M0,p,ANY,ANY,ANY,G2,Negative,Negative,Negative,IB
T1mi,N1mi,M0,p,ANY,ANY,ANY,G2,Negative,Negative,Negative,IB
T1a,N1mi,M0,p,ANY,ANY,ANY,G2,Negative,Negative,Negative,IB
T1b,N1mi,M0,p,ANY,ANY,ANY,G2,Negative,Negative,Negative,IB
T1c,N1mi,M0,p,ANY,ANY,ANY,G2,Negative,Negative,Negative,IB
T1,N0,M0,p,ANY,ANY,ANY,G3,Positive,Positive,Positive,IA
T1mi,N0,M0,p,ANY,ANY,ANY,G3,Positive,Positive,Positive,IA
T1a,N0,M0,p,ANY,ANY,ANY,G3,Positive,Positive,Positive,IA
T1b,N0,M0,p,ANY,ANY,ANY,G3,Positive,Positive,Positive,IA
T1c,N0,M0,p,ANY,ANY,ANY,G3,Positive,Positive,Positive,IA
T0,N1mi,M0,p,ANY,ANY,ANY,G3,Positive,Positive,Positive,IA
T1,N1mi,M0,p,ANY,ANY,ANY,G3,Positive,Positive,Positive,IA
T1mi,N1mi,M0,p,ANY,ANY,ANY,G3,Positive,Positive,Positive,IA
T1a,N1mi,M0,p,ANY,ANY,ANY,G3,Positive,Positive,Positive,IA
T1b,N1mi,M0,p,ANY,ANY,ANY,G3,Positive,Positive,Positive,IA
T1c,N1mi,M0,p,ANY,ANY,ANY,G3,Positive,Positive,Positive,IA
T1,N0,M0,p,ANY,ANY,ANY,G3,Positive,Positive,Negative,IA
T1mi,N0,M0,p,ANY,ANY,ANY,G3,Positive,Positive,Negative,IA
T1a,N0,M0,p,ANY,ANY,ANY,G3,Positive,Positive,Negative,IA
T1b,N0,M0,p,ANY,ANY,ANY,G3,Positive,Positive,Negative,IA
T1c,N0,M0,p,ANY,ANY,ANY,G3,Positive,Positive,Negative,IA
T0,N1mi,M0,p,ANY,ANY,ANY,G3,Positive,Positive,Negative,IA
T1,N1mi,M0,p,ANY,ANY,ANY,G3,Positive,Positive,Negative,IA
T1mi,N1mi,M0,p,ANY,ANY,ANY,G3,Positive,Positive,Negative,IA
T1a,N1mi,M0,p,ANY,ANY,ANY,G3,Positive,Positive,Negative,IA
T1b,N1mi,M0,p,ANY,ANY,ANY,G3,Positive,Positive,Negative,IA
T1c,N1mi,M0,p,ANY,ANY,ANY,G3,Positive,Positive,Negative,IA
T1,N0,M0,p,ANY,ANY,ANY,G3,Positive,Negative,Positive,IA
T1mi,N0,M0,p,ANY,ANY,ANY,G3,Positive,Negative,Positive,IA
T1a,N0,M0,p,ANY,ANY,ANY,G3,Positive,Negative,Positive,IA
T1b,N0,M0,p,ANY,ANY,ANY,G3,Positive,Negative,Positive,IA
T1c,N0,M0,p,ANY,ANY,ANY,G3,Positive,Negative,Positive,IA
T0,N1mi,M0,p,ANY,ANY,ANY,G3,Positive,Negative,Positive,IA
T1,N1mi,M0,p,ANY,ANY,ANY,G3,Positive,Negative,Positive,IA
T1mi,N1mi,M0,p,ANY,ANY,ANY,G3,Positive,Negative,Positive,IA
T1a,N1mi,M0,p,ANY,ANY,ANY,G3,Positive,Negative,Positive,IA
T1b,N1mi,M0,p,ANY,ANY,ANY,G3,Positive,Negative,Positive,IA
T1c,N1mi,M0,p,ANY,ANY,ANY,G3,Positive,Negative,Positive,IA
T1,N0,M0,p,ANY,ANY,ANY,G3,Positive,Negative,Negative,IA
T1mi,N0,M0,p,ANY,ANY,ANY,G3,Positive,Negative,Negative,IA
T1a,N0,M0,p,ANY,ANY,ANY,G3,Positive,Negative,Negative,IA
T1b,N0,M0,p,ANY,ANY,ANY,G3,Positive,Negative,Negative,IA
T1c,N0,M0,p,ANY,ANY,ANY,G3,Positive,Negative,Negative,IA
T0,N1mi,M0,p,ANY,ANY,ANY,G3,Positive,Negative,Negative,IA
T1,N1mi,M0,p,ANY,ANY,ANY,G3,Positive,Negative,Negative,IA
T1mi,N1mi,M0,p,ANY,ANY,ANY,G3,Positive,Negative,Negative,IA
T1a,N1mi,M0,p,ANY,ANY,ANY,G3,Positive,Negative,Negative,IA
T1b,N1mi,M0,p,ANY,ANY,ANY,G3,Positive,Negative,Negative,IA
T1c,N1mi,M0,p,ANY,ANY,ANY,G3,Positive,Negative,Negative,IA
T1,N0,M0,p,ANY,ANY,ANY,G3,Negative,Positive,Positive,IA
T1mi,N0,M0,p,ANY,ANY,ANY,G3,Negative,Positive,Positive,IA
T1a,N0,M0,p,ANY,ANY,ANY,G3,Negative,Positive,Positive,IA
T1b,N0,M0,p,ANY,ANY,ANY,G3,Negative,Positive,Positive,IA
T1c,N0,M0,p,ANY,ANY,ANY,G3,Negative,Positive,Positive,IA
T0,N1mi,M0,p,ANY,ANY,ANY,G3,Negative,Positive,Positive,IA
T1,N1mi,M0,p,ANY,ANY,ANY,G3,Negative,Positive,Positive,IA
T1mi,N1mi,M0,p,ANY,ANY,ANY,G3,Negative,Positive,Positive,IA
T1a,N1mi,M0,p,ANY,ANY,ANY,G3,Negative,Positive,Positive,IA
T1b,N1mi,M0,p,ANY,ANY,ANY,G3,Negative,Positive,Positive,IA
T1c,N1mi,M0,p,ANY,ANY,ANY,G3,Negative,Positive,Positive,IA
T1,N0,M0,p,ANY,ANY,ANY,G3,Negative,Positive,Negative,IA
T1mi,N0,M0,p,ANY,ANY,ANY,G3,Negative,Positive,Negative,IA
T1a,N0,M0,p,ANY,ANY,ANY,G3,Negative,Positive,Negative,IA
T1b,N0,M0,p,ANY,ANY,ANY,G3,Negative,Positive,Negative,IA
T1c,N0,M0,p,ANY,ANY,ANY,G3,Negative,Positive,Negative,IA
T0,N1mi,M0,p,ANY,ANY,ANY,G3,Negative,Positive,Negative,IA
T1,N1mi,M0,p,ANY,ANY,ANY,G3,Negative,Positive,Negative,IA
T1mi,N1mi,M0,p,ANY,ANY,ANY,G3,Negative,Positive,Negative,IA
T1a,N1mi,M0,p,ANY,ANY,ANY,G3,Negative,Positive,Negative,IA
T1b,N1mi,M0,p,ANY,ANY,ANY,G3,Negative,Positive,Negative,IA
T1c,N1mi,M0,p,ANY,ANY,ANY,G3,Negative,Positive,Negative,IA
T1,N0,M0,p,ANY,ANY,ANY,G3,Negative,Negative,Positive,IA
T1mi,N0,M0,p,ANY,ANY,ANY,G3,Negative,Negative,Positive,IA
T1a,N0,M0,p,ANY,ANY,ANY,G3,Negative,Negative,Positive,IA
T1b,N0,M0,p,ANY,ANY,ANY,G3,Negative,Negative,Positive,IA
T1c,N0,M0,p,ANY,ANY,ANY,G3,Negative,Negative,Positive,IA
T0,N1mi,M0,p,ANY,ANY,ANY,G3,Negative,Negative,Positive,IA
T1,N1mi,M0,p,ANY,ANY,ANY,G3,Negative,Negative,Positive,IA
T1mi,N1mi,M0,p,ANY,ANY,ANY,G3,Negative,Negative,Positive,IA
T1a,N1mi,M0,p,ANY,ANY,ANY,G3,Negative,Negative,Positive,IA
T1b,N1mi,M0,p,ANY,ANY,ANY,G3,Negative,Negative,Positive,IA
T1c,N1mi,M0,p,ANY,ANY,ANY,G3,Negative,Negative,Positive,IA
T1,N0,M0,p,ANY,ANY,ANY,G3,Negative,Negative,Negative,IB
T1mi,N0,M0,p,ANY,ANY,ANY,G3,Negative,Negative,Negative,IB
T1a,N0,M0,p,ANY,ANY,ANY,G3,Negative,Negative,Negative,IB
T1b,N0,M0,p,ANY,ANY,ANY,G3,Negative,Negative,Negative,IB
T1c,N0,M0,p,ANY,ANY,ANY,G3,Negative,Negative,Negative,IB
T0,N1mi,M0,p,ANY,ANY,ANY,G3,Negative,Negative,Negative,IB
T1,N1mi,M0,p,ANY,ANY,ANY,G3,Negative,Negative,Negative,IB
T1mi,N1mi,M0,p,ANY,ANY,ANY,G3,Negative,Negative,Negative,IB
T1a,N1mi,M0,p,ANY,ANY,ANY,G3,Negative,Negative,Negative,IB
T1b,N1mi,M0,p,ANY,ANY,ANY,G3,Negative,Negative,Negative,IB
T1c,N1mi,M0,p,ANY,ANY,ANY,G3,Negative,Negative,Negative,IB
T0,N1,M0,p,ANY,ANY,ANY,G1,Positive,Positive,Positive,IA
T0,N1a,M0,p,ANY,ANY,ANY,G1,Positive,Positive,Positive,IA
T0,N1b,M0,p,ANY,ANY,ANY,G1,Positive,Positive,Positive,IA
T0,N1c,M0,p,ANY,ANY,ANY,G1,Positive,Positive,Positive,IA
T1,N1,M0,p,ANY,ANY,ANY,G1,Positive,Positive,Positive,IA
T1,N1a,M0,p,ANY,ANY,ANY,G1,Positive,Positive,Positive,IA
T1,N1b,M0,p,ANY,ANY,ANY,G1,Positive,Positive,Positive,IA
T1,N1c,M0,p,ANY,ANY,ANY,G1,Positive,Positive,Positive,IA
T1mi,N1,M0,p,ANY,ANY,ANY,G1,Positive,Positive,Positive,IA
T1mi,N1a,M0,p,ANY,ANY,ANY,G1,Positive,Positive,Positive,IA
T1mi,N1b,M0,p,ANY,ANY,ANY,G1,Positive,Positive,Positive,IA
T1mi,N1c,M0,p,ANY,ANY,ANY,G1,Positive,Positive,Positive,IA
T1a,N1,M0,p,ANY,ANY,ANY,G1,Positive,Positive,Positive,IA
T1a,N1a,M0,p,ANY,ANY,ANY,G1,Positive,Positive,Positive,IA
T1a,N1b,M0,p,ANY,ANY,ANY,G1,Positive,Positive,Positive,IA
T1a,N1c,M0,p,ANY,ANY,ANY,G1,Positive,Positive,Positive,IA
T1b,N1,M0,p,ANY,ANY,ANY,G1,Positive,Positive,Positive,IA
T1b,N1a,M0,p,ANY,ANY,ANY,G1,Positive,Positive,Positive,IA
T1b,N1b,M0,p,ANY,ANY,ANY,G1,Positive,Positive,Positive,IA
T1b,N1c,M0,p,ANY,ANY,ANY,G1,Positive,Positive,Positive,IA
T1c,N1,M0,p,ANY,ANY,ANY,G1,Positive,Positive,Positive,IA
T1c,N1a,M0,p,ANY,ANY,ANY,G1,Positive,Positive,Positive,IA
T1c,N1b,M0,p,ANY,ANY,ANY,G1,Positive,Positive,Positive,IA
T1c,N1c,M0,p,ANY,ANY,ANY,G1,Positive,Positive,Positive,IA
T2,N0,M0,p,ANY,ANY,ANY,G1,Positive,Positive,Positive,IA
T0,N1,M0,p,ANY,ANY,ANY,G1,Positive,Positive,Negative,IB
T0,N1a,M0,p,ANY,ANY,ANY,G1,Positive,Positive,Negative,IB
T0,N1b,M0,p,ANY,ANY,ANY,G1,Positive,Positive,Negative,IB
T0,N1c,M0,p,ANY,ANY,ANY,G1,Positive,Positive,Negative,IB
T1,N1,M0,p,ANY,ANY,ANY,G1,Positive,Positive,Negative,IB
T1,N1a,M0,p,ANY,ANY,ANY,G1,Positive,Positive,Negative,IB
T1,N1b,M0,p,ANY,ANY,ANY,G1,Positive,Positive,Negative,IB
T1,N1c,M0,p,ANY,ANY,ANY,G1,Positive,Positive,Negative,IB
T1mi,N1,M0,p,ANY,ANY,ANY,G1,Positive,Positive,Negative,IB
T1mi,N1a,M0,p,ANY,ANY,ANY,G1,Positive,Positive,Negative,IB
T1mi,N1b,M0,p,ANY,ANY,ANY,G1,Positive,Positive,Negative,IB
T1mi,N1c,M0,p,ANY,ANY,ANY,G1,Positive,Positive,Negative,IB
T1a,N1,M0,p,ANY,ANY,ANY,G1,Positive,Positive,Negative,IB
T1a,N1a,M0,p,ANY,ANY,ANY,G1,Positive,Positive,Negative,IB
T1a,N1b,M0,p,ANY,ANY,ANY,G1,Positive,Positive,Negative,IB
T1a,N1c,M0,p,ANY,ANY,ANY,G1,Positive,Positive,Negative,IB
T1b,N1,M0,p,ANY,ANY,ANY,G1,Positive,Positive,Negative,IB
T1b,N1a,M0,p,ANY,ANY,ANY,G1,Positive,Positive,Negative,IB
T1b,N1b,M0,p,ANY,ANY,ANY,G1,Positive,Positive,Negative,IB
T1b,N1c,M0,p,ANY,ANY,ANY,G1,Positive,Positive,Negative,IB
T1c,N1,M0,p,ANY,ANY,ANY,G1,Positive,Positive,Negative,IB
T1c,N1a,M0,p,ANY,ANY,ANY,G1,Positive,Positive,Negative,IB
T1c,N1b,M0,p,ANY,ANY,ANY,G1,Positive,Positive,Negative,IB
T1c,N1c,M0,p,ANY,ANY,ANY,G1,Positive,Positive,Negative,IB
T2,N0,M0,p,ANY,ANY,ANY,G1,Positive,Positive,Negative,IB
T0,N1,M0,p,ANY,ANY,ANY,G1,Positive,Negative,Positive,IB
T0,N1a,M0,p,ANY,ANY,ANY,G1,Positive,Negative,Positive,IB
T0,N1b,M0,p,ANY,ANY,ANY,G1,Positive,Negative,Positive,IB
T0,N1c,M0,p,ANY,ANY,ANY,G1,Positive,Negative,Positive,IB
T1,N1,M0,p,ANY,ANY,ANY,G1,Positive,Negative,Positive,IB
T1,N1a,M0,p,ANY,ANY,ANY,G1,Positive,Negative,Positive,IB
T1,N1b,M0,p,ANY,ANY,ANY,G1,Positive,Negative,Positive,IB
T1,N1c,M0,p,ANY,ANY,ANY,G1,Positive,Negative,Positive,IB
T1mi,N1,M0,p,ANY,ANY,ANY,G1,Positive,Negative,Positive,IB
T1mi,N1a,M0,p,ANY,ANY,ANY,G1,Positive,Negative,Positive,IB
T1mi,N1b,M0,p,ANY,ANY,ANY,G1,Positive,Negative,Positive,IB
T1mi,N1c,M0,p,ANY,ANY,ANY,G1,Positive,Negative,Positive,IB
T1a,N1,M0,p,ANY,ANY,ANY,G1,Positive,Negative,Positive,IB
T1a,N1a,M0,p,ANY,ANY,ANY,G1,Positive,Negative,Positive,IB
T1a,N1b,M0,p,ANY,ANY,ANY,G1,Positive,Negative,Positive,IB
T1a,N1c,M0,p,ANY,ANY,ANY,G1,Positive,Negative,Positive,IB
T1b,N1,M0,p,ANY,ANY,ANY,G1,Positive,Negative,Positive,IB
T1b,N1a,M0,p,ANY,ANY,ANY,G1,Positive,Negative,Positive,IB
T1b,N1b,M0,p,ANY,ANY,ANY,G1,Positive,Negative,Positive,IB
T1b,N1c,M0,p,ANY,ANY,ANY,G1,Positive,Negative,Positive,IB
T1c,N1,M0,p,ANY,ANY,ANY,G1,Positive,Negative,Positive,IB
T1c,N1a,M0,p,ANY,ANY,ANY,G1,Positive,Negative,Positive,IB
T1c,N1b,M0,p,ANY,ANY,ANY,G1,Positive,Negative,Positive,IB
T1c,N1c,M0,p,ANY,ANY,ANY,G1,Positive,Negative,Positive,IB
T2,N0,M0,p,ANY,ANY,ANY,G1,Positive,Negative,Positive,IB
T0,N1,M0,p,ANY,ANY,ANY,G1,Positive,Negative,Negative,IIA
T0,N1a,M0,p,ANY,ANY,ANY,G1,Positive,Negative,Negative,IIA
T0,N1b,M0,p,ANY,ANY,ANY,G1,Positive,Negative,Negative,IIA
T0,N1c,M0,p,ANY,ANY,ANY,G1,Positive,Negative,Negative,IIA
T1,N1,M0,p,ANY,ANY,ANY,G1,Positive,Negative,Negative,IIA
T1,N1a,M0,p,ANY,ANY,ANY,G1,Positive,Negative,Negative,IIA
T1,N1b,M0,p,ANY,ANY,ANY,G1,Positive,Negative,Negative,IIA
T1,N1c,M0,p,ANY,ANY,ANY,G1,Positive,Negative,Negative,IIA
T1mi,N1,M0,p,ANY,ANY,ANY,G1,Positive,Negative,Negative,IIA
T1mi,N1a,M0,p,ANY,ANY,ANY,G1,Positive,Negative,Negative,IIA
T1mi,N1b,M0,p,ANY,ANY,ANY,G1,Positive,Negative,Negative,IIA
T1mi,N1c,M0,p,ANY,ANY,ANY,G1,Positive,Negative,Negative,IIA
T1a,N1,M0,p,ANY,ANY,ANY,G1,Positive,Negative,Negative,IIA
T1a,N1a,M0,p,ANY,ANY,ANY,G1,Positive,Negative,Negative,IIA
T1a,N1b,M0,p,ANY,ANY,ANY,G1,Positive,Negative,Negative,IIA
T1a,N1c,M0,p,ANY,ANY,ANY,G1,Positive,Negative,Negative,IIA
T1b,N1,M0,p,ANY,ANY,ANY,G1,Positive,Negative,Negative,IIA
T1b,N1a,M0,p,ANY,ANY,ANY,G1,Positive,Negative,Negative,IIA
T1b,N1b,M0,p,ANY,ANY,ANY,G1,Positive,Negative,Negative,IIA
T1b,N1c,M0,p,ANY,ANY,ANY,G1,Positive,Negative,Negative,IIA
T1c,N1,M0,p,ANY,ANY,ANY,G1,Positive,Negative,Negative,IIA
T1c,N1a,M0,p,ANY,ANY,ANY,G1,Positive,Negative,Negative,IIA
T1c,N1b,M0,p,ANY,ANY,ANY,G1,Positive,Negative,Negative,IIA
T1c,N1c,M0,p,ANY,ANY,ANY,G1,Positive,Negative,Negative,IIA
T2,N0,M0,p,ANY,ANY,ANY,G1,Positive,Negative,Negative,IIA
T0,N1,M0,p,ANY,ANY,ANY,G1,Negative,Positive,Positive,IA
T0,N1a,M0,p,ANY,ANY,ANY,G1,Negative,Positive,Positive,IA
T0,N1b,M0,p,ANY,ANY,ANY,G1,Negative,Positive,Positive,IA
T0,N1c,M0,p,ANY,ANY,ANY,G1,Negative,Positive,Positive,IA
T1,N1,M0,p,ANY,ANY,ANY,G1,Negative,Positive,Positive,IA
T1,N1a,M0,p,ANY,ANY,ANY,G1,Negative,Positive,Positive,IA
T1,N1b,M0,p,ANY,ANY,ANY,G1,Negative,Positive,Positive,IA
T1,N1c,M0,p,ANY,ANY,ANY,G1,Negative,Positive,Positive,IA
T1mi,N1,M0,p,ANY,ANY,ANY,G1,Negative,Positive,Positive,IA
T1mi,N1a,M0,p,ANY,ANY,ANY,G1,Negative,Positive,Positive,IA
T1mi,N1b,M0,p,ANY,ANY,ANY,G1,Negative,Positive,Positive,IA
T1mi,N1c,M0,p,ANY,ANY,ANY,G1,Negative,Positive,Positive,IA
T1a,N1,M0,p,ANY,ANY,ANY,G1,Negative,Positive,Positive,IA
T1a,N1a,M0,p,ANY,ANY,ANY,G1,Negative,Positive,Positive,IA
T1a,N1b,M0,p,ANY,ANY,ANY,G1,Negative,Positive,Positive,IA
T1a,N1c,M0,p,ANY,ANY,ANY,G1,Negative,Positive,Positive,IA
T1b,N1,M0,p,ANY,ANY,ANY,G1,Negative,Positive,Positive,IA
T1b,N1a,M0,p,ANY,ANY,ANY,G1,Negative,Positive,Positive,IA
T1b,N1b,M0,p,ANY,ANY,ANY,G1,Negative,Positive,Positive,IA
T1b,N1c,M0,p,ANY,ANY,ANY,G1,Negative,Positive,Positive,IA
T1c,N1,M0,p,ANY,ANY,ANY,G1,Negative,Positive,Positive,IA
T1c,N1a,M0,p,ANY,ANY,ANY,G1,Negative,Positive,Positive,IA
T1c,N1b,M0,p,ANY,ANY,ANY,G1,Negative,Positive,Positive,IA
T1c,N1c,M0,p,ANY,ANY,ANY,G1,Negative,Positive,Positive,IA
T2,N0,M0,p,ANY,ANY,ANY,G1,Negative,Positive,Positive,IA
T0,N1,M0,p,ANY,ANY,ANY,G1,Negative,Positive,Negative,IB
T0,N1a,M0,p,ANY,ANY,ANY,G1,Negative,Positive,Negative,IB
T0,N1b,M0,p,ANY,ANY,ANY,G1,Negative,Positive,Negative,IB
T0,N1c,M0,p,ANY,ANY,ANY,G1,Negative,Positive,Negative,IB
T1,N1,M0,p,ANY,ANY,ANY,G1,Negative,Positive,Negative,IB
T1,N1a,M0,p,ANY,ANY,ANY,G1,Negative,Positive,Negative,IB
T1,N1b,M0,p,ANY,ANY,ANY,G1,Negative,Positive,Negative,IB
T1,N1c,M0,p,ANY,ANY,ANY,G1,Negative,Positive,Negative,IB
T1mi,N1,M0,p,ANY,ANY,ANY,G1,Negative,Positive,Negative,IB
T1mi,N1a,M0,p,ANY,ANY,ANY,G1,Negative,Positive,Negative,IB
T1mi,N1b,M0,p,ANY,ANY,ANY,G1,Negative,Positive,Negative,IB
T1mi,N1c,M0,p,ANY,ANY,ANY,G1,Negative,Positive,Negative,IB
T1a,N1,M0,p,ANY,ANY,ANY,G1,Negative,Positive,Negative,IB
T1a,N1a,M0,p,ANY,ANY,ANY,G1,Negative,Positive,Negative,IB
T1a,N1b,M0,p,ANY,ANY,ANY,G1,Negative,Positive,Negative,IB
T1a,N1c,M0,p,ANY,ANY,ANY,G1,Negative,Positive,Negative,IB
T1b,N1,M0,p,ANY,ANY,ANY,G1,Negative,Positive,Negative,IB
T1b,N1a,M0,p,ANY,ANY,ANY,G1,Negative,Positive,Negative,IB
T1b,N1b,M0,p,ANY,ANY,ANY,G1,Negative,Positive,Negative,IB
T1b,N1c,M0,p,ANY,ANY,ANY,G1,Negative,Positive,Negative,IB
T1c,N1,M0,p,ANY,ANY,ANY,G1,Negative,Positive,Negative,IB
T1c,N1a,M0,p,ANY,ANY,ANY,G1,Negative,Positive,Negative,IB
T1c,N1b,M0,p,ANY,ANY,ANY,G1,Negative,Positive,Negative,IB
T1c,N1c,M0,p,ANY,ANY,ANY,G1,Negative,Positive,Negative,IB
T2,N0,M0,p,ANY,ANY,ANY,G1,Negative,Positive,Negative,IB
T0,N1,M0,p,ANY,ANY,ANY,G1,Negative,Negative,Positive,IB
T0,N1a,M0,p,ANY,ANY,ANY,G1,Negative,Negative,Positive,IB
T0,N1b,M0,p,ANY,ANY,ANY,G1,Negative,Negative,Positive,IB
T0,N1c,M0,p,ANY,ANY,ANY,G1,Negative,Negative,Positive,IB
T1,N1,M0,p,ANY,ANY,ANY,G1,Negative,Negative,Positive,IB
T1,N1a,M0,p,ANY,ANY,ANY,G1,Negative,Negative,Positive,IB
T1,N1b,M0,p,ANY,ANY,ANY,G1,Negative,Negative,Positive,IB
T1,N1c,M0,p,ANY,ANY,ANY,G1,Negative,Negative,Positive,IB
T1mi,N1,M0,p,ANY,ANY,ANY,G1,Negative,Negative,Positive,IB
T1mi,N1a,M0,p,ANY,ANY,ANY,G1,Negative,Negative,Positive,IB
T1mi,N1b,M0,p,ANY,ANY,ANY,G1,Negative,Negative,Positive,IB
T1mi,N1c,M0,p,ANY,ANY,ANY,G1,Negative,Negative,Positive,IB
T1a,N1,M0,p,ANY,ANY,ANY,G1,Negative,Negative,Positive,IB
T1a,N1a,M0,p,ANY,ANY,ANY,G1,Negative,Negative,Positive,IB
T1a,N1b,M0,p,ANY,ANY,ANY,G1,Negative,Negative,Positive,IB
T1a,N1c,M0,p,ANY,ANY,ANY,G1,Negative,Negative,Positive,IB
T1b,N1,M0,p,ANY,ANY,ANY,G1,Negative,Negative,Positive,IB
T1b,N1a,M0,p,ANY,ANY,ANY,G1,Negative,Negative,Positive,IB
T1b,N1b,M0,p,ANY,ANY,ANY,G1,Negative,Negative,Positive,IB
T1b,N1c,M0,p,ANY,ANY,ANY,G1,Negative,Negative,Positive,IB
T1c,N1,M0,p,ANY,ANY,ANY,G1,Negative,Negative,Positive,IB
T1c,N1a,M0,p,ANY,ANY,ANY,G1,Negative,Negative,Positive,IB
T1c,N1b,M0,p,ANY,ANY,ANY,G1,Negative,Negative,Positive,IB
T1c,N1c,M0,p,ANY,ANY,ANY,G1,Negative,Negative,Positive,IB
T2,N0,M0,p,ANY,ANY,ANY,G1,Negative,Negative,Positive,IB
T0,N1,M0,p,ANY,ANY,ANY,G1,Negative,Negative,Negative,IIA
T0,N1a,M0,p,ANY,ANY,ANY,G1,Negative,Negative,Negative,IIA
T0,N1b,M0,p,ANY,ANY,ANY,G1,Negative,Negative,Negative,IIA
T0,N1c,M0,p,ANY,ANY,ANY,G1,Negative,Negative,Negative,IIA
T1,N1,M0,p,ANY,ANY,ANY,G1,Negative,Negative,Negative,IIA
T1,N1a,M0,p,ANY,ANY,ANY,G1,Negative,Negative,Negative,IIA
T1,N1b,M0,p,ANY,ANY,ANY,G1,Negative,Negative,Negative,IIA
T1,N1c,M0,p,ANY,ANY,ANY,G1,Negative,Negative,Negative,IIA
T1mi,N1,M0,p,ANY,ANY,ANY,G1,Negative,Negative,Negative,IIA
T1mi,N1a,M0,p,ANY,ANY,ANY,G1,Negative,Negative,Negative,IIA
T1mi,N1b,M0,p,ANY,ANY,ANY,G1,Negative,Negative,Negative,IIA
T1mi,N1c,M0,p,ANY,ANY,ANY,G1,Negative,Negative,Negative,IIA
T1a,N1,M0,p,ANY,ANY,ANY,G1,Negative,Negative,Negative,IIA
T1a,N1a,M0,p,ANY,ANY,ANY,G1,Negative,Negative,Negative,IIA
T1a,N1b,M0,p,ANY,ANY,ANY,G1,Negative,Negative,Negative,IIA
T1a,N1c,M0,p,ANY,ANY,ANY,G1,Negative,Negative,Negative,IIA
T1b,N1,M0,p,ANY,ANY,ANY,G1,Negative,Negative,Negative,IIA
T1b,N1a,M0,p,ANY,ANY,ANY,G1,Negative,Negative,Negative,IIA
T1b,N1b,M0,p,ANY,ANY,ANY,G1,Negative,Negative,Negative,IIA
T1b,N1c,M0,p,ANY,ANY,ANY,G1,Negative,Negative,Negative,IIA
T1c,N1,M0,p,ANY,ANY,ANY,G1,Negative,Negative,Negative,IIA
T1c,N1a,M0,p,ANY,ANY,ANY,G1,Negative,Negative,Negative,IIA
T1c,N1b,M0,p,ANY,ANY,ANY,G1,Negative,Negative,Negative,IIA
T1c,N1c,M0,p,ANY,ANY,ANY,G1,Negative,Negative,Negative,IIA
T2,N0,M0,p,ANY,ANY,ANY,G1,Negative,Negative,Negative,IIA
T0,N1,M0,p,ANY,ANY,ANY,G2,Positive,Positive,Positive,IA
T0,N1a,M0,p,ANY,ANY,ANY,G2,Positive,Positive,Positive,IA
T0,N1b,M0,p,ANY,ANY,ANY,G2,Positive,Positive,Positive,IA
T0,N1c,M0,p,ANY,ANY,ANY,G2,Positive,Positive,Positive,IA
T1,N1,M0,p,ANY,ANY,ANY,G2,Positive,Positive,Positive,IA
T1,N1a,M0,p,ANY,ANY,ANY,G2,Positive,Positive,Positive,IA
T1,N1b,M0,p,ANY,ANY,ANY,G2,Positive,Positive,Positive,IA
T1,N1c,M0,p,ANY,ANY,ANY,G2,Positive,Positive,Positive,IA
T1mi,N1,M0,p,ANY,ANY,ANY,G2,Positive,Positive,Positive,IA
T1mi,N1a,M0,p,ANY,ANY,ANY,G2,Positive,Positive,Positive,IA
T1mi,N1b,M0,p,ANY,ANY,ANY,G2,Positive,Positive,Positive,IA
T1mi,N1c,M0,p,ANY,ANY,ANY,G2,Positive,Positive,Positive,IA
T1a,N1,M0,p,ANY,ANY,ANY,G2,Positive,Positive,Positive,IA
T1a,N1a,M0,p,ANY,ANY,ANY,G2,Positive,Positive,Positive,IA
T1a,N1b,M0,p,ANY,ANY,ANY,G2,Positive,Positive,Positive,IA
T1a,N1c,M0,p,ANY,ANY,ANY,G2,Positive,Positive,Positive,IA
T1b,N1,M0,p,ANY,ANY,ANY,G2,Positive,Positive,Positive,IA
T1b,N1a,M0,p,ANY,ANY,ANY,G2,Positive,Positive,Positive,IA
T1b,N1b,M0,p,ANY,ANY,ANY,G2,Positive,Positive,Positive,IA
T1b,N1c,M0,p,ANY,ANY,ANY,G2,Positive,Positive,Positive,IA
T1c,N1,M0,p,ANY,ANY,ANY,G2,Positive,Positive,Positive,IA
T1c,N1a,M0,p,ANY,ANY,ANY,G2,Positive,Positive,Positive,IA
T1c,N1b,M0,p,ANY,ANY,ANY,G2,Positive,Positive,Positive,IA
T1c,N1c,M0,p,ANY,ANY,ANY,G2,Positive,Positive,Positive,IA
T2,N0,M0,p,ANY,ANY,ANY,G2,Positive,Positive,Positive,IA
T0,N1,M0,p,ANY,ANY,ANY,G2,Positive,Positive,Negative,IB
T0,N1a,M0,p,ANY,ANY,ANY,G2,Positive,Positive,Negative,IB
T0,N1b,M0,p,ANY,ANY,ANY,G2,Positive,Positive,Negative,IB
T0,N1c,M0,p,ANY,ANY,ANY,G2,Positive,Positive,Negative,IB
T1,N1,M0,p,ANY,ANY,ANY,G2,Positive,Positive,Negative,IB
T1,N1a,M0,p,ANY,ANY,ANY,G2,Positive,Positive,Negative,IB
T1,N1b,M0,p,ANY,ANY,ANY,G2,Positive,Positive,Negative,IB
T1,N1c,M0,p,ANY,ANY,ANY,G2,Positive,Positive,Negative,IB
T1mi,N1,M0,p,ANY,ANY,ANY,G2,Positive,Positive,Negative,IB
T1mi,N1a,M0,p,ANY,ANY,ANY,G2,Positive,Positive,Negative,IB
T1mi,N1b,M0,p,ANY,ANY,ANY,G2,Positive,Positive,Negative,IB
T1mi,N1c,M0,p,ANY,ANY,ANY,G2,Positive,Positive,Negative,IB
T1a,N1,M0,p,ANY,ANY,ANY,G2,Positive,Positive,Negative,IB
T1a,N1a,M0,p,ANY,ANY,ANY,G2,Positive,Positive,Negative,IB
T1a,N1b,M0,p,ANY,ANY,ANY,G2,Positive,Positive,Negative,IB
T1a,N1c,M0,p,ANY,ANY,ANY,G2,Positive,Positive,Negative,IB
T1b,N1,M0,p,ANY,ANY,ANY,G2,Positive,Positive,Negative,IB
T1b,N1a,M0,p,ANY,ANY,ANY,G2,Positive,Positive,Negative,IB
T1b,N1b,M0,p,ANY,ANY,ANY,G2,Positive,Positive,Negative,IB
T1b,N1c,M0,p,ANY,ANY,ANY,G2,Positive,Positive,Negative,IB
T1c,N1,M0,p,ANY,ANY,ANY,G2,Positive,Positive,Negative,IB
T1c,N1a,M0,p,ANY,ANY,ANY,G2,Positive,Positive,Negative,IB
T1c,N1b,M0,p,ANY,ANY,ANY,G2,Positive,Positive,Negative,IB
T1c,N1c,M0,p,ANY,ANY,ANY,G2,Positive,Positive,Negative,IB
T2,N0,M0,p,ANY,ANY,ANY,G2,Positive,Positive,Negative,IB
T0,N1,M0,p,ANY,ANY,ANY,G2,Positive,Negative,Positive,IB
T0,N1a,M0,p,ANY,ANY,ANY,G2,Positive,Negative,Positive,IB
T0,N1b,M0,p,ANY,ANY,ANY,G2,Positive,Negative,Positive,IB
T0,N1c,M0,p,ANY,ANY,ANY,G2,Positive,Negative,Positive,IB
T1,N1,M0,p,ANY,ANY,ANY,G2,Positive,Negative,Positive,IB
T1,N1a,M0,p,ANY,ANY,ANY,G2,Positive,Negative,Positive,IB
T1,N1b,M0,p,ANY,ANY,ANY,G2,Positive,Negative,Positive,IB
T1,N1c,M0,p,ANY,ANY,ANY,G2,Positive,Negative,Positive,IB
T1mi,N1,M0,p,ANY,ANY,ANY,G2,Positive,Negative,Positive,IB
T1mi,N1a,M0,p,ANY,ANY,ANY,G2,Positive,Negative,Positive,IB
T1mi,N1b,M0,p,ANY,ANY,ANY,G2,Positive,Negative,Positive,IB
T1mi,N1c,M0,p,ANY,ANY,ANY,G2,Positive,Negative,Positive,IB
T1a,N1,M0,p,ANY,ANY,ANY,G2,Positive,Negative,Positive,IB
T1a,N1a,M0,p,ANY,ANY,ANY,G2,Positive,Negative,Positive,IB
T1a,N1b,M0,p,ANY,ANY,ANY,G2,Positive,Negative,Positive,IB
T1a,N1c,M0,p,ANY,ANY,ANY,G2,Positive,Negative,Positive,IB
T1b,N1,M0,p,ANY,ANY,ANY,G2,Positive,Negative,Positive,IB
T1b,N1a,M0,p,ANY,ANY,ANY,G2,Positive,Negative,Positive,IB
T1b,N1b,M0,p,ANY,ANY,ANY,G2,Positive,Negative,Positive,IB
T1b,N1c,M0,p,ANY,ANY,ANY,G2,Positive,Negative,Positive,IB
T1c,N1,M0,p,ANY,ANY,ANY,G2,Positive,Negative,Positive,IB
T1c,N1a,M0,p,ANY,ANY,ANY,G2,Positive,Negative,Positive,IB
T1c,N1b,M0,p,ANY,ANY,ANY,G2,Positive,Negative,Positive,IB
T1c,N1c,M0,p,ANY,ANY,ANY,G2,Positive,Negative,Positive,IB
T2,N0,M0,p,ANY,ANY,ANY,G2,Positive,Negative,Positive,IB
T0,N1,M0,p,ANY,ANY,ANY,G2,Positive,Negative,Negative,IIA
T0,N1a,M0,p,ANY,ANY,ANY,G2,Positive,Negative,Negative,IIA
T0,N1b,M0,p,ANY,ANY,ANY,G2,Positive,Negative,Negative,IIA
T0,N1c,M0,p,ANY,ANY,ANY,G2,Positive,Negative,Negative,IIA
T1,N1,M0,p,ANY,ANY,ANY,G2,Positive,Negative,Negative,IIA
T1,N1a,M0,p,ANY,ANY,ANY,G2,Positive,Negative,Negative,IIA
T1,N1b,M0,p,ANY,ANY,ANY,G2,Positive,Negative,Negative,IIA
T1,N1c,M0,p,ANY,ANY,ANY,G2,Positive,Negative,Negative,IIA
T1mi,N1,M0,p,ANY,ANY,ANY,G2,Positive,Negative,Negative,IIA
T1mi,N1a,M0,p,ANY,ANY,ANY,G2,Positive,Negative,Negative,IIA
T1mi,N1b,M0,p,ANY,ANY,ANY,G2,Positive,Negative,Negative,IIA
T1mi,N1c,M0,p,ANY,ANY,ANY,G2,Positive,Negative,Negative,IIA
T1a,N1,M0,p,ANY,ANY,ANY,G2,Positive,Negative,Negative,IIA
T1a,N1a,M0,p,ANY,ANY,ANY,G2,Positive,Negative,Negative,IIA
T1a,N1b,M0,p,ANY,ANY,ANY,G2,Positive,Negative,Negative,IIA
T1a,N1c,M0,p,ANY,ANY,ANY,G2,Positive,Negative,Negative,IIA
T1b,N1,M0,p,ANY,ANY,ANY,G2,Positive,Negative,Negative,IIA
T1b,N1a,M0,p,ANY,ANY,ANY,G2,Positive,Negative,Negative,IIA
T1b,N1b,M0,p,ANY,ANY,ANY,G2,Positive,Negative,Negative,IIA
T1b,N1c,M0,p,ANY,ANY,ANY,G2,Positive,Negative,Negative,IIA
T1c,N1,M0,p,ANY,ANY,ANY,G2,Positive,Negative,Negative,IIA
T1c,N1a,M0,p,ANY,ANY,ANY,G2,Positive,Negative,Negative,IIA
T1c,N1b,M0,p,ANY,ANY,ANY,G2,Positive,Negative,Negative,IIA
T1c,N1c,M0,p,ANY,ANY,ANY,G2,Positive,Negative,Negative,IIA
T2,N0,M0,p,ANY,ANY,ANY,G2,Positive,Negative,Negative,IIA
T0,N1,M0,p,ANY,ANY,ANY,G2,Negative,Positive,Positive,IA
T0,N1a,M0,p,ANY,ANY,ANY,G2,Negative,Positive,Positive,IA
T0,N1b,M0,p,ANY,ANY,ANY,G2,Negative,Positive,Positive,IA
T0,N1c,M0,p,ANY,ANY,ANY,G2,Negative,Positive,Positive,IA
T1,N1,M0,p,ANY,ANY,ANY,G2,Negative,Positive,Positive,IA
T1,N1a,M0,p,ANY,ANY,ANY,G2,Negative,Positive,Positive,IA
T1,N1b,M0,p,ANY,ANY,ANY,G2,Negative,Positive,Positive,IA
T1,N1c,M0,p,ANY,ANY,ANY,G2,Negative,Positive,Positive,IA
T1mi,N1,M0,p,ANY,ANY,ANY,G2,Negative,Positive,Positive,IA
T1mi,N1a,M0,p,ANY,ANY,ANY,G2,Negative,Positive,Positive,IA
T1mi,N1b,M0,p,ANY,ANY,ANY,G2,Negative,Positive,Positive,IA
T1mi,N1c,M0,p,ANY,ANY,ANY,G2,Negative,Positive,Positive,IA
T1a,N1,M0,p,ANY,ANY,ANY,G2,Negative,Positive,Positive,IA
T1a,N1a,M0,p,ANY,ANY,ANY,G2,Negative,Positive,Positive,IA
T1a,N1b,M0,p,ANY,ANY,ANY,G2,Negative,Positive,Positive,IA
T1a,N1c,M0,p,ANY,ANY,ANY,G2,Negative,Positive,Positive,IA
T1b,N1,M0,p,ANY,ANY,ANY,G2,Negative,Positive,Positive,IA
T1b,N1a,M0,p,ANY,ANY,ANY,G2,Negative,Positive,Positive,IA
T1b,N1b,M0,p,ANY,ANY,ANY,G2,Negative,Positive,Positive,IA
T1b,N1c,M0,p,ANY,ANY,ANY,G2,Negative,Positive,Positive,IA
T1c,N1,M0,p,ANY,ANY,ANY,G2,Negative,Positive,Positive,IA
T1c,N1a,M0,p,ANY,ANY,ANY,G2,Negative,Positive,Positive,IA
T1c,N1b,M0,p,ANY,ANY,ANY,G2,Negative,Positive,Positive,IA
T1c,N1c,M0,p,ANY,ANY,ANY,G2,Negative,Positive,Positive,IA
T2,N0,M0,p,ANY,ANY,ANY,G2,Negative,Positive,Positive,IA
T0,N1,M0,p,ANY,ANY,ANY,G2,Negative,Positive,Negative,IIA
T0,N1a,M0,p,ANY,ANY,ANY,G2,Negative,Positive,Negative,IIA
T0,N1b,M0,p,ANY,ANY,ANY,G2,Negative,Positive,Negative,IIA
T0,N1c,M0,p,ANY,ANY,ANY,G2,Negative,Positive,Negative,IIA
T1,N1,M0,p,ANY,ANY,ANY,G2,Negative,Positive,Negative,IIA
T1,N1a,M0,p,ANY,ANY,ANY,G2,Negative,Positive,Negative,IIA
T1,N1b,M0,p,ANY,ANY,ANY,G2,Negative,Positive,Negative,IIA
T1,N1c,M0,p,ANY,ANY,ANY,G2,Negative,Positive,Negative,IIA
T1mi,N1,M0,p,ANY,ANY,ANY,G2,Negative,Positive,Negative,IIA
T1mi,N1a,M0,p,ANY,ANY,ANY,G2,Negative,Positive,Negative,IIA
T1mi,N1b,M0,p,ANY,ANY,ANY,G2,Negative,Positive,Negative,IIA
T1mi,N1c,M0,p,ANY,ANY,ANY,G2,Negative,Positive,Negative,IIA
T1a,N1,M0,p,ANY,ANY,ANY,G2,Negative,Positive,Negative,IIA
T1a,N1a,M0,p,ANY,ANY,ANY,G2,Negative,Positive,Negative,IIA
T1a,N1b,M0,p,ANY,ANY,ANY,G2,Negative,Positive,Negative,IIA
T1a,N1c,M0,p,ANY,ANY,ANY,G2,Negative,Positive,Negative,IIA
T1b,N1,M0,p,ANY,ANY,ANY,G2,Negative,Positive,Negative,IIA
T1b,N1a,M0,p,ANY,ANY,ANY,G2,Negative,Positive,Negative,IIA
T1b,N1b,M0,p,ANY,ANY,ANY,G2,Negative,Positive,Negative,IIA
T1b,N1c,M0,p,ANY,ANY,ANY,G2,Negative,Positive,Negative,IIA
T1c,N1,M0,p,ANY,ANY,ANY,G2,Negative,Positive,Negative,IIA
T1c,N1a,M0,p,ANY,ANY,ANY,G2,Negative,Positive,Negative,IIA
T1c,N1b,M0,p,ANY,ANY,ANY,G2,Negative,Positive,Negative,IIA
T1c,N1c,M0,p,ANY,ANY,ANY,G2,Negative,Positive,Negative,IIA
T2,N0,M0,p,ANY,ANY,ANY,G2,Negative,Positive,Negative,IIA
T0,N1,M0,p,ANY,ANY,ANY,G2,Negative,Negative,Positive,IIA
T0,N1a,M0,p,ANY,ANY,ANY,G2,Negative,Negative,Positive,IIA
T0,N1b,M0,p,ANY,ANY,ANY,G2,Negative,Negative,Positive,IIA
T0,N1c,M0,p,ANY,ANY,ANY,G2,Negative,Negative,Positive,IIA
T1,N1,M0,p,ANY,ANY,ANY,G2,Negative,Negative,Positive,IIA
T1,N1a,M0,p,ANY,ANY,ANY,G2,Negative,Negative,Positive,IIA
T1,N1b,M0,p,ANY,ANY,ANY,G2,Negative,Negative,Positive,IIA
T1,N1c,M0,p,ANY,ANY,ANY,G2,Negative,Negative,Positive,IIA
T1mi,N1,M0,p,ANY,ANY,ANY,G2,Negative,Negative,Positive,IIA
T1mi,N1a,M0,p,ANY,ANY,ANY,G2,Negative,Negative,Positive,IIA
T1mi,N1b,M0,p,ANY,ANY,ANY,G2,Negative,Negative,Positive,IIA
T1mi,N1c,M0,p,ANY,ANY,ANY,G2,Negative,Negative,Positive,IIA
T1a,N1,M0,p,ANY,ANY,ANY,G2,Negative,Negative,Positive,IIA
T1a,N1a,M0,p,ANY,ANY,ANY,G2,Negative,Negative,Positive,IIA
T1a,N1b,M0,p,ANY,ANY,ANY,G2,Negative,Negative,Positive,IIA
T1a,N1c,M0,p,ANY,ANY,ANY,G2,Negative,Negative,Positive,IIA
T1b,N1,M0,p,ANY,ANY,ANY,G2,Negative,Negative,Positive,IIA
T1b,N1a,M0,p,ANY,ANY,ANY,G2,Negative,Negative,Positive,IIA
T1b,N1b,M0,p,ANY,ANY,ANY,G2,Negative,Negative,Positive,IIA
T1b,N1c,M0,p,ANY,ANY,ANY,G2,Negative,Negative,Positive,IIA
T1c,N1,M0,p,ANY,ANY,ANY,G2,Negative,Negative,Positive,IIA
T1c,N1a,M0,p,ANY,ANY,ANY,G2,Negative,Negative,Positive,IIA
T1c,N1b,M0,p,ANY,ANY,ANY,G2,Negative,Negative,Positive,IIA
T1c,N1c,M0,p,ANY,ANY,ANY,G2,Negative,Negative,Positive,IIA
T2,N0,M0,p,ANY,ANY,ANY,G2,Negative,Negative,Positive,IIA
T0,N1,M0,p,ANY,ANY,ANY,G2,Negative,Negative,Negative,IIA
T0,N1a,M0,p,ANY,ANY,ANY,G2,Negative,Negative,Negative,IIA
T0,N1b,M0,p,ANY,ANY,ANY,G2,Negative,Negative,Negative,IIA
T0,N1c,M0,p,ANY,ANY,ANY,G2,Negative,Negative,Negative,IIA
T1,N1,M0,p,ANY,ANY,ANY,G2,Negative,Negative,Negative,IIA
T1,N1a,M0,p,ANY,ANY,ANY,G2,Negative,Negative,Negative,IIA
T1,N1b,M0,p,ANY,ANY,ANY,G2,Negative,Negative,Negative,IIA
T1,N1c,M0,p,ANY,ANY,ANY,G2,Negative,Negative,Negative,IIA
T1mi,N1,M0,p,ANY,ANY,ANY,G2,Negative,Negative,Negative,IIA
T1mi,N1a,M0,p,ANY,ANY,ANY,G2,Negative,Negative,Negative,IIA
T1mi,N1b,M0,p,ANY,ANY,ANY,G2,Negative,Negative,Negative,IIA
T1mi,N1c,M0,p,ANY,ANY,ANY,G2,Negative,Negative,Negative,IIA
T1a,N1,M0,p,ANY,ANY,ANY,G2,Negative,Negative,Negative,IIA
T1a,N1a,M0,p,ANY,ANY,ANY,G2,Negative,Negative,Negative,IIA
T1a,N1b,M0,p,ANY,ANY,ANY,G2,Negative,Negative,Negative,IIA
T1a,N1c,M0,p,ANY,ANY,ANY,G2,Negative,Negative,Negative,IIA
T1b,N1,M0,p,ANY,ANY,ANY,G2,Negative,Negative,Negative,IIA
T1b,N1a,M0,p,ANY,ANY,ANY,G2,Negative,Negative,Negative,IIA
T1b,N1b,M0,p,ANY,ANY,ANY,G2,Negative,Negative,Negative,IIA
T1b,N1c,M0,p,ANY,ANY,ANY,G2,Negative,Negative,Negative,IIA
T1c,N1,M0,p,ANY,ANY,ANY,G2,Negative,Negative,Negative,IIA
T1c,N1a,M0,p,ANY,ANY,ANY,G2,Negative,Negative,Negative,IIA
T1c,N1b,M0,p,ANY,ANY,ANY,G2,Negative,Negative,Negative,IIA
T1c,N1c,M0,p,ANY,ANY,ANY,G2,Negative,Negative,Negative,IIA
T2,N0,M0,p,ANY,ANY,ANY,G2,Negative,Negative,Negative,IIA
T0,N1,M0,p,ANY,ANY,ANY,G3,Positive,Positive,Positive,IA
T0,N1a,M0,p,ANY,ANY,ANY,G3,Positive,Positive,Positive,IA
T0,N1b,M0,p,ANY,ANY,ANY,G3,Positive,Positive,Positive,IA
T0,N1c,M0,p,ANY,ANY,ANY,G3,Positive,Positive,Positive,IA
T1,N1,M0,p,ANY,ANY,ANY,G3,Positive,Positive,Positive,IA
T1,N1a,M0,p,ANY,ANY,ANY,G3,Positive,Positive,Positive,IA
T1,N1b,M0,p,ANY,ANY,ANY,G3,Positive,Positive,Positive,IA
T1,N1c,M0,p,ANY,ANY,ANY,G3,Positive,Positive,Positive,IA
T1mi,N1,M0,p,ANY,ANY,ANY,G3,Positive,Positive,Positive,IA
T1mi,N1a,M0,p,ANY,ANY,ANY,G3,Positive,Positive,Positive,IA
T1mi,N1b,M0,p,ANY,ANY,ANY,G3,Positive,Positive,Positive,IA
T1mi,N1c,M0,p,ANY,ANY,ANY,G3,Positive,Positive,Positive,IA
T1a,N1,M0,p,ANY,ANY,ANY,G3,Positive,Positive,Positive,IA
T1a,N1a,M0,p,ANY,ANY,ANY,G3,Positive,Positive,Positive,IA
T1a,N1b,M0,p,ANY,ANY,ANY,G3,Positive,Positive,Positive,IA
T1a,N1c,M0,p,ANY,ANY,ANY,G3,Positive,Positive,Positive,IA
T1b,N1,M0,p,ANY,ANY,ANY,G3,Positive,Positive,Positive,IA
T1b,N1a,M0,p,ANY,ANY,ANY,G3,Positive,Positive,Positive,IA
T1b,N1b,M0,p,ANY,ANY,ANY,G3,Positive,Positive,Positive,IA
T1b,N1c,M0,p,ANY,ANY,ANY,G3,Positive,Positive,Positive,IA
T1c,N1,M0,p,ANY,ANY,ANY,G3,Positive,Positive,Positive,IA
T1c,N1a,M0,p,ANY,ANY,ANY,G3,Positive,Positive,Positive,IA
T1c,N1b,M0,p,ANY,ANY,ANY,G3,Positive,Positive,Positive,IA
T1c,N1c,M0,p,ANY,ANY,ANY,G3,Positive,Positive,Positive,IA
T2,N0,M0,p,ANY,ANY,ANY,G3,Positive,Positive,Positive,IA
T0,N1,M0,p,ANY,ANY,ANY,G3,Positive,Positive,Negative,IIA
T0,N1a,M0,p,ANY,ANY,ANY,G3,Positive,Positive,Negative,IIA
T0,N1b,M0,p,ANY,ANY,ANY,G3,Positive,Positive,Negative,IIA
T0,N1c,M0,p,ANY,ANY,ANY,G3,Positive,Positive,Negative,IIA
T1,N1,M0,p,ANY,ANY,ANY,G3,Positive,Positive,Negative,IIA
T1,N1a,M0,p,ANY,ANY,ANY,G3,Positive,Positive,Negative,IIA
T1,N1b,M0,p,ANY,ANY,ANY,G3,Positive,Positive,Negative,IIA
T1,N1c,M0,p,ANY,ANY,ANY,G3,Positive,Positive,Negative,IIA
T1mi,N1,M0,p,ANY,ANY,ANY,G3,Positive,Positive,Negative,IIA
T1mi,N1a,M0,p,ANY,ANY,ANY,G3,Positive,Positive,Negative,IIA
T1mi,N1b,M0,p,ANY,ANY,ANY,G3,Positive,Positive,Negative,IIA
T1mi,N1c,M0,p,ANY,ANY,ANY,G3,Positive,Positive,Negative,IIA
T1a,N1,M0,p,ANY,ANY,ANY,G3,Positive,Positive,Negative,IIA
T1a,N1a,M0,p,ANY,ANY,ANY,G3,Positive,Positive,Negative,IIA
T1a,N1b,M0,p,ANY,ANY,ANY,G3,Positive,Positive,Negative,IIA
T1a,N1c,M0,p,ANY,ANY,ANY,G3,Positive,Positive,Negative,IIA
T1b,N1,M0,p,ANY,ANY,ANY,G3,Positive,Positive,Negative,IIA
T1b,N1a,M0,p,ANY,ANY,ANY,G3,Positive,Positive,Negative,IIA
T1b,N1b,M0,p,ANY,ANY,ANY,G3,Positive,Positive,Negative,IIA
T1b,N1c,M0,p,ANY,ANY,ANY,G3,Positive,Positive,Negative,IIA
T1c,N1,M0,p,ANY,ANY,ANY,G3,Positive,Positive,Negative,IIA
T1c,N1a,M0,p,ANY,ANY,ANY,G3,Positive,Positive,Negative,IIA
T1c,N1b,M0,p,ANY,ANY,ANY,G3,Positive,Positive,Negative,IIA
T1c,N1c,M0,p,ANY,ANY,ANY,G3,Positive,Positive,Negative,IIA
T2,N0,M0,p,ANY,ANY,ANY,G3,Positive,Positive,Negative,IIA
T0,N1,M0,p,ANY,ANY,ANY,G3,Positive,Negative,Positive,IIA
T0,N1a,M0,p,ANY,ANY,ANY,G3,Positive,Negative,Positive,IIA
T0,N1b,M0,p,ANY,ANY,ANY,G3,Positive,Negative,Positive,IIA
T0,N1c,M0,p,ANY,ANY,ANY,G3,Positive,Negative,Positive,IIA
T1,N1,M0,p,ANY,ANY,ANY,G3,Positive,Negative,Positive,IIA
T1,N1a,M0,p,ANY,ANY,ANY,G3,Positive,Negative,Positive,IIA
T1,N1b,M0,p,ANY,ANY,ANY,G3,Positive,Negative,Positive,IIA
T1,N1c,M0,p,ANY,ANY,ANY,G3,Positive,Negative,Positive,IIA
T1mi,N1,M0,p,ANY,ANY,ANY,G3,Positive,Negative,Positive,IIA
T1mi,N1a,M0,p,ANY,ANY,ANY,G3,Positive,Negative,Positive,IIA
T1mi,N1b,M0,p,ANY,ANY,ANY,G3,Positive,Negative,Positive,IIA
T1mi,N1c,M0,p,ANY,ANY,ANY,G3,Positive,Negative,Positive,IIA
T1a,N1,M0,p,ANY,ANY,ANY,G3,Positive,Negative,Positive,IIA
T1a,N1a,M0,p,ANY,ANY,ANY,G3,Positive,Negative,Positive,IIA
T1a,N1b,M0,p,ANY,ANY,ANY,G3,Positive,Negative,Positive,IIA
T1a,N1c,M0,p,ANY,ANY,ANY,G3,Positive,Negative,Positive,IIA
T1b,N1,M0,p,ANY,ANY,ANY,G3,Positive,Negative,Positive,IIA
T1b,N1a,M0,p,ANY,ANY,ANY,G3,Positive,Negative,Positive,IIA
T1b,N1b,M0,p,ANY,ANY,ANY,G3,Positive,Negative,Positive,IIA
T1b,N1c,M0,p,ANY,ANY,ANY,G3,Positive,Negative,Positive,IIA
T1c,N1,M0,p,ANY,ANY,ANY,G3,Positive,Negative,Positive,IIA
T1c,N1a,M0,p,ANY,ANY,ANY,G3,Positive,Negative,Positive,IIA
T1c,N1b,M0,p,ANY,ANY,ANY,G3,Positive,Negative,Positive,IIA
T1c,N1c,M0,p,ANY,ANY,ANY,G3,Positive,Negative,Positive,IIA
T2,N0,M0,p,ANY,ANY,ANY,G3,Positive,Negative,Positive,IIA
T0,N1,M0,p,ANY,ANY,ANY,G3,Positive,Negative,Negative,IIA
T0,N1a,M0,p,ANY,ANY,ANY,G3,Positive,Negative,Negative,IIA
T0,N1b,M0,p,ANY,ANY,ANY,G3,Positive,Negative,Negative,IIA
T0,N1c,M0,p,ANY,ANY,ANY,G3,Positive,Negative,Negative,IIA
T1,N1,M0,p,ANY,ANY,ANY,G3,Positive,Negative,Negative,IIA
T1,N1a,M0,p,ANY,ANY,ANY,G3,Positive,Negative,Negative,IIA
T1,N1b,M0,p,ANY,ANY,ANY,G3,Positive,Negative,Negative,IIA
T1,N1c,M0,p,ANY,ANY,ANY,G3,Positive,Negative,Negative,IIA
T1mi,N1,M0,p,ANY,ANY,ANY,G3,Positive,Negative,Negative,IIA
T1mi,N1a,M0,p,ANY,ANY,ANY,G3,Positive,Negative,Negative,IIA
T1mi,N1b,M0,p,ANY,ANY,ANY,G3,Positive,Negative,Negative,IIA
T1mi,N1c,M0,p,ANY,ANY,ANY,G3,Positive,Negative,Negative,IIA
T1a,N1,M0,p,ANY,ANY,ANY,G3,Positive,Negative,Negative,IIA
T1a,N1a,M0,p,ANY,ANY,ANY,G3,Positive,Negative,Negative,IIA
T1a,N1b,M0,p,ANY,ANY,ANY,G3,Positive,Negative,Negative,IIA
T1a,N1c,M0,p,ANY,ANY,ANY,G3,Positive,Negative,Negative,IIA
T1b,N1,M0,p,ANY,ANY,ANY,G3,Positive,Negative,Negative,IIA
T1b,N1a,M0,p,ANY,ANY,ANY,G3,Positive,Negative,Negative,IIA
T1b,N1b,M0,p,ANY,ANY,ANY,G3,Positive,Negative,Negative,IIA
T1b,N1c,M0,p,ANY,ANY,ANY,G3,Positive,Negative,Negative,IIA
T1c,N1,M0,p,ANY,ANY,ANY,G3,Positive,Negative,Negative,IIA
T1c,N1a,M0,p,ANY,ANY,ANY,G3,Positive,Negative,Negative,IIA
T1c,N1b,M0,p,ANY,ANY,ANY,G3,Positive,Negative,Negative,IIA
T1c,N1c,M0,p,ANY,ANY,ANY,G3,Positive,Negative,Negative,IIA
T2,N0,M0,p,ANY,ANY,ANY,G3,Positive,Negative,Negative,IIA
T0,N1,M0,p,ANY,ANY,ANY,G3,Negative,Positive,Positive,IB
T0,N1a,M0,p,ANY,ANY,ANY,G3,Negative,Positive,Positive,IB
T0,N1b,M0,p,ANY,ANY,ANY,G3,Negative,Positive,Positive,IB
T0,N1c,M0,p,ANY,ANY,ANY,G3,Negative,Positive,Positive,IB
T1,N1,M0,p,ANY,ANY,ANY,G3,Negative,Positive,Positive,IB
T1,N1a,M0,p,ANY,ANY,ANY,G3,Negative,Positive,Positive,IB
T1,N1b,M0,p,ANY,ANY,ANY,G3,Negative,Positive,Positive,IB
T1,N1c,M0,p,ANY,ANY,ANY,G3,Negative,Positive,Positive,IB
T1mi,N1,M0,p,ANY,ANY,ANY,G3,Negative,Positive,Positive,IB
T1mi,N1a,M0,p,ANY,ANY,ANY,G3,Negative,Positive,Positive,IB
T1mi,N1b,M0,p,ANY,ANY,ANY,G3,Negative,Positive,Positive,IB
T1mi,N1c,M0,p,ANY,ANY,ANY,G3,Negative,Positive,Positive,IB
T1a,N1,M0,p,ANY,ANY,ANY,G3,Negative,Positive,Positive,IB
T1a,N1a,M0,p,ANY,ANY,ANY,G3,Negative,Positive,Positive,IB
T1a,N1b,M0,p,ANY,ANY,ANY,G3,Negative,Positive,Positive,IB
T1a,N1c,M0,p,ANY,ANY,ANY,G3,Negative,Positive,Positive,IB
T1b,N1,M0,p,ANY,ANY,ANY,G3,Negative,Positive,Positive,IB
T1b,N1a,M0,p,ANY,ANY,ANY,G3,Negative,Positive,Positive,IB
T1b,N1b,M0,p,ANY,ANY,ANY,G3,Negative,Positive,Positive,IB
T1b,N1c,M0,p,ANY,ANY,ANY,G3,Negative,Positive,Positive,IB
T1c,N1,M0,p,ANY,ANY,ANY,G3,Negative,Positive,Positive,IB
T1c,N1a,M0,p,ANY,ANY,ANY,G3,Negative,Positive,Positive,IB
T1c,N1b,M0,p,ANY,ANY,ANY,G3,Negative,Positive,Positive,IB
T1c,N1c,M0,p,ANY,ANY,ANY,G3,Negative,Positive,Positive,IB
T2,N0,M0,p,ANY,ANY,ANY,G3,Negative,Positive,Positive,IB
T0,N1,M0,p,ANY,ANY,ANY,G3,Negative,Positive,Negative,IIA
T0,N1a,M0,p,ANY,ANY,ANY,G3,Negative,Positive,Negative,IIA
T0,N1b,M0,p,ANY,ANY,ANY,G3,Negative,Positive,Negative,IIA
T0,N1c,M0,p,ANY,ANY,ANY,G3,Negative,Positive,Negative,IIA
T1,N1,M0,p,ANY,ANY,ANY,G3,Negative,Positive,Negative,IIA
T1,N1a,M0,p,ANY,ANY,ANY,G3,Negative,Positive,Negative,IIA
T1,N1b,M0,p,ANY,ANY,ANY,G3,Negative,Positive,Negative,IIA
T1,N1c,M0,p,ANY,ANY,ANY,G3,Negative,Positive,Negative,IIA
T1mi,N1,M0,p,ANY,ANY,ANY,G3,Negative,Positive,Negative,IIA
T1mi,N1a,M0,p,ANY,ANY,ANY,G3,Negative,Positive,Negative,IIA
T1mi,N1b,M0,p,ANY,ANY,ANY,G3,Negative,Positive,Negative,IIA
T1mi,N1c,M0,p,ANY,ANY,ANY,G3,Negative,Positive,Negative,IIA
T1a,N1,M0,p,ANY,ANY,ANY,G3,Negative,Positive,Negative,IIA
T1a,N1a,M0,p,ANY,ANY,ANY,G3,Negative,Positive,Negative,IIA
T1a,N1b,M0,p,ANY,ANY,ANY,G3,Negative,Positive,Negative,IIA
T1a,N1c,M0,p,ANY,ANY,ANY,G3,Negative,Positive,Negative,IIA
T1b,N1,M0,p,ANY,ANY,ANY,G3,Negative,Positive,Negative,IIA
T1b,N1a,M0,p,ANY,ANY,ANY,G3,Negative,Positive,Negative,IIA
T1b,N1b,M0,p,ANY,ANY,ANY,G3,Negative,Positive,Negative,IIA
T1b,N1c,M0,p,ANY,ANY,ANY,G3,Negative,Positive,Negative,IIA
T1c,N1,M0,p,ANY,ANY,ANY,G3,Negative,Positive,Negative,IIA
T1c,N1a,M0,p,ANY,ANY,ANY,G3,Negative,Positive,Negative,IIA
T1c,N1b,M0,p,ANY,ANY,ANY,G3,Negative,Positive,Negative,IIA
T1c,N1c,M0,p,ANY,ANY,ANY,G3,Negative,Positive,Negative,IIA
T2,N0,M0,p,ANY,ANY,ANY,G3,Negative,Positive,Negative,IIA
T0,N1,M0,p,ANY,ANY,ANY,G3,Negative,Negative,Positive,IIA
T0,N1a,M0,p,ANY,ANY,ANY,G3,Negative,Negative,Positive,IIA
T0,N1b,M0,p,ANY,ANY,ANY,G3,Negative,Negative,Positive,IIA
T0,N1c,M0,p,ANY,ANY,ANY,G3,Negative,Negative,Positive,IIA
T1,N1,M0,p,ANY,ANY,ANY,G3,Negative,Negative,Positive,IIA
T1,N1a,M0,p,ANY,ANY,ANY,G3,Negative,Negative,Positive,IIA
T1,N1b,M0,p,ANY,ANY,ANY,G3,Negative,Negative,Positive,IIA
T1,N1c,M0,p,ANY,ANY,ANY,G3,Negative,Negative,Positive,IIA
T1mi,N1,M0,p,ANY,ANY,ANY,G3,Negative,Negative,Positive,IIA
T1mi,N1a,M0,p,ANY,ANY,ANY,G3,Negative,Negative,Positive,IIA
T1mi,N1b,M0,p,ANY,ANY,ANY,G3,Negative,Negative,Positive,IIA
T1mi,N1c,M0,p,ANY,ANY,ANY,G3,Negative,Negative,Positive,IIA
T1a,N1,M0,p,ANY,ANY,ANY,G3,Negative,Negative,Positive,IIA
T1a,N1a,M0,p,ANY,ANY,ANY,G3,Negative,Negative,Positive,IIA
T1a,N1b,M0,p,ANY,ANY,ANY,G3,Negative,Negative,Positive,IIA
T1a,N1c,M0,p,ANY,ANY,ANY,G3,Negative,Negative,Positive,IIA
T1b,N1,M0,p,ANY,ANY,ANY,G3,Negative,Negative,Positive,IIA
T1b,N1a,M0,p,ANY,ANY,ANY,G3,Negative,Negative,Positive,IIA
T1b,N1b,M0,p,ANY,ANY,ANY,G3,Negative,Negative,Positive,IIA
T1b,N1c,M0,p,ANY,ANY,ANY,G3,Negative,Negative,Positive,IIA
T1c,N1,M0,p,ANY,ANY,ANY,G3,Negative,Negative,Positive,IIA
T1c,N1a,M0,p,ANY,ANY,ANY,G3,Negative,Negative,Positive,IIA
T1c,N1b,M0,p,ANY,ANY,ANY,G3,Negative,Negative,Positive,IIA
T1c,N1c,M0,p,ANY,ANY,ANY,G3,Negative,Negative,Positive,IIA
T2,N0,M0,p,ANY,ANY,ANY,G3,Negative,Negative,Positive,IIA
T0,N1,M0,p,ANY,ANY,ANY,G3,Negative,Negative,Negative,IIA
T0,N1a,M0,p,ANY,ANY,ANY,G3,Negative,Negative,Negative,IIA
T0,N1b,M0,p,ANY,ANY,ANY,G3,Negative,Negative,Negative,IIA
T0,N1c,M0,p,ANY,ANY,ANY,G3,Negative,Negative,Negative,IIA
T1,N1,M0,p,ANY,ANY,ANY,G3,Negative,Negative,Negative,IIA
T1,N1a,M0,p,ANY,ANY,ANY,G3,Negative,Negative,Negative,IIA
T1,N1b,M0,p,ANY,ANY,ANY,G3,Negative,Negative,Negative,IIA
T1,N1c,M0,p,ANY,ANY,ANY,G3,Negative,Negative,Negative,IIA
T1mi,N1,M0,p,ANY,ANY,ANY,G3,Negative,Negative,Negative,IIA
T1mi,N1a,M0,p,ANY,ANY,ANY,G3,Negative,Negative,Negative,IIA
T1mi,N1b,M0,p,ANY,ANY,ANY,G3,Negative,Negative,Negative,IIA
T1mi,N1c,M0,p,ANY,ANY,ANY,G3,Negative,Negative,Negative,IIA
T1a,N1,M0,p,ANY,ANY,ANY,G3,Negative,Negative,Negative,IIA
T1a,N1a,M0,p,ANY,ANY,ANY,G3,Negative,Negative,Negative,IIA
T1a,N1b,M0,p,ANY,ANY,ANY,G3,Negative,Negative,Negative,IIA
T1a,N1c,M0,p,ANY,ANY,ANY,G3,Negative,Negative,Negative,IIA
T1b,N1,M0,p,ANY,ANY,ANY,G3,Negative,Negative,Negative,IIA
T1b,N1a,M0,p,ANY,ANY,ANY,G3,Negative,Negative,Negative,IIA
T1b,N1b,M0,p,ANY,ANY,ANY,G3,Negative,Negative,Negative,IIA
T1b,N1c,M0,p,ANY,ANY,ANY,G3,Negative,Negative,Negative,IIA
T1c,N1,M0,p,ANY,ANY,ANY,G3,Negative,Negative,Negative,IIA
T1c,N1a,M0,p,ANY,ANY,ANY,G3,Negative,Negative,Negative,IIA
T1c,N1b,M0,p,ANY,ANY,ANY,G3,Negative,Negative,Negative,IIA
T1c,N1c,M0,p,ANY,ANY,ANY,G3,Negative,Negative,Negative,IIA
T2,N0,M0,p,ANY,ANY,ANY,G3,Negative,Negative,Negative,IIA
T2,N1,M0,p,ANY,ANY,ANY,G1,Positive,Positive,Positive,IA
T2,N1a,M0,p,ANY,ANY,ANY,G1,Positive,Positive,Positive,IA
T2,N1b,M0,p,ANY,ANY,ANY,G1,Positive,Positive,Positive,IA
T2,N1c,M0,p,ANY,ANY,ANY,G1,Positive,Positive,Positive,IA
T3,N0,M0,p,ANY,ANY,ANY,G1,Positive,Positive,Positive,IA
T2,N1,M0,p,ANY,ANY,ANY,G1,Positive,Positive,Negative,IIB
T2,N1a,M0,p,ANY,ANY,ANY,G1,Positive,Positive,Negative,IIB
T2,N1b,M0,p,ANY,ANY,ANY,G1,Positive,Positive,Negative,IIB
T2,N1c,M0,p,ANY,ANY,ANY,G1,Positive,Positive,Negative,IIB
T3,N0,M0,p,ANY,ANY,ANY,G1,Positive,Positive,Negative,IIB
T2,N1,M0,p,ANY,ANY,ANY,G1,Positive,Negative,Positive,IIB
T2,N1a,M0,p,ANY,ANY,ANY,G1,Positive,Negative,Positive,IIB
T2,N1b,M0,p,ANY,ANY,ANY,G1,Positive,Negative,Positive,IIB
T2,N1c,M0,p,ANY,ANY,ANY,G1,Positive,Negative,Positive,IIB
T3,N0,M0,p,ANY,ANY,ANY,G1,Positive,Negative,Positive,IIB
T2,N1,M0,p,ANY,ANY,ANY,G1,Positive,Negative,Negative,IIB
T2,N1a,M0,p,ANY,ANY,ANY,G1,Positive,Negative,Negative,IIB
T2,N1b,M0,p,ANY,ANY,ANY,G1,Positive,Negative,Negative,IIB
T2,N1c,M0,p,ANY,ANY,ANY,G1,Positive,Negative,Negative,IIB
T3,N0,M0,p,ANY,ANY,ANY,G1,Positive,Negative,Negative,IIB
T2,N1,M0,p,ANY,ANY,ANY,G1,Negative,Positive,Positive,IA
T2,N1a,M0,p,ANY,ANY,ANY,G1,Negative,Positive,Positive,IA
T2,N1b,M0,p,ANY,ANY,ANY,G1,Negative,Positive,Positive,IA
T2,N1c,M0,p,ANY,ANY,ANY,G1,Negative,Positive,Positive,IA
T3,N0,M0,p,ANY,ANY,ANY,G1,Negative,Positive,Positive,IA
T2,N1,M0,p,ANY,ANY,ANY,G1,Negative,Positive,Negative,IIB
T2,N1a,M0,p,ANY,ANY,ANY,G1,Negative,Positive,Negative,IIB
T2,N1b,M0,p,ANY,ANY,ANY,G1,Negative,Positive,Negative,IIB
T2,N1c,M0,p,ANY,ANY,ANY,G1,Negative,Positive,Negative,IIB
T3,N0,M0,p,ANY,ANY,ANY,G1,Negative,Positive,Negative,IIB
T2,N1,M0,p,ANY,ANY,ANY,G1,Negative,Negative,Positive,IIB
T2,N1a,M0,p,ANY,ANY,ANY,G1,Negative,Negative,Positive,IIB
T2,N1b,M0,p,ANY,ANY,ANY,G1,Negative,Negative,Positive,IIB
T2,N1c,M0,p,ANY,ANY,ANY,G1,Negative,Negative,Positive,IIB
T3,N0,M0,p,ANY,ANY,ANY,G1,Negative,Negative,Positive,IIB
T2,N1,M0,p,ANY,ANY,ANY,G1,Negative,Negative,Negative,IIB
T2,N1a,M0,p,ANY,ANY,ANY,G1,Negative,Negative,Negative,IIB
T2,N1b,M0,p,ANY,ANY,ANY,G1,Negative,Negative,Negative,IIB
T2,N1c,M0,p,ANY,ANY,ANY,G1,Negative,Negative,Negative,IIB
T3,N0,M0,p,ANY,ANY,ANY,G1,Negative,Negative,Negative,IIB
T2,N1,M0,p,ANY,ANY,ANY,G2,Positive,Positive,Positive,IB
T2,N1a,M0,p,ANY,ANY,ANY,G2,Positive,Positive,Positive,IB
T2,N1b,M0,p,ANY,ANY,ANY,G2,Positive,Positive,Positive,IB
T2,N1c,M0,p,ANY,ANY,ANY,G2,Positive,Positive,Positive,IB
T3,N0,M0,p,ANY,ANY,ANY,G2,Positive,Positive,Positive,IB
T2,N1,M0,p,ANY,ANY,ANY,G2,Positive,Positive,Negative,IIB
T2,N1a,M0,p,ANY,ANY,ANY,G2,Positive,Positive,Negative,IIB
T2,N1b,M0,p,ANY,ANY,ANY,G2,Positive,Positive,Negative,IIB
T2,N1c,M0,p,ANY,ANY,ANY,G2,Positive,Positive,Negative,IIB
T3,N0,M0,p,ANY,ANY,ANY,G2,Positive,Positive,Negative,IIB
T2,N1,M0,p,ANY,ANY,ANY,G2,Positive,Negative,Positive,IIB
T2,N1a,M0,p,ANY,ANY,ANY,G2,Positive,Negative,Positive,IIB
T2,N1b,M0,p,ANY,ANY,ANY,G2,Positive,Negative,Positive,IIB
T2,N1c,M0,p,ANY,ANY,ANY,G2,Positive,Negative,Positive,IIB
T3,N0,M0,p,ANY,ANY,ANY,G2,Positive,Negative,Positive,IIB
T2,N1,M0,p,ANY,ANY,ANY,G2,Positive,Negative,Negative,IIB
T2,N1a,M0,p,ANY,ANY,ANY,G2,Positive,Negative,Negative,IIB
T2,N1b,M0,p,ANY,ANY,ANY,G2,Positive,Negative,Negative,IIB
T2,N1c,M0,p,ANY,ANY,ANY,G2,Positive,Negative,Negative,IIB
T3,N0,M0,p,ANY,ANY,ANY,G2,Positive,Negative,Negative,IIB
T2,N1,M0,p,ANY,ANY,ANY,G2,Negative,Positive,Positive,IB
T2,N1a,M0,p,ANY,ANY,ANY,G2,Negative,Positive,Positive,IB
T2,N1b,M0,p,ANY,ANY,ANY,G2,Negative,Positive,Positive,IB
T2,N1c,M0,p,ANY,ANY,ANY,G2,Negative,Positive,Positive,IB
T3,N0,M0,p,ANY,ANY,ANY,G2,Negative,Positive,Positive,IB
T2,N1,M0,p,ANY,ANY,ANY,G2,Negative,Positive,Negative,IIB
T2,N1a,M0,p,ANY,ANY,ANY,G2,Negative,Positive,Negative,IIB
T2,N1b,M0,p,ANY,ANY,ANY,G2,Negative,Positive,Negative,IIB
T2,N1c,M0,p,ANY,ANY,ANY,G2,Negative,Positive,Negative,IIB
T3,N0,M0,p,ANY,ANY,ANY,G2,Negative,Positive,Negative,IIB
T2,N1,M0,p,ANY,ANY,ANY,G2,Negative,Negative,Positive,IIB
T2,N1a,M0,p,ANY,ANY,ANY,G2,Negative,Negative,Positive,IIB
T2,N1b,M0,p,ANY,ANY,ANY,G2,Negative,Negative,Positive,IIB
T2,N1c,M0,p,ANY,ANY,ANY,G2,Negative,Negative,Positive,IIB
T3,N0,M0,p,ANY,ANY,ANY,G2,Negative,Negative,Positive,IIB
T2,N1,M0,p,ANY,ANY,ANY,G2,Negative,Negative,Negative,IIB
T2,N1a,M0,p,ANY,ANY,ANY,G2,Negative,Negative,Negative,IIB
T2,N1b,M0,p,ANY,ANY,ANY,G2,Negative,Negative,Negative,IIB
T2,N1c,M0,p,ANY,ANY,ANY,G2,Negative,Negative,Negative,IIB
T3,N0,M0,p,ANY,ANY,ANY,G2,Negative,Negative,Negative,IIB
T2,N1,M0,p,ANY,ANY,ANY,G3,Positive,Positive,Positive,IB
T2,N1a,M0,p,ANY,ANY,ANY,G3,Positive,Positive,Positive,IB
T2,N1b,M0,p,ANY,ANY,ANY,G3,Positive,Positive,Positive,IB
T2,N1c,M0,p,ANY,ANY,ANY,G3,Positive,Positive,Positive,IB
T3,N0,M0,p,ANY,ANY,ANY,G3,Positive,Positive,Positive,IB
T2,N1,M0,p,ANY,ANY,ANY,G3,Positive,Positive,Negative,IIB
T2,N1a,M0,p,ANY,ANY,ANY,G3,Positive,Positive,Negative,IIB
T2,N1b,M0,p,ANY,ANY,ANY,G3,Positive,Positive,Negative,IIB
T2,N1c,M0,p,ANY,ANY,ANY,G3,Positive,Positive,Negative,IIB
T3,N0,M0,p,ANY,ANY,ANY,G3,Positive,Positive,Negative,IIB
T2,N1,M0,p,ANY,ANY,ANY,G3,Positive,Negative,Positive,IIB
T2,N1a,M0,p,ANY,ANY,ANY,G3,Positive,Negative,Positive,IIB
T2,N1b,M0,p,ANY,ANY,ANY,G3,Positive,Negative,Positive,IIB
T2,N1c,M0,p,ANY,ANY,ANY,G3,Positive,Negative,Positive,IIB
T3,N0,M0,p,ANY,ANY,ANY,G3,Positive,Negative,Positive,IIB
T2,N1,M0,p,ANY,ANY,ANY,G3,Positive,Negative,Negative,IIB
T2,N1a,M0,p,ANY,ANY,ANY,G3,Positive,Negative,Negative,IIB
T2,N1b,M0,p,ANY,ANY,ANY,G3,Positive,Negative,Negative,IIB
T2,N1c,M0,p,ANY,ANY,ANY,G3,Positive,Negative,Negative,IIB
T3,N0,M0,p,ANY,ANY,ANY,G3,Positive,Negative,Negative,IIB
T2,N1,M0,p,ANY,ANY,ANY,G3,Negative,Positive,Positive,IIA
T2,N1a,M0,p,ANY,ANY,ANY,G3,Negative,Positive,Positive,IIA
T2,N1b,M0,p,ANY,ANY,ANY,G3,Negative,Positive,Positive,IIA
T2,N1c,M0,p,ANY,ANY,ANY,G3,Negative,Positive,Positive,IIA
T3,N0,M0,p,ANY,ANY,ANY,G3,Negative,Positive,Positive,IIA
T2,N1,M0,p,ANY,ANY,ANY,G3,Negative,Positive,Negative,IIB
T2,N1a,M0,p,ANY,ANY,ANY,G3,Negative,Positive,Negative,IIB
T2,N1b,M0,p,ANY,ANY,ANY,G3,Negative,Positive,Negative,IIB
T2,N1c,M0,p,ANY,ANY,ANY,G3,Negative,Positive,Negative,IIB
T3,N0,M0,p,ANY,ANY,ANY,G3,Negative,Positive,Negative,IIB
T2,N1,M0,p,ANY,ANY,ANY,G3,Negative,Negative,Positive,IIB
T2,N1a,M0,p,ANY,ANY,ANY,G3,Negative,Negative,Positive,IIB
T2,N1b,M0,p,ANY,ANY,ANY,G3,Negative,Negative,Positive,IIB
T2,N1c,M0,p,ANY,ANY,ANY,G3,Negative,Negative,Positive,IIB
T3,N0,M0,p,ANY,ANY,ANY,G3,Negative,Negative,Positive,IIB
T2,N1,M0,p,ANY,ANY,ANY,G3,Negative,Negative,Negative,IIIA
T2,N1a,M0,p,ANY,ANY,ANY,G3,Negative,Negative,Negative,IIIA
T2,N1b,M0,p,ANY,ANY,ANY,G3,Negative,Negative,Negative,IIIA
T2,N1c,M0,p,ANY,ANY,ANY,G3,Negative,Negative,Negative,IIIA
T3,N0,M0,p,ANY,ANY,ANY,G3,Negative,Negative,Negative,IIIA
T0,N2,M0,p,ANY,ANY,ANY,G1,Positive,Negative,Positive,IIIA
T0,N2a,M0,p,ANY,ANY,ANY,G1,Positive,Negative,Positive,IIIA
T0,N2b,M0,p,ANY,ANY,ANY,G1,Positive,Negative,Positive,IIIA
T1,N2,M0,p,ANY,ANY,ANY,G1,Positive,Negative,Positive,IIIA
T1,N2a,M0,p,ANY,ANY,ANY,G1,Positive,Negative,Positive,IIIA
T1,N2b,M0,p,ANY,ANY,ANY,G1,Positive,Negative,Positive,IIIA
T1mi,N2,M0,p,ANY,ANY,ANY,G1,Positive,Negative,Positive,IIIA
T1mi,N2a,M0,p,ANY,ANY,ANY,G1,Positive,Negative,Positive,IIIA
T1mi,N2b,M0,p,ANY,ANY,ANY,G1,Positive,Negative,Positive,IIIA
T1a,N2,M0,p,ANY,ANY,ANY,G1,Positive,Negative,Positive,IIIA
T1a,N2a,M0,p,ANY,ANY,ANY,G1,Positive,Negative,Positive,IIIA
T1a,N2b,M0,p,ANY,ANY,ANY,G1,Positive,Negative,Positive,IIIA
T1b,N2,M0,p,ANY,ANY,ANY,G1,Positive,Negative,Positive,IIIA
T1b,N2a,M0,p,ANY,ANY,ANY,G1,Positive,Negative,Positive,IIIA
T1b,N2b,M0,p,ANY,ANY,ANY,G1,Positive,Negative,Positive,IIIA
T1c,N2,M0,p,ANY,ANY,ANY,G1,Positive,Negative,Positive,IIIA
T1c,N2a,M0,p,ANY,ANY,ANY,G1,Positive,Negative,Positive,IIIA
T1c,N2b,M0,p,ANY,ANY,ANY,G1,Positive,Negative,Positive,IIIA
T2,N2,M0,p,ANY,ANY,ANY,G1,Positive,Negative,Positive,IIIA
T2,N2a,M0,p,ANY,ANY,ANY,G1,Positive,Negative,Positive,IIIA
T2,N2b,M0,p,ANY,ANY,ANY,G1,Positive,Negative,Positive,IIIA
T3,N1,M0,p,ANY,ANY,ANY,G1,Positive,Negative,Positive,IIIA
T3,N1a,M0,p,ANY,ANY,ANY,G1,Positive,Negative,Positive,IIIA
T3,N1b,M0,p,ANY,ANY,ANY,G1,Positive,Negative,Positive,IIIA
T3,N1c,M0,p,ANY,ANY,ANY,G1,Positive,Negative,Positive,IIIA
T3,N2,M0,p,ANY,ANY,ANY,G1,Positive,Negative,Positive,IIIA
T3,N2a,M0,p,ANY,ANY,ANY,G1,Positive,Negative,Positive,IIIA
T3,N2b,M0,p,ANY,ANY,ANY,G1,Positive,Negative,Positive,IIIA
T0,N2,M0,p,ANY,ANY,ANY,G1,Positive,Negative,Negative,IIIA
T0,N2a,M0,p,ANY,ANY,ANY,G1,Positive,Negative,Negative,IIIA
T0,N2b,M0,p,ANY,ANY,ANY,G1,Positive,Negative,Negative,IIIA
T1,N2,M0,p,ANY,ANY,ANY,G1,Positive,Negative,Negative,IIIA
T1,N2a,M0,p,ANY,ANY,ANY,G1,Positive,Negative,Negative,IIIA
T1,N2b,M0,p,ANY,ANY,ANY,G1,Positive,Negative,Negative,IIIA
T1mi,N2,M0,p,ANY,ANY,ANY,G1,Positive,Negative,Negative,IIIA
T1mi,N2a,M0,p,ANY,ANY,ANY,G1,Positive,Negative,Negative,IIIA
T1mi,N2b,M0,p,ANY,ANY,ANY,G1,Positive,Negative,Negative,IIIA
T1a,N2,M0,p,ANY,ANY,ANY,G1,Positive,Negative,Negative,IIIA
T1a,N2a,M0,p,ANY,ANY,ANY,G1,Positive,Negative,Negative,IIIA
T1a,N2b,M0,p,ANY,ANY,ANY,G1,Positive,Negative,Negative,IIIA
T1b,N2,M0,p,ANY,ANY,ANY,G1,Positive,Negative,Negative,IIIA
T1b,N2a,M0,p,ANY,ANY,ANY,G1,Positive,Negative,Negative,IIIA
T1b,N2b,M0,p,ANY,ANY,ANY,G1,Positive,Negative,Negative,IIIA
T1c,N2,M0,p,ANY,ANY,ANY,G1,Positive,Negative,Negative,IIIA
T1c,N2a,M0,p,ANY,ANY,ANY,G1,Positive,Negative,Negative,IIIA
T1c,N2b,M0,p,ANY,ANY,ANY,G1,Positive,Negative,Negative,IIIA
T2,N2,M0,p,ANY,ANY,ANY,G1,Positive,Negative,Negative,IIIA
T2,N2a,M0,p,ANY,ANY,ANY,G1,Positive,Negative,Negative,IIIA
T2,N2b,M0,p,ANY,ANY,ANY,G1,Positive,Negative,Negative,IIIA
T3,N1,M0,p,ANY,ANY,ANY,G1,Positive,Negative,Negative,IIIA
T3,N1a,M0,p,ANY,ANY,ANY,G1,Positive,Negative,Negative,IIIA
T3,N1b,M0,p,ANY,ANY,ANY,G1,Positive,Negative,Negative,IIIA
T3,N1c,M0,p,ANY,ANY,ANY,G1,Positive,Negative,Negative,IIIA
T3,N2,M0,p,ANY,ANY,ANY,G1,Positive,Negative,Negative,IIIA
T3,N2a,M0,p,ANY,ANY,ANY,G1,Positive,Negative,Negative,IIIA
T3,N2b,M0,p,ANY,ANY,ANY,G1,Positive,Negative,Negative,IIIA
T0,N2,M0,p,ANY,ANY,ANY,G1,Negative,Positive,Positive,IB
T0,N2a,M0,p,ANY,ANY,ANY,G1,Negative,Positive,Positive,IB
T0,N2b,M0,p,ANY,ANY,ANY,G1,Negative,Positive,Positive,IB
T1,N2,M0,p,ANY,ANY,ANY,G1,Negative,Positive,Positive,IB
T1,N2a,M0,p,ANY,ANY,ANY,G1,Negative,Positive,Positive,IB
T1,N2b,M0,p,ANY,ANY,ANY,G1,Negative,Positive,Positive,IB
T1mi,N2,M0,p,ANY,ANY,ANY,G1,Negative,Positive,Positive,IB
T1mi,N2a,M0,p,ANY,ANY,ANY,G1,Negative,Positive,Positive,IB
T1mi,N2b,M0,p,ANY,ANY,ANY,G1,Negative,Positive,Positive,IB
T1a,N2,M0,p,ANY,ANY,ANY,G1,Negative,Positive,Positive,IB
T1a,N2a,M0,p,ANY,ANY,ANY,G1,Negative,Positive,Positive,IB
T1a,N2b,M0,p,ANY,ANY,ANY,G1,Negative,Positive,Positive,IB
T1b,N2,M0,p,ANY,ANY,ANY,G1,Negative,Positive,Positive,IB
T1b,N2a,M0,p,ANY,ANY,ANY,G1,Negative,Positive,Positive,IB
T1b,N2b,M0,p,ANY,ANY,ANY,G1,Negative,Positive,Positive,IB
T1c,N2,M0,p,ANY,ANY,ANY,G1,Negative,Positive,Positive,IB
T1c,N2a,M0,p,ANY,ANY,ANY,G1,Negative,Positive,Positive,IB
T1c,N2b,M0,p,ANY,ANY,ANY,G1,Negative,Positive,Positive,IB
T2,N2,M0,p,ANY,ANY,ANY,G1,Negative,Positive,Positive,IB
T2,N2a,M0,p,ANY,ANY,ANY,G1,Negative,Positive,Positive,IB
T2,N2b,M0,p,ANY,ANY,ANY,G1,Negative,Positive,Positive,IB
T3,N1,M0,p,ANY,ANY,ANY,G1,Negative,Positive,Positive,IB
T3,N1a,M0,p,ANY,ANY,ANY,G1,Negative,Positive,Positive,IB
T3,N1b,M0,p,ANY,ANY,ANY,G1,Negative,Positive,Positive,IB
T3,N1c,M0,p,ANY,ANY,ANY,G1,Negative,Positive,Positive,IB
T3,N2,M0,p,ANY,ANY,ANY,G1,Negative,Positive,Positive,IB
T3,N2a,M0,p,ANY,ANY,ANY,G1,Negative,Positive,Positive,IB
T3,N2b,M0,p,ANY,ANY,ANY,G1,Negative,Positive,Positive,IB
T0,N2,M0,p,ANY,ANY,ANY,G1,Negative,Positive,Negative,IIIA
T0,N2a,M0,p,ANY,ANY,ANY,G1,Negative,Positive,Negative,IIIA
T0,N2b,M0,p,ANY,ANY,ANY,G1,Negative,Positive,Negative,IIIA
T1,N2,M0,p,ANY,ANY,ANY,G1,Negative,Positive,Negative,IIIA
T1,N2a,M0,p,ANY,ANY,ANY,G1,Negative,Positive,Negative,IIIA
T1,N2b,M0,p,ANY,ANY,ANY,G1,Negative,Positive,Negative,IIIA
T1mi,N2,M0,p,ANY,ANY,ANY,G1,Negative,Positive,Negative,IIIA
T1mi,N2a,M0,p,ANY,ANY,ANY,G1,Negative,Positive,Negative,IIIA
T1mi,N2b,M0,p,ANY,ANY,ANY,G1,Negative,Positive,Negative,IIIA
T1a,N2,M0,p,ANY,ANY,ANY,G1,Negative,Positive,Negative,IIIA
T1a,N2a,M0,p,ANY,ANY,ANY,G1,Negative,Positive,Negative,IIIA
T1a,N2b,M0,p,ANY,ANY,ANY,G1,Negative,Positive,Negative,IIIA
T1b,N2,M0,p,ANY,ANY,ANY,G1,Negative,Positive,Negative,IIIA
T1b,N2a,M0,p,ANY,ANY,ANY,G1,Negative,Positive,Negative,IIIA
T1b,N2b,M0,p,ANY,ANY,ANY,G1,Negative,Positive,Negative,IIIA
T1c,N2,M0,p,ANY,ANY,ANY,G1,Negative,Positive,Negative,IIIA
T1c,N2a,M0,p,ANY,ANY,ANY,G1,Negative,Positive,Negative,IIIA
T1c,N2b,M0,p,ANY,ANY,ANY,G1,Negative,Positive,Negative,IIIA
T2,N2,M0,p,ANY,ANY,ANY,G1,Negative,Positive,Negative,IIIA
T2,N2a,M0,p,ANY,ANY,ANY,G1,Negative,Positive,Negative,IIIA
T2,N2b,M0,p,ANY,ANY,ANY,G1,Negative,Positive,Negative,IIIA
T3,N1,M0,p,ANY,ANY,ANY,G1,Negative,Positive,Negative,IIIA
T3,N1a,M0,p,ANY,ANY,ANY,G1,Negative,Positive,Negative,IIIA
T3,N1b,M0,p,ANY,ANY,ANY,G1,Negative,Positive,Negative,IIIA
T3,N1c,M0,p,ANY,ANY,ANY,G1,Negative,Positive,Negative,IIIA
T3,N2,M0,p,ANY,ANY,ANY,G1,Negative,Positive,Negative,IIIA
T3,N2a,M0,p,ANY,ANY,ANY,G1,Negative,Positive,Negative,IIIA
T3,N2b,M0,p,ANY,ANY,ANY,G1,Negative,Positive,Negative,IIIA
T0,N2,M0,p,ANY,ANY,ANY,G1,Negative,Negative,Positive,IIIA
T0,N2a,M0,p,ANY,ANY,ANY,G1,Negative,Negative,Positive,IIIA
T0,N2b,M0,p,ANY,ANY,ANY,G1,Negative,Negative,Positive,IIIA
T1,N2,M0,p,ANY,ANY,ANY,G1,Negative,Negative,Positive,IIIA
T1,N2a,M0,p,ANY,ANY,ANY,G1,Negative,Negative,Positive,IIIA
T1,N2b,M0,p,ANY,ANY,ANY,G1,Negative,Negative,Positive,IIIA
T1mi,N2,M0,p,ANY,ANY,ANY,G1,Negative,Negative,Positive,IIIA
T1mi,N2a,M0,p,ANY,ANY,ANY,G1,Negative,Negative,Positive,IIIA
T1mi,N2b,M0,p,ANY,ANY,ANY,G1,Negative,Negative,Positive,IIIA
T1a,N2,M0,p,ANY,ANY,ANY,G1,Negative,Negative,Positive,IIIA
T1a,N2a,M0,p,ANY,ANY,ANY,G1,Negative,Negative,Positive,IIIA
T1a,N2b,M0,p,ANY,ANY,ANY,G1,Negative,Negative,Positive,IIIA
T1b,N2,M0,p,ANY,ANY,ANY,G1,Negative,Negative,Positive,IIIA
T1b,N2a,M0,p,ANY,ANY,ANY,G1,Negative,Negative,Positive,IIIA
T1b,N2b,M0,p,ANY,ANY,ANY,G1,Negative,Negative,Positive,IIIA
T1c,N2,M0,p,ANY,ANY,ANY,G1,Negative,Negative,Positive,IIIA
T1c,N2a,M0,p,ANY,ANY,ANY,G1,Negative,Negative,Positive,IIIA
T1c,N2b,M0,p,ANY,ANY,ANY,G1,Negative,Negative,Positive,IIIA
T2,N2,M0,p,ANY,ANY,ANY,G1,Negative,Negative,Positive,IIIA
T2,N2a,M0,p,ANY,ANY,ANY,G1,Negative,Negative,Positive,IIIA
T2,N2b,M0,p,ANY,ANY,ANY,G1,Negative,Negative,Positive,IIIA
T3,N1,M0,p,ANY,ANY,ANY,G1,Negative,Negative,Positive,IIIA
T3,N1a,M0,p,ANY,ANY,ANY,G1,Negative,Negative,Positive,IIIA
T3,N1b,M0,p,ANY,ANY,ANY,G1,Negative,Negative,Positive,IIIA
T3,N1c,M0,p,ANY,ANY,ANY,G1,Negative,Negative,Positive,IIIA
T3,N2,M0,p,ANY,ANY,ANY,G1,Negative,Negative,Positive,IIIA
T3,N2a,M0,p,ANY,ANY,ANY,G1,Negative,Negative,Positive,IIIA
T3,N2b,M0,p,ANY,ANY,ANY,G1,Negative,Negative,Positive,IIIA
T0,N2,M0,p,ANY,ANY,ANY,G1,Negative,Negative,Negative,IIIA
T0,N2a,M0,p,ANY,ANY,ANY,G1,Negative,Negative,Negative,IIIA
T0,N2b,M0,p,ANY,ANY,ANY,G1,Negative,Negative,Negative,IIIA
T1,N2,M0,p,ANY,ANY,ANY,G1,Negative,Negative,Negative,IIIA
T1,N2a,M0,p,ANY,ANY,ANY,G1,Negative,Negative,Negative,IIIA
T1,N2b,M0,p,ANY,ANY,ANY,G1,Negative,Negative,Negative,IIIA
T1mi,N2,M0,p,ANY,ANY,ANY,G1,Negative,Negative,Negative,IIIA
T1mi,N2a,M0,p,ANY,ANY,ANY,G1,Negative,Negative,Negative,IIIA
T1mi,N2b,M0,p,ANY,ANY,ANY,G1,Negative,Negative,Negative,IIIA
T1a,N2,M0,p,ANY,ANY,ANY,G1,Negative,Negative,Negative,IIIA
T1a,N2a,M0,p,ANY,ANY,ANY,G1,Negative,Negative,Negative,IIIA
T1a,N2b,M0,p,ANY,ANY,ANY,G1,Negative,Negative,Negative,IIIA
T1b,N2,M0,p,ANY,ANY,ANY,G1,Negative,Negative,Negative,IIIA
T1b,N2a,M0,p,ANY,ANY,ANY,G1,Negative,Negative,Negative,IIIA
T1b,N2b,M0,p,ANY,ANY,ANY,G1,Negative,Negative,Negative,IIIA
T1c,N2,M0,p,ANY,ANY,ANY,G1,Negative,Negative,Negative,IIIA
T1c,N2a,M0,p,ANY,ANY,ANY,G1,Negative,Negative,Negative,IIIA
T1c,N2b,M0,p,ANY,ANY,ANY,G1,Negative,Negative,Negative,IIIA
T2,N2,M0,p,ANY,ANY,ANY,G1,Negative,Negative,Negative,IIIA
T2,N2a,M0,p,ANY,ANY,ANY,G1,Negative,Negative,Negative,IIIA
T2,N2b,M0,p,ANY,ANY,ANY,G1,Negative,Negative,Negative,IIIA
T3,N1,M0,p,ANY,ANY,ANY,G1,Negative,Negative,Negative,IIIA
T3,N1a,M0,p,ANY,ANY,ANY,G1,Negative,Negative,Negative,IIIA
T3,N1b,M0,p,ANY,ANY,ANY,G1,Negative,Negative,Negative,IIIA
T3,N1c,M0,p,ANY,ANY,ANY,G1,Negative,Negative,Negative,IIIA
T3,N2,M0,p,ANY,ANY,ANY,G1,Negative,Negative,Negative,IIIA
T3,N2a,M0,p,ANY,ANY,ANY,G1,Negative,Negative,Negative,IIIA
T3,N2b,M0,p,ANY,ANY,ANY,G1,Negative,Negative,Negative,IIIA
T0,N2,M0,p,ANY,ANY,ANY,G2,Positive,Positive,Positive,IB
T0,N2a,M0,p,ANY,ANY,ANY,G2,Positive,Positive,Positive,IB
T0,N2b,M0,p,ANY,ANY,ANY,G2,Positive,Positive,Positive,IB
T1,N2,M0,p,ANY,ANY,ANY,G2,Positive,Positive,Positive,IB
T1,N2a,M0,p,ANY,ANY,ANY,G2,Positive,Positive,Positive,IB
T1,N2b,M0,p,ANY,ANY,ANY,G2,Positive,Positive,Positive,IB
T1mi,N2,M0,p,ANY,ANY,ANY,G2,Positive,Positive,Positive,IB
T1mi,N2a,M0,p,ANY,ANY,ANY,G2,Positive,Positive,Positive,IB
T1mi,N2b,M0,p,ANY,ANY,ANY,G2,Positive,Positive,Positive,IB
T1a,N2,M0,p,ANY,ANY,ANY,G2,Positive,Positive,Positive,IB
T1a,N2a,M0,p,ANY,ANY,ANY,G2,Positive,Positive,Positive,IB
T1a,N2b,M0,p,ANY,ANY,ANY,G2,Positive,Positive,Positive,IB
T1b,N2,M0,p,ANY,ANY,ANY,G2,Positive,Positive,Positive,IB
T1b,N2a,M0,p,ANY,ANY,ANY,G2,Positive,Positive,Positive,IB
T1b,N2b,M0,p,ANY,ANY,ANY,G2,Positive,Positive,Positive,IB
T1c,N2,M0,p,ANY,ANY,ANY,G2,Positive,Positive,Positive,IB
T1c,N2a,M0,p,ANY,ANY,ANY,G2,Positive,Positive,Positive,IB
T1c,N2b,M0,p,ANY,ANY,ANY,G2,Positive,Positive,Positive,IB
T2,N2,M0,p,ANY,ANY,ANY,G2,Positive,Positive,Positive,IB
T2,N2a,M0,p,ANY,ANY,ANY,G2,Positive,Positive,Positive,IB
T2,N2b,M0,p,ANY,ANY,ANY,G2,Positive,Positive,Positive,IB
T3,N1,M0,p,ANY,ANY,ANY,G2,Positive,Positive,Positive,IB
T3,N1a,M0,p,ANY,ANY,ANY,G2,Positive,Positive,Positive,IB
T3,N1b,M0,p,ANY,ANY,ANY,G2,Positive,Positive,Positive,IB
T3,N1c,M0,p,ANY,ANY,ANY,G2,Positive,Positive,Positive,IB
T3,N2,M0,p,ANY,ANY,ANY,G2,Positive,Positive,Positive,IB
T3,N2a,M0,p,ANY,ANY,ANY,G2,Positive,Positive,Positive,IB
T3,N2b,M0,p,ANY,ANY,ANY,G2,Positive,Positive,Positive,IB
T0,N2,M0,p,ANY,ANY,ANY,G2,Positive,Positive,Negative,IIIA
T0,N2a,M0,p,ANY,ANY,ANY,G2,Positive,Positive,Negative,IIIA
T0,N2b,M0,p,ANY,ANY,ANY,G2,Positive,Positive,Negative,IIIA
T1,N2,M0,p,ANY,ANY,ANY,G2,Positive,Positive,Negative,IIIA
T1,N2a,M0,p,ANY,ANY,ANY,G2,Positive,Positive,Negative,IIIA
T1,N2b,M0,p,ANY,ANY,ANY,G2,Positive,Positive,Negative,IIIA
T1mi,N2,M0,p,ANY,ANY,ANY,G2,Positive,Positive,Negative,IIIA
T1mi,N2a,M0,p,ANY,ANY,ANY,G2,Positive,Positive,Negative,IIIA
T1mi,N2b,M0,p,ANY,ANY,ANY,G2,Positive,Positive,Negative,IIIA
T1a,N2,M0,p,ANY,ANY,ANY,G2,Positive,Positive,Negative,IIIA
T1a,N2a,M0,p,ANY,ANY,ANY,G2,Positive,Positive,Negative,IIIA
T1a,N2b,M0,p,ANY,ANY,ANY,G2,Positive,Positive,Negative,IIIA
T1b,N2,M0,p,ANY,ANY,ANY,G2,Positive,Positive,Negative,IIIA
T1b,N2a,M0,p,ANY,ANY,ANY,G2,Positive,Positive,Negative,IIIA
T1b,N2b,M0,p,ANY,ANY,ANY,G2,Positive,Positive,Negative,IIIA
T1c,N2,M0,p,ANY,ANY,ANY,G2,Positive,Positive,Negative,IIIA
T1c,N2a,M0,p,ANY,ANY,ANY,G2,Positive,Positive,Negative,IIIA
T1c,N2b,M0,p,ANY,ANY,ANY,G2,Positive,Positive,Negative,IIIA
T2,N2,M0,p,ANY,ANY,ANY,G2,Positive,Positive,Negative,IIIA
T2,N2a,M0,p,ANY,ANY,ANY,G2,Positive,Positive,Negative,IIIA
T2,N2b,M0,p,ANY,ANY,ANY,G2,Positive,Positive,Negative,IIIA
T3,N1,M0,p,ANY,ANY,ANY,G2,Positive,Positive,Negative,IIIA
T3,N1a,M0,p,ANY,ANY,ANY,G2,Positive,Positive,Negative,IIIA
T3,N1b,M0,p,ANY,ANY,ANY,G2,Positive,Positive,Negative,IIIA
T3,N1c,M0,p,ANY,ANY,ANY,G2,Positive,Positive,Negative,IIIA
T3,N2,M0,p,ANY,ANY,ANY,G2,Positive,Positive,Negative,IIIA
T3,N2a,M0,p,ANY,ANY,ANY,G2,Positive,Positive,Negative,IIIA
T3,N2b,M0,p,ANY,ANY,ANY,G2,Positive,Positive,Negative,IIIA
T0,N2,M0,p,ANY,ANY,ANY,G2,Positive,Negative,Positive,IIIA
T0,N2a,M0,p,ANY,ANY,ANY,G2,Positive,Negative,Positive,IIIA
T0,N2b,M0,p,ANY,ANY,ANY,G2,Positive,Negative,Positive,IIIA
T1,N2,M0,p,ANY,ANY,ANY,G2,Positive,Negative,Positive,IIIA
T1,N2a,M0,p,ANY,ANY,ANY,G2,Positive,Negative,Positive,IIIA
T1,N2b,M0,p,ANY,ANY,ANY,G2,Positive,Negative,Positive,IIIA
T1mi,N2,M0,p,ANY,ANY,ANY,G2,Positive,Negative,Positive,IIIA
T1mi,N2a,M0,p,ANY,ANY,ANY,G2,Positive,Negative,Positive,IIIA
T1mi,N2b,M0,p,ANY,ANY,ANY,G2,Positive,Negative,Positive,IIIA
T1a,N2,M0,p,ANY,ANY,ANY,G2,Positive,Negative,Positive,IIIA
T1a,N2a,M0,p,ANY,ANY,ANY,G2,Positive,Negative,Positive,IIIA
T1a,N2b,M0,p,ANY,ANY,ANY,G2,Positive,Negative,Positive,IIIA
T1b,N2,M0,p,ANY,ANY,ANY,G2,Positive,Negative,Positive,IIIA
T1b,N2a,M0,p,ANY,ANY,ANY,G2,Positive,Negative,Positive,IIIA
T1b,N2b,M0,p,ANY,ANY,ANY,G2,Positive,Negative,Positive,IIIA
T1c,N2,M0,p,ANY,ANY,ANY,G2,Positive,Negative,Positive,IIIA
T1c,N2a,M0,p,ANY,ANY,ANY,G2,Positive,Negative,Positive,IIIA
T1c,N2b,M0,p,ANY,ANY,ANY,G2,Positive,Negative,Positive,IIIA
T2,N2,M0,p,ANY,ANY,ANY,G2,Positive,Negative,Positive,IIIA
T2,N2a,M0,p,ANY,ANY,ANY,G2,Positive,Negative,Positive,IIIA
T2,N2b,M0,p,ANY,ANY,ANY,G2,Positive,Negative,Positive,IIIA
T3,N1,M0,p,ANY,ANY,ANY,G2,Positive,Negative,Positive,IIIA
T3,N1a,M0,p,ANY,ANY,ANY,G2,Positive,Negative,Positive,IIIA
T3,N1b,M0,p,ANY,ANY,ANY,G2,Positive,Negative,Positive,IIIA
T3,N1c,M0,p,ANY,ANY,ANY,G2,Positive,Negative,Positive,IIIA
T3,N2,M0,p,ANY,ANY,ANY,G2,Positive,Negative,Positive,IIIA
T3,N2a,M0,p,ANY,ANY,ANY,G2,Positive,Negative,Positive,IIIA
T3,N2b,M0,p,ANY,ANY,ANY,G2,Positive,Negative,Positive,IIIA
T0,N2,M0,p,ANY,ANY,ANY,G2,Positive,Negative,Negative,IIIA
T0,N2a,M0,p,ANY,ANY,ANY,G2,Positive,Negative,Negative,IIIA
T0,N2b,M0,p,ANY,ANY,ANY,G2,Positive,Negative,Negative,IIIA
T1,N2,M0,p,ANY,ANY,ANY,G2,Positive,Negative,Negative,IIIA
T1,N2a,M0,p,ANY,ANY,ANY,G2,Positive,Negative,Negative,IIIA
T1,N2b,M0,p,ANY,ANY,ANY,G2,Positive,Negative,Negative,IIIA
T1mi,N2,M0,p,ANY,ANY,ANY,G2,Positive,Negative,Negative,IIIA
T1mi,N2a,M0,p,ANY,ANY,ANY,G2,Positive,Negative,Negative,IIIA
T1mi,N2b,M0,p,ANY,ANY,ANY,G2,Positive,Negative,Negative,IIIA
T1a,N2,M0,p,ANY,ANY,ANY,G2,Positive,Negative,Negative,IIIA
T1a,N2a,M0,p,ANY,ANY,ANY,G2,Positive,Negative,Negative,IIIA
T1a,N2b,M0,p,ANY,ANY,ANY,G2,Positive,Negative,Negative,IIIA
T1b,N2,M0,p,ANY,ANY,ANY,G2,Positive,Negative,Negative,IIIA
T1b,N2a,M0,p,ANY,ANY,ANY,G2,Positive,Negative,Negative,IIIA
T1b,N2b,M0,p,ANY,ANY,ANY,G2,Positive,Negative,Negative,IIIA
T1c,N2,M0,p,ANY,ANY,ANY,G2,Positive,Negative,Negative,IIIA
T1c,N2a,M0,p,ANY,ANY,ANY,G2,Positive,Negative,Negative,IIIA
T1c,N2b,M0,p,ANY,ANY,ANY,G2,Positive,Negative,Negative,IIIA
T2,N2,M0,p,ANY,ANY,ANY,G2,Positive,Negative,Negative,IIIA
T2,N2a,M0,p,ANY,ANY,ANY,G2,Positive,Negative,Negative,IIIA
T2,N2b,M0,p,ANY,ANY,ANY,G2,Positive,Negative,Negative,IIIA
T3,N1,M0,p,ANY,ANY,ANY,G2,Positive,Negative,Negative,IIIA
T3,N1a,M0,p,ANY,ANY,ANY,G2,Positive,Negative,Negative,IIIA
T3,N1b,M0,p,ANY,ANY,ANY,G2,Positive,Negative,Negative,IIIA
T3,N1c,M0,p,ANY,ANY,ANY,G2,Positive,Negative,Negative,IIIA
T3,N2,M0,p,ANY,ANY,ANY,G2,Positive,Negative,Negative,IIIA
T3,N2a,M0,p,ANY,ANY,ANY,G2,Positive,Negative,Negative,IIIA
T3,N2b,M0,p,ANY,ANY,ANY,G2,Positive,Negative,Negative,IIIA
T0,N2,M0,p,ANY,ANY,ANY,G2,Negative,Positive,Positive,IB
T0,N2a,M0,p,ANY,ANY,ANY,G2,Negative,Positive,Positive,IB
T0,N2b,M0,p,ANY,ANY,ANY,G2,Negative,Positive,Positive,IB
T1,N2,M0,p,ANY,ANY,ANY,G2,Negative,Positive,Positive,IB
T1,N2a,M0,p,ANY,ANY,ANY,G2,Negative,Positive,Positive,IB
T1,N2b,M0,p,ANY,ANY,ANY,G2,Negative,Positive,Positive,IB
T1mi,N2,M0,p,ANY,ANY,ANY,G2,Negative,Positive,Positive,IB
T1mi,N2a,M0,p,ANY,ANY,ANY,G2,Negative,Positive,Positive,IB
T1mi,N2b,M0,p,ANY,ANY,ANY,G2,Negative,Positive,Positive,IB
T1a,N2,M0,p,ANY,ANY,ANY,G2,Negative,Positive,Positive,IB
T1a,N2a,M0,p,ANY,ANY,ANY,G2,Negative,Positive,Positive,IB
T1a,N2b,M0,p,ANY,ANY,ANY,G2,Negative,Positive,Positive,IB
T1b,N2,M0,p,ANY,ANY,ANY,G2,Negative,Positive,Positive,IB
T1b,N2a,M0,p,ANY,ANY,ANY,G2,Negative,Positive,Positive,IB
T1b,N2b,M0,p,ANY,ANY,ANY,G2,Negative,Positive,Positive,IB
T1c,N2,M0,p,ANY,ANY,ANY,G2,Negative,Positive,Positive,IB
T1c,N2a,M0,p,ANY,ANY,ANY,G2,Negative,Positive,Positive,IB
T1c,N2b,M0,p,ANY,ANY,ANY,G2,Negative,Positive,Positive,IB
T2,N2,M0,p,ANY,ANY,ANY,G2,Negative,Positive,Positive,IB
T2,N2a,M0,p,ANY,ANY,ANY,G2,Negative,Positive,Positive,IB
T2,N2b,M0,p,ANY,ANY,ANY,G2,Negative,Positive,Positive,IB
T3,N1,M0,p,ANY,ANY,ANY,G2,Negative,Positive,Positive,IB
T3,N1a,M0,p,ANY,ANY,ANY,G2,Negative,Positive,Positive,IB
T3,N1b,M0,p,ANY,ANY,ANY,G2,Negative,Positive,Positive,IB
T3,N1c,M0,p,ANY,ANY,ANY,G2,Negative,Positive,Positive,IB
T3,N2,M0,p,ANY,ANY,ANY,G2,Negative,Positive,Positive,IB
T3,N2a,M0,p,ANY,ANY,ANY,G2,Negative,Positive,Positive,IB
T3,N2b,M0,p,ANY,ANY,ANY,G2,Negative,Positive,Positive,IB
T0,N2,M0,p,ANY,ANY,ANY,G2,Negative,Positive,Negative,IIIA
T0,N2a,M0,p,ANY,ANY,ANY,G2,Negative,Positive,Negative,IIIA
T0,N2b,M0,p,ANY,ANY,ANY,G2,Negative,Positive,Negative,IIIA
T1,N2,M0,p,ANY,ANY,ANY,G2,Negative,Positive,Negative,IIIA
T1,N2a,M0,p,ANY,ANY,ANY,G2,Negative,Positive,Negative,IIIA
T1,N2b,M0,p,ANY,ANY,ANY,G2,Negative,Positive,Negative,IIIA
T1mi,N2,M0,p,ANY,ANY,ANY,G2,Negative,Positive,Negative,IIIA
T1mi,N2a,M0,p,ANY,ANY,ANY,G2,Negative,Positive,Negative,IIIA
T1mi,N2b,M0,p,ANY,ANY,ANY,G2,Negative,Positive,Negative,IIIA
T1a,N2,M0,p,ANY,ANY,ANY,G2,Negative,Positive,Negative,IIIA
T1a,N2a,M0,p,ANY,ANY,ANY,G2,Negative,Positive,Negative,IIIA
T1a,N2b,M0,p,ANY,ANY,ANY,G2,Negative,Positive,Negative,IIIA
T1b,N2,M0,p,ANY,ANY,ANY,G2,Negative,Positive,Negative,IIIA
T1b,N2a,M0,p,ANY,ANY,ANY,G2,Negative,Positive,Negative,IIIA
T1b,N2b,M0,p,ANY,ANY,ANY,G2,Negative,Positive,Negative,IIIA
T1c,N2,M0,p,ANY,ANY,ANY,G2,Negative,Positive,Negative,IIIA
T1c,N2a,M0,p,ANY,ANY,ANY,G2,Negative,Positive,Negative,IIIA
T1c,N2b,M0,p,ANY,ANY,ANY,G2,Negative,Positive,Negative,IIIA
T2,N2,M0,p,ANY,ANY,ANY,G2,Negative,Positive,Negative,IIIA
T2,N2a,M0,p,ANY,ANY,ANY,G2,Negative,Positive,Negative,IIIA
T2,N2b,M0,p,ANY,ANY,ANY,G2,Negative,Positive,Negative,IIIA
T3,N1,M0,p,ANY,ANY,ANY,G2,Negative,Positive,Negative,IIIA
T3,N1a,M0,p,ANY,ANY,ANY,G2,Negative,Positive,Negative,IIIA
T3,N1b,M0,p,ANY,ANY,ANY,G2,Negative,Positive,Negative,IIIA
T3,N1c,M0,p,ANY,ANY,ANY,G2,Negative,Positive,Negative,IIIA
T3,N2,M0,p,ANY,ANY,ANY,G2,Negative,Positive,Negative,IIIA
T3,N2a,M0,p,ANY,ANY,ANY,G2,Negative,Positive,Negative,IIIA
T3,N2b,M0,p,ANY,ANY,ANY,G2,Negative,Positive,Negative,IIIA
T0,N2,M0,p,ANY,ANY,ANY,G2,Negative,Negative,Positive,IIIA
T0,N2a,M0,p,ANY,ANY,ANY,G2,Negative,Negative,Positive,IIIA
T0,N2b,M0,p,ANY,ANY,ANY,G2,Negative,Negative,Positive,IIIA
T1,N2,M0,p,ANY,ANY,ANY,G2,Negative,Negative,Positive,IIIA
T1,N2a,M0,p,ANY,ANY,ANY,G2,Negative,Negative,Positive,IIIA
T1,N2b,M0,p,ANY,ANY,ANY,G2,Negative,Negative,Positive,IIIA
T1mi,N2,M0,p,ANY,ANY,ANY,G2,Negative,Negative,Positive,IIIA
T1mi,N2a,M0,p,ANY,ANY,ANY,G2,Negative,Negative,Positive,IIIA
T1mi,N2b,M0,p,ANY,ANY,ANY,G2,Negative,Negative,Positive,IIIA
T1a,N2,M0,p,ANY,ANY,ANY,G2,Negative,Negative,Positive,IIIA
T1a,N2a,M0,p,ANY,ANY,ANY,G2,Negative,Negative,Positive,IIIA
T1a,N2b,M0,p,ANY,ANY,ANY,G2,Negative,Negative,Positive,IIIA
T1b,N2,M0,p,ANY,ANY,ANY,G2,Negative,Negative,Positive,IIIA
T1b,N2a,M0,p,ANY,ANY,ANY,G2,Negative,Negative,Positive,IIIA
T1b,N2b,M0,p,ANY,ANY,ANY,G2,Negative,Negative,Positive,IIIA
T1c,N2,M0,p,ANY,ANY,ANY,G2,Negative,Negative,Positive,IIIA
T1c,N2a,M0,p,ANY,ANY,ANY,G2,Negative,Negative,Positive,IIIA
T1c,N2b,M0,p,ANY,ANY,ANY,G2,Negative,Negative,Positive,IIIA
T2,N2,M0,p,ANY,ANY,ANY,G2,Negative,Negative,Positive,IIIA
T2,N2a,M0,p,ANY,ANY,ANY,G2,Negative,Negative,Positive,IIIA
T2,N2b,M0,p,ANY,ANY,ANY,G2,Negative,Negative,Positive,IIIA
T3,N1,M0,p,ANY,ANY,ANY,G2,Negative,Negative,Positive,IIIA
T3,N1a,M0,p,ANY,ANY,ANY,G2,Negative,Negative,Positive,IIIA
T3,N1b,M0,p,ANY,ANY,ANY,G2,Negative,Negative,Positive,IIIA
T3,N1c,M0,p,ANY,ANY,ANY,G2,Negative,Negative,Positive,IIIA
T3,N2,M0,p,ANY,ANY,ANY,G2,Negative,Negative,Positive,IIIA
T3,N2a,M0,p,ANY,ANY,ANY,G2,Negative,Negative,Positive,IIIA
T3,N2b,M0,p,ANY,ANY,ANY,G2,Negative,Negative,Positive,IIIA
T0,N2,M0,p,ANY,ANY,ANY,G2,Negative,Negative,Negative,IIIB
T0,N2a,M0,p,ANY,ANY,ANY,G2,Negative,Negative,Negative,IIIB
T0,N2b,M0,p,ANY,ANY,ANY,G2,Negative,Negative,Negative,IIIB
T1,N2,M0,p,ANY,ANY,ANY,G2,Negative,Negative,Negative,IIIB
T1,N2a,M0,p,ANY,ANY,ANY,G2,Negative,Negative,Negative,IIIB
T1,N2b,M0,p,ANY,ANY,ANY,G2,Negative,Negative,Negative,IIIB
T1mi,N2,M0,p,ANY,ANY,ANY,G2,Negative,Negative,Negative,IIIB
T1mi,N2a,M0,p,ANY,ANY,ANY,G2,Negative,Negative,Negative,IIIB
T1mi,N2b,M0,p,ANY,ANY,ANY,G2,Negative,Negative,Negative,IIIB
T1a,N2,M0,p,ANY,ANY,ANY,G2,Negative,Negative,Negative,IIIB
T1a,N2a,M0,p,ANY,ANY,ANY,G2,Negative,Negative,Negative,IIIB
T1a,N2b,M0,p,ANY,ANY,ANY,G2,Negative,Negative,Negative,IIIB
T1b,N2,M0,p,ANY,ANY,ANY,G2,Negative,Negative,Negative,IIIB
T1b,N2a,M0,p,ANY,ANY,ANY,G2,Negative,Negative,Negative,IIIB
T1b,N2b,M0,p,ANY,ANY,ANY,G2,Negative,Negative,Negative,IIIB
T1c,N2,M0,p,ANY,ANY,ANY,G2,Negative,Negative,Negative,IIIB
T1c,N2a,M0,p,ANY,ANY,ANY,G2,Negative,Negative,Negative,IIIB
T1c,N2b,M0,p,ANY,ANY,ANY,G2,Negative,Negative,Negative,IIIB
T2,N2,M0,p,ANY,ANY,ANY,G2,Negative,Negative,Negative,IIIB
T2,N2a,M0,p,ANY,ANY,ANY,G2,Negative,Negative,Negative,IIIB
T2,N2b,M0,p,ANY,ANY,ANY,G2,Negative,Negative,Negative,IIIB
T3,N1,M0,p,ANY,ANY,ANY,G2,Negative,Negative,Negative,IIIB
T3,N1a,M0,p,ANY,ANY,ANY,G2,Negative,Negative,Negative,IIIB
T3,N1b,M0,p,ANY,ANY,ANY,G2,Negative,Negative,Negative,IIIB
T3,N1c,M0,p,ANY,ANY,ANY,G2,Negative,Negative,Negative,IIIB
T3,N2,M0,p,ANY,ANY,ANY,G2,Negative,Negative,Negative,IIIB
T3,N2a,M0,p,ANY,ANY,ANY,G2,Negative,Negative,Negative,IIIB
T3,N2b,M0,p,ANY,ANY,ANY,G2,Negative,Negative,Negative,IIIB
T0,N2,M0,p,ANY,ANY,ANY,G3,Positive,Positive,Positive,IIA
T0,N2a,M0,p,ANY,ANY,ANY,G3,Positive,Positive,Positive,IIA
T0,N2b,M0,p,ANY,ANY,ANY,G3,Positive,Positive,Positive,IIA
T1,N2,M0,p,ANY,ANY,ANY,G3,Positive,Positive,Positive,IIA
T1,N2a,M0,p,ANY,ANY,ANY,G3,Positive,Positive,Positive,IIA
T1,N2b,M0,p,ANY,ANY,ANY,G3,Positive,Positive,Positive,IIA
T1mi,N2,M0,p,ANY,ANY,ANY,G3,Positive,Positive,Positive,IIA
T1mi,N2a,M0,p,ANY,ANY,ANY,G3,Positive,Positive,Positive,IIA
T1mi,N2b,M0,p,ANY,ANY,ANY,G3,Positive,Positive,Positive,IIA
T1a,N2,M0,p,ANY,ANY,ANY,G3,Positive,Positive,Positive,IIA
T1a,N2a,M0,p,ANY,ANY,ANY,G3,Positive,Positive,Positive,IIA
T1a,N2b,M0,p,ANY,ANY,ANY,G3,Positive,Positive,Positive,IIA
T1b,N2,M0,p,ANY,ANY,ANY,G3,Positive,Positive,Positive,IIA
T1b,N2a,M0,p,ANY,ANY,ANY,G3,Positive,Positive,Positive,IIA
T1b,N2b,M0,p,ANY,ANY,ANY,G3,Positive,Positive,Positive,IIA
T1c,N2,M0,p,ANY,ANY,ANY,G3,Positive,Positive,Positive,IIA
T1c,N2a,M0,p,ANY,ANY,ANY,G3,Positive,Positive,Positive,IIA
T1c,N2b,M0,p,ANY,ANY,ANY,G3,Positive,Positive,Positive,IIA
T2,N2,M0,p,ANY,ANY,ANY,G3,Positive,Positive,Positive,IIA
T2,N2a,M0,p,ANY,ANY,ANY,G3,Positive,Positive,Positive,IIA
T2,N2b,M0,p,ANY,ANY,ANY,G3,Positive,Positive,Positive,IIA
T3,N1,M0,p,ANY,ANY,ANY,G3,Positive,Positive,Positive,IIA
T3,N1a,M0,p,ANY,ANY,ANY,G3,Positive,Positive,Positive,IIA
T3,N1b,M0,p,ANY,ANY,ANY,G3,Positive,Positive,Positive,IIA
T3,N1c,M0,p,ANY,ANY,ANY,G3,Positive,Positive,Positive,IIA
T3,N2,M0,p,ANY,ANY,ANY,G3,Positive,Positive,Positive,IIA
T3,N2a,M0,p,ANY,ANY,ANY,G3,Positive,Positive,Positive,IIA
T3,N2b,M0,p,ANY,ANY,ANY,G3,Positive,Positive,Positive,IIA
T0,N2,M0,p,ANY,ANY,ANY,G3,Positive,Positive,Negative,IIIA
T0,N2a,M0,p,ANY,ANY,ANY,G3,Positive,Positive,Negative,IIIA
T0,N2b,M0,p,ANY,ANY,ANY,G3,Positive,Positive,Negative,IIIA
T1,N2,M0,p,ANY,ANY,ANY,G3,Positive,Positive,Negative,IIIA
T1,N2a,M0,p,ANY,ANY,ANY,G3,Positive,Positive,Negative,IIIA
T1,N2b,M0,p,ANY,ANY,ANY,G3,Positive,Positive,Negative,IIIA
T1mi,N2,M0,p,ANY,ANY,ANY,G3,Positive,Positive,Negative,IIIA
T1mi,N2a,M0,p,ANY,ANY,ANY,G3,Positive,Positive,Negative,IIIA
T1mi,N2b,M0,p,ANY,ANY,ANY,G3,Positive,Positive,Negative,IIIA
T1a,N2,M0,p,ANY,ANY,ANY,G3,Positive,Positive,Negative,IIIA
T1a,N2a,M0,p,ANY,ANY,ANY,G3,Positive,Positive,Negative,IIIA
T1a,N2b,M0,p,ANY,ANY,ANY,G3,Positive,Positive,Negative,IIIA
T1b,N2,M0,p,ANY,ANY,ANY,G3,Positive,Positive,Negative,IIIA
T1b,N2a,M0,p,ANY,ANY,ANY,G3,Positive,Positive,Negative,IIIA
T1b,N2b,M0,p,ANY,ANY,ANY,G3,Positive,Positive,Negative,IIIA
T1c,N2,M0,p,ANY,ANY,ANY,G3,Positive,Positive,Negative,IIIA
T1c,N2a,M0,p,ANY,ANY,ANY,G3,Positive,Positive,Negative,IIIA
T1c,N2b,M0,p,ANY,ANY,ANY,G3,Positive,Positive,Negative,IIIA
T2,N2,M0,p,ANY,ANY,ANY,G3,Positive,Positive,Negative,IIIA
T2,N2a,M0,p,ANY,ANY,ANY,G3,Positive,Positive,Negative,IIIA
T2,N2b,M0,p,ANY,ANY,ANY,G3,Positive,Positive,Negative,IIIA
T3,N1,M0,p,ANY,ANY,ANY,G3,Positive,Positive,Negative,IIIA
T3,N1a,M0,p,ANY,ANY,ANY,G3,Positive,Positive,Negative,IIIA
T3,N1b,M0,p,ANY,ANY,ANY,G3,Positive,Positive,Negative,IIIA
T3,N1c,M0,p,ANY,ANY,ANY,G3,Positive,Positive,Negative,IIIA
T3,N2,M0,p,ANY,ANY,ANY,G3,Positive,Positive,Negative,IIIA
T3,N2a,M0,p,ANY,ANY,ANY,G3,Positive,Positive,Negative,IIIA
T3,N2b,M0,p,ANY,ANY,ANY,G3,Positive,Positive,Negative,IIIA
T0,N2,M0,p,ANY,ANY,ANY,G3,Positive,Negative,Positive,IIIA
T0,N2a,M0,p,ANY,ANY,ANY,G3,Positive,Negative,Positive,IIIA
T0,N2b,M0,p,ANY,ANY,ANY,G3,Positive,Negative,Positive,IIIA
T1,N2,M0,p,ANY,ANY,ANY,G3,Positive,Negative,Positive,IIIA
T1,N2a,M0,p,ANY,ANY,ANY,G3,Positive,Negative,Positive,IIIA
T1,N2b,M0,p,ANY,ANY,ANY,G3,Positive,Negative,Positive,IIIA
T1mi,N2,M0,p,ANY,ANY,ANY,G3,Positive,Negative,Positive,IIIA
T1mi,N2a,M0,p,ANY,ANY,ANY,G3,Positive,Negative,Positive,IIIA
T1mi,N2b,M0,p,ANY,ANY,ANY,G3,Positive,Negative,Positive,IIIA
T1a,N2,M0,p,ANY,ANY,ANY,G3,Positive,Negative,Positive,IIIA
T1a,N2a,M0,p,ANY,ANY,ANY,G3,Positive,Negative,Positive,IIIA
T1a,N2b,M0,p,ANY,ANY,ANY,G3,Positive,Negative,Positive,IIIA
T1b,N2,M0,p,ANY,ANY,ANY,G3,Positive,Negative,Positive,IIIA
T1b,N2a,M0,p,ANY,ANY,ANY,G3,Positive,Negative,Positive,IIIA
T1b,N2b,M0,p,ANY,ANY,ANY,G3,Positive,Negative,Positive,IIIA
T1c,N2,M0,p,ANY,ANY,ANY,G3,Positive,Negative,Positive,IIIA
T1c,N2a,M0,p,ANY,ANY,ANY,G3,Positive,Negative,Positive,IIIA
T1c,N2b,M0,p,ANY,ANY,ANY,G3,Positive,Negative,Positive,IIIA
T2,N2,M0,p,ANY,ANY,ANY,G3,Positive,Negative,Positive,IIIA
T2,N2a,M0,p,ANY,ANY,ANY,G3,Positive,Negative,Positive,IIIA
T2,N2b,M0,p,ANY,ANY,ANY,G3,Positive,Negative,Positive,IIIA
T3,N1,M0,p,ANY,ANY,ANY,G3,Positive,Negative,Positive,IIIA
T3,N1a,M0,p,ANY,ANY,ANY,G3,Positive,Negative,Positive,IIIA
T3,N1b,M0,p,ANY,ANY,ANY,G3,Positive,Negative,Positive,IIIA
T3,N1c,M0,p,ANY,ANY,ANY,G3,Positive,Negative,Positive,IIIA
T3,N2,M0,p,ANY,ANY,ANY,G3,Positive,Negative,Positive,IIIA
T3,N2a,M0,p,ANY,ANY,ANY,G3,Positive,Negative,Positive,IIIA
T3,N2b,M0,p,ANY,ANY,ANY,G3,Positive,Negative,Positive,IIIA
T0,N2,M0,p,ANY,ANY,ANY,G3,Positive,Negative,Negative,IIIA
T0,N2a,M0,p,ANY,ANY,ANY,G3,Positive,Negative,Negative,IIIA
T0,N2b,M0,p,ANY,ANY,ANY,G3,Positive,Negative,Negative,IIIA
T1,N2,M0,p,ANY,ANY,ANY,G3,Positive,Negative,Negative,IIIA
T1,N2a,M0,p,ANY,ANY,ANY,G3,Positive,Negative,Negative,IIIA
T1,N2b,M0,p,ANY,ANY,ANY,G3,Positive,Negative,Negative,IIIA
T1mi,N2,M0,p,ANY,ANY,ANY,G3,Positive,Negative,Negative,IIIA
T1mi,N2a,M0,p,ANY,ANY,ANY,G3,Positive,Negative,Negative,IIIA
T1mi,N2b,M0,p,ANY,ANY,ANY,G3,Positive,Negative,Negative,IIIA
T1a,N2,M0,p,ANY,ANY,ANY,G3,Positive,Negative,Negative,IIIA
T1a,N2a,M0,p,ANY,ANY,ANY,G3,Positive,Negative,Negative,IIIA
T1a,N2b,M0,p,ANY,ANY,ANY,G3,Positive,Negative,Negative,IIIA
T1b,N2,M0,p,ANY,ANY,ANY,G3,Positive,Negative,Negative,IIIA
T1b,N2a,M0,p,ANY,ANY,ANY,G3,Positive,Negative,Negative,IIIA
T1b,N2b,M0,p,ANY,ANY,ANY,G3,Positive,Negative,Negative,IIIA
T1c,N2,M0,p,ANY,ANY,ANY,G3,Positive,Negative,Negative,IIIA
T1c,N2a,M0,p,ANY,ANY,ANY,G3,Positive,Negative,Negative,IIIA
T1c,N2b,M0,p,ANY,ANY,ANY,G3,Positive,Negative,Negative,IIIA
T2,N2,M0,p,ANY,ANY,ANY,G3,Positive,Negative,Negative,IIIA
T2,N2a,M0,p,ANY,ANY,ANY,G3,Positive,Negative,Negative,IIIA
T2,N2b,M0,p,ANY,ANY,ANY,G3,Positive,Negative,Negative,IIIA
T3,N1,M0,p,ANY,ANY,ANY,G3,Positive,Negative,Negative,IIIA
T3,N1a,M0,p,ANY,ANY,ANY,G3,Positive,Negative,Negative,IIIA
T3,N1b,M0,p,ANY,ANY,ANY,G3,Positive,Negative,Negative,IIIA
T3,N1c,M0,p,ANY,ANY,ANY,G3,Positive,Negative,Negative,IIIA
T3,N2,M0,p,ANY,ANY,ANY,G3,Positive,Negative,Negative,IIIA
T3,N2a,M0,p,ANY,ANY,ANY,G3,Positive,Negative,Negative,IIIA
T3,N2b,M0,p,ANY,ANY,ANY,G3,Positive,Negative,Negative,IIIA
T0,N2,M0,p,ANY,ANY,ANY,G3,Negative,Positive,Positive,IIB
T0,N2a,M0,p,ANY,ANY,ANY,G3,Negative,Positive,Positive,IIB
T0,N2b,M0,p,ANY,ANY,ANY,G3,Negative,Positive,Positive,IIB
T1,N2,M0,p,ANY,ANY,ANY,G3,Negative,Positive,Positive,IIB
T1,N2a,M0,p,ANY,ANY,ANY,G3,Negative,Positive,Positive,IIB
T1,N2b,M0,p,ANY,ANY,ANY,G3,Negative,Positive,Positive,IIB
T1mi,N2,M0,p,ANY,ANY,ANY,G3,Negative,Positive,Positive,IIB
T1mi,N2a,M0,p,ANY,ANY,ANY,G3,Negative,Positive,Positive,IIB
T1mi,N2b,M0,p,ANY,ANY,ANY,G3,Negative,Positive,Positive,IIB
T1a,N2,M0,p,ANY,ANY,ANY,G3,Negative,Positive,Positive,IIB
T1a,N2a,M0,p,ANY,ANY,ANY,G3,Negative,Positive,Positive,IIB
T1a,N2b,M0,p,ANY,ANY,ANY,G3,Negative,Positive,Positive,IIB
T1b,N2,M0,p,ANY,ANY,ANY,G3,Negative,Positive,Positive,IIB
T1b,N2a,M0,p,ANY,ANY,ANY,G3,Negative,Positive,Positive,IIB
T1b,N2b,M0,p,ANY,ANY,ANY,G3,Negative,Positive,Positive,IIB
T1c,N2,M0,p,ANY,ANY,ANY,G3,Negative,Positive,Positive,IIB
T1c,N2a,M0,p,ANY,ANY,ANY,G3,Negative,Positive,Positive,IIB
T1c,N2b,M0,p,ANY,ANY,ANY,G3,Negative,Positive,Positive,IIB
T2,N2,M0,p,ANY,ANY,ANY,G3,Negative,Positive,Positive,IIB
T2,N2a,M0,p,ANY,ANY,ANY,G3,Negative,Positive,Positive,IIB
T2,N2b,M0,p,ANY,ANY,ANY,G3,Negative,Positive,Positive,IIB
T3,N1,M0,p,ANY,ANY,ANY,G3,Negative,Positive,Positive,IIB
T3,N1a,M0,p,ANY,ANY,ANY,G3,Negative,Positive,Positive,IIB
T3,N1b,M0,p,ANY,ANY,ANY,G3,Negative,Positive,Positive,IIB
T3,N1c,M0,p,ANY,ANY,ANY,G3,Negative,Positive,Positive,IIB
T3,N2,M0,p,ANY,ANY,ANY,G3,Negative,Positive,Positive,IIB
T3,N2a,M0,p,ANY,ANY,ANY,G3,Negative,Positive,Positive,IIB
T3,N2b,M0,p,ANY,ANY,ANY,G3,Negative,Positive,Positive,IIB
T0,N2,M0,p,ANY,ANY,ANY,G3,Negative,Positive,Negative,IIIA
T0,N2a,M0,p,ANY,ANY,ANY,G3,Negative,Positive,Negative,IIIA
T0,N2b,M0,p,ANY,ANY,ANY,G3,Negative,Positive,Negative,IIIA
T1,N2,M0,p,ANY,ANY,ANY,G3,Negative,Positive,Negative,IIIA
T1,N2a,M0,p,ANY,ANY,ANY,G3,Negative,Positive,Negative,IIIA
T1,N2b,M0,p,ANY,ANY,ANY,G3,Negative,Positive,Negative,IIIA
T1mi,N2,M0,p,ANY,ANY,ANY,G3,Negative,Positive,Negative,IIIA
T1mi,N2a,M0,p,ANY,ANY,ANY,G3,Negative,Positive,Negative,IIIA
T1mi,N2b,M0,p,ANY,ANY,ANY,G3,Negative,Positive,Negative,IIIA
T1a,N2,M0,p,ANY,ANY,ANY,G3,Negative,Positive,Negative,IIIA
T1a,N2a,M0,p,ANY,ANY,ANY,G3,Negative,Positive,Negative,IIIA
T1a,N2b,M0,p,ANY,ANY,ANY,G3,Negative,Positive,Negative,IIIA
T1b,N2,M0,p,ANY,ANY,ANY,G3,Negative,Positive,Negative,IIIA
T1b,N2a,M0,p,ANY,ANY,ANY,G3,Negative,Positive,Negative,IIIA
T1b,N2b,M0,p,ANY,ANY,ANY,G3,Negative,Positive,Negative,IIIA
T1c,N2,M0,p,ANY,ANY,ANY,G3,Negative,Positive,Negative,IIIA
T1c,N2a,M0,p,ANY,ANY,ANY,G3,Negative,Positive,Negative,IIIA
T1c,N2b,M0,p,ANY,ANY,ANY,G3,Negative,Positive,Negative,IIIA
T2,N2,M0,p,ANY,ANY,ANY,G3,Negative,Positive,Negative,IIIA
T2,N2a,M0,p,ANY,ANY,ANY,G3,Negative,Positive,Negative,IIIA
T2,N2b,M0,p,ANY,ANY,ANY,G3,Negative,Positive,Negative,IIIA
T3,N1,M0,p,ANY,ANY,ANY,G3,Negative,Positive,Negative,IIIA
T3,N1a,M0,p,ANY,ANY,ANY,G3,Negative,Positive,Negative,IIIA
T3,N1b,M0,p,ANY,ANY,ANY,G3,Negative,Positive,Negative,IIIA
T3,N1c,M0,p,ANY,ANY,ANY,G3,Negative,Positive,Negative,IIIA
T3,N2,M0,p,ANY,ANY,ANY,G3,Negative,Positive,Negative,IIIA
T3,N2a,M0,p,ANY,ANY,ANY,G3,Negative,Positive,Negative,IIIA
T3,N2b,M0,p,ANY,ANY,ANY,G3,Negative,Positive,Negative,IIIA
T0,N2,M0,p,ANY,ANY,ANY,G3,Negative,Negative,Positive,IIIA
T0,N2a,M0,p,ANY,ANY,ANY,G3,Negative,Negative,Positive,IIIA
T0,N2b,M0,p,ANY,ANY,ANY,G3,Negative,Negative,Positive,IIIA
T1,N2,M0,p,ANY,ANY,ANY,G3,Negative,Negative,Positive,IIIA
T1,N2a,M0,p,ANY,ANY,ANY,G3,Negative,Negative,Positive,IIIA
T1,N2b,M0,p,ANY,ANY,ANY,G3,Negative,Negative,Positive,IIIA
T1mi,N2,M0,p,ANY,ANY,ANY,G3,Negative,Negative,Positive,IIIA
T1mi,N2a,M0,p,ANY,ANY,ANY,G3,Negative,Negative,Positive,IIIA
T1mi,N2b,M0,p,ANY,ANY,ANY,G3,Negative,Negative,Positive,IIIA
T1a,N2,M0,p,ANY,ANY,ANY,G3,Negative,Negative,Positive,IIIA
T1a,N2a,M0,p,ANY,ANY,ANY,G3,Negative,Negative,Positive,IIIA
T1a,N2b,M0,p,ANY,ANY,ANY,G3,Negative,Negative,Positive,IIIA
T1b,N2,M0,p,ANY,ANY,ANY,G3,Negative,Negative,Positive,IIIA
T1b,N2a,M0,p,ANY,ANY,ANY,G3,Negative,Negative,Positive,IIIA
T1b,N2b,M0,p,ANY,ANY,ANY,G3,Negative,Negative,Positive,IIIA
T1c,N2,M0,p,ANY,ANY,ANY,G3,Negative,Negative,Positive,IIIA
T1c,N2a,M0,p,ANY,ANY,ANY,G3,Negative,Negative,Positive,IIIA
T1c,N2b,M0,p,ANY,ANY,ANY,G3,Negative,Negative,Positive,IIIA
T2,N2,M0,p,ANY,ANY,ANY,G3,Negative,Negative,Positive,IIIA
T2,N2a,M0,p,ANY,ANY,ANY,G3,Negative,Negative,Positive,IIIA
T2,N2b,M0,p,ANY,ANY,ANY,G3,Negative,Negative,Positive,IIIA
T3,N1,M0,p,ANY,ANY,ANY,G3,Negative,Negative,Positive,IIIA
T3,N1a,M0,p,ANY,ANY,ANY,G3,Negative,Negative,Positive,IIIA
T3,N1b,M0,p,ANY,ANY,ANY,G3,Negative,Negative,Positive,IIIA
T3,N1c,M0,p,ANY,ANY,ANY,G3,Negative,Negative,Positive,IIIA
T3,N2,M0,p,ANY,ANY,ANY,G3,Negative,Negative,Positive,IIIA
T3,N2a,M0,p,ANY,ANY,ANY,G3,Negative,Negative,Positive,IIIA
T3,N2b,M0,p,ANY,ANY,ANY,G3,Negative,Negative,Positive,IIIA
T0,N2,M0,p,ANY,ANY,ANY,G3,Negative,Negative,Negative,IIIC
T0,N2a,M0,p,ANY,ANY,ANY,G3,Negative,Negative,Negative,IIIC
T0,N2b,M0,p,ANY,ANY,ANY,G3,Negative,Negative,Negative,IIIC
T1,N2,M0,p,ANY,ANY,ANY,G3,Negative,Negative,Negative,IIIC
T1,N2a,M0,p,ANY,ANY,ANY,G3,Negative,Negative,Negative,IIIC
T1,N2b,M0,p,ANY,ANY,ANY,G3,Negative,Negative,Negative,IIIC
T1mi,N2,M0,p,ANY,ANY,ANY,G3,Negative,Negative,Negative,IIIC
T1mi,N2a,M0,p,ANY,ANY,ANY,G3,Negative,Negative,Negative,IIIC
T1mi,N2b,M0,p,ANY,ANY,ANY,G3,Negative,Negative,Negative,IIIC
T1a,N2,M0,p,ANY,ANY,ANY,G3,Negative,Negative,Negative,IIIC
T1a,N2a,M0,p,ANY,ANY,ANY,G3,Negative,Negative,Negative,IIIC
T1a,N2b,M0,p,ANY,ANY,ANY,G3,Negative,Negative,Negative,IIIC
T1b,N2,M0,p,ANY,ANY,ANY,G3,Negative,Negative,Negative,IIIC
T1b,N2a,M0,p,ANY,ANY,ANY,G3,Negative,Negative,Negative,IIIC
T1b,N2b,M0,p,ANY,ANY,ANY,G3,Negative,Negative,Negative,IIIC
T1c,N2,M0,p,ANY,ANY,ANY,G3,Negative,Negative,Negative,IIIC
T1c,N2a,M0,p,ANY,ANY,ANY,G3,Negative,Negative,Negative,IIIC
T1c,N2b,M0,p,ANY,ANY,ANY,G3,Negative,Negative,Negative,IIIC
T2,N2,M0,p,ANY,ANY,ANY,G3,Negative,Negative,Negative,IIIC
T2,N2a,M0,p,ANY,ANY,ANY,G3,Negative,Negative,Negative,IIIC
T2,N2b,M0,p,ANY,ANY,ANY,G3,Negative,Negative,Negative,IIIC
T3,N1,M0,p,ANY,ANY,ANY,G3,Negative,Negative,Negative,IIIC
T3,N1a,M0,p,ANY,ANY,ANY,G3,Negative,Negative,Negative,IIIC
T3,N1b,M0,p,ANY,ANY,ANY,G3,Negative,Negative,Negative,IIIC
T3,N1c,M0,p,ANY,ANY,ANY,G3,Negative,Negative,Negative,IIIC
T3,N2,M0,p,ANY,ANY,ANY,G3,Negative,Negative,Negative,IIIC
T3,N2a,M0,p,ANY,ANY,ANY,G3,Negative,Negative,Negative,IIIC
T3,N2b,M0,p,ANY,ANY,ANY,G3,Negative,Negative,Negative,IIIC
T4,N0,M0,p,ANY,ANY,ANY,G1,Positive,Negative,Positive,IIIB
T4a,N0,M0,p,ANY,ANY,ANY,G1,Positive,Negative,Positive,IIIB
T4b,N0,M0,p,ANY,ANY,ANY,G1,Positive,Negative,Positive,IIIB
T4c,N0,M0,p,ANY,ANY,ANY,G1,Positive,Negative,Positive,IIIB
T4d,N0,M0,p,ANY,ANY,ANY,G1,Positive,Negative,Positive,IIIB
T4,N1,M0,p,ANY,ANY,ANY,G1,Positive,Negative,Positive,IIIB
T4,N1a,M0,p,ANY,ANY,ANY,G1,Positive,Negative,Positive,IIIB
T4,N1b,M0,p,ANY,ANY,ANY,G1,Positive,Negative,Positive,IIIB
T4,N1c,M0,p,ANY,ANY,ANY,G1,Positive,Negative,Positive,IIIB
T4a,N1,M0,p,ANY,ANY,ANY,G1,Positive,Negative,Positive,IIIB
T4a,N1a,M0,p,ANY,ANY,ANY,G1,Positive,Negative,Positive,IIIB
T4a,N1b,M0,p,ANY,ANY,ANY,G1,Positive,Negative,Positive,IIIB
T4a,N1c,M0,p,ANY,ANY,ANY,G1,Positive,Negative,Positive,IIIB
T4b,N1,M0,p,ANY,ANY,ANY,G1,Positive,Negative,Positive,IIIB
T4b,N1a,M0,p,ANY,ANY,ANY,G1,Positive,Negative,Positive,IIIB
T4b,N1b,M0,p,ANY,ANY,ANY,G1,Positive,Negative,Positive,IIIB
T4b,N1c,M0,p,ANY,ANY,ANY,G1,Positive,Negative,Positive,IIIB
T4c,N1,M0,p,ANY,ANY,ANY,G1,Positive,Negative,Positive,IIIB
T4c,N1a,M0,p,ANY,ANY,ANY,G1,Positive,Negative,Positive,IIIB
T4c,N1b,M0,p,ANY,ANY,ANY,G1,Positive,Negative,Positive,IIIB
T4c,N1c,M0,p,ANY,ANY,ANY,G1,Positive,Negative,Positive,IIIB
T4d,N1,M0,p,ANY,ANY,ANY,G1,Positive,Negative,Positive,IIIB
T4d,N1a,M0,p,ANY,ANY,ANY,G1,Positive,Negative,Positive,IIIB
T4d,N1b,M0,p,ANY,ANY,ANY,G1,Positive,Negative,Positive,IIIB
T4d,N1c,M0,p,ANY,ANY,ANY,G1,Positive,Negative,Positive,IIIB
T4,N2,M0,p,ANY,ANY,ANY,G1,Positive,Negative,Positive,IIIB
T4,N2a,M0,p,ANY,ANY,ANY,G1,Positive,Negative,Positive,IIIB
T4,N2b,M0,p,ANY,ANY,ANY,G1,Positive,Negative,Positive,IIIB
T4a,N2,M0,p,ANY,ANY,ANY,G1,Positive,Negative,Positive,IIIB
T4a,N2a,M0,p,ANY,ANY,ANY,G1,Positive,Negative,Positive,IIIB
T4a,N2b,M0,p,ANY,ANY,ANY,G1,Positive,Negative,Positive,IIIB
T4b,N2,M0,p,ANY,ANY,ANY,G1,Positive,Negative,Positive,IIIB
T4b,N2a,M0,p,ANY,ANY,ANY,G1,Positive,Negative,Positive,IIIB
T4b,N2b,M0,p,ANY,ANY,ANY,G1,Positive,Negative,Positive,IIIB
T4c,N2,M0,p,ANY,ANY,ANY,G1,Positive,Negative,Positive,IIIB
T4c,N2a,M0,p,ANY,ANY,ANY,G1,Positive,Negative,Positive,IIIB
T4c,N2b,M0,p,ANY,ANY,ANY,G1,Positive,Negative,Positive,IIIB
T4d,N2,M0,p,ANY,ANY,ANY,G1,Positive,Negative,Positive,IIIB
T4d,N2a,M0,p,ANY,ANY,ANY,G1,Positive,Negative,Positive,IIIB
T4d,N2b,M0,p,ANY,ANY,ANY,G1,Positive,Negative,Positive,IIIB
ANY,N3,M0,p,ANY,ANY,ANY,G1,Positive,Negative,Positive,IIIB
ANY,N3a,M0,p,ANY,ANY,ANY,G1,Positive,Negative,Positive,IIIB
ANY,N3b,M0,p,ANY,ANY,ANY,G1,Positive,Negative,Positive,IIIB
ANY,N3c,M0,p,ANY,ANY,ANY,G1,Positive,Negative,Positive,IIIB
T4,N0,M0,p,ANY,ANY,ANY,G1,Positive,Negative,Negative,IIIB
T4a,N0,M0,p,ANY,ANY,ANY,G1,Positive,Negative,Negative,IIIB
T4b,N0,M0,p,ANY,ANY,ANY,G1,Positive,Negative,Negative,IIIB
T4c,N0,M0,p,ANY,ANY,ANY,G1,Positive,Negative,Negative,IIIB
T4d,N0,M0,p,ANY,ANY,ANY,G1,Positive,Negative,Negative,IIIB
T4,N1,M0,p,ANY,ANY,ANY,G1,Positive,Negative,Negative,IIIB
T4,N1a,M0,p,ANY,ANY,ANY,G1,Positive,Negative,Negative,IIIB
T4,N1b,M0,p,ANY,ANY,ANY,G1,Positive,Negative,Negative,IIIB
T4,N1c,M0,p,ANY,ANY,ANY,G1,Positive,Negative,Negative,IIIB
T4a,N1,M0,p,ANY,ANY,ANY,G1,Positive,Negative,Negative,IIIB
T4a,N1a,M0,p,ANY,ANY,ANY,G1,Positive,Negative,Negative,IIIB
T4a,N1b,M0,p,ANY,ANY,ANY,G1,Positive,Negative,Negative,IIIB
T4a,N1c,M0,p,ANY,ANY,ANY,G1,Positive,Negative,Negative,IIIB
T4b,N1,M0,p,ANY,ANY,ANY,G1,Positive,Negative,Negative,IIIB
T4b,N1a,M0,p,ANY,ANY,ANY,G1,Positive,Negative,Negative,IIIB
T4b,N1b,M0,p,ANY,ANY,ANY,G1,Positive,Negative,Negative,IIIB
T4b,N1c,M0,p,ANY,ANY,ANY,G1,Positive,Negative,Negative,IIIB
T4c,N1,M0,p,ANY,ANY,ANY,G1,Positive,Negative,Negative,IIIB
T4c,N1a,M0,p,ANY,ANY,ANY,G1,Positive,Negative,Negative,IIIB
T4c,N1b,M0,p,ANY,ANY,ANY,G1,Positive,Negative,Negative,IIIB
T4c,N1c,M0,p,ANY,ANY,ANY,G1,Positive,Negative,Negative,IIIB
T4d,N1,M0,p,ANY,ANY,ANY,G1,Positive,Negative,Negative,IIIB
T4d,N1a,M0,p,ANY,ANY,ANY,G1,Positive,Negative,Negative,IIIB
T4d,N1b,M0,p,ANY,ANY,ANY,G1,Positive,Negative,Negative,IIIB
T4d,N1c,M0,p,ANY,ANY,ANY,G1,Positive,Negative,Negative,IIIB
T4,N2,M0,p,ANY,ANY,ANY,G1,Positive,Negative,Negative,IIIB
T4,N2a,M0,p,ANY,ANY,ANY,G1,Positive,Negative,Negative,IIIB
T4,N2b,M0,p,ANY,ANY,ANY,G1,Positive,Negative,Negative,IIIB
T4a,N2,M0,p,ANY,ANY,ANY,G1,Positive,Negative,Negative,IIIB
T4a,N2a,M0,p,ANY,ANY,ANY,G1,Positive,Negative,Negative,IIIB
T4a,N2b,M0,p,ANY,ANY,ANY,G1,Positive,Negative,Negative,IIIB
T4b,N2,M0,p,ANY,ANY,ANY,G1,Positive,Negative,Negative,IIIB
T4b,N2a,M0,p,ANY,ANY,ANY,G1,Positive,Negative,Negative,IIIB
T4b,N2b,M0,p,ANY,ANY,ANY,G1,Positive,Negative,Negative,IIIB
T4c,N2,M0,p,ANY,ANY,ANY,G1,Positive,Negative,Negative,IIIB
T4c,N2a,M0,p,ANY,ANY,ANY,G1,Positive,Negative,Negative,IIIB
T4c,N2b,M0,p,ANY,ANY,ANY,G1,Positive,Negative,Negative,IIIB
T4d,N2,M0,p,ANY,ANY,ANY,G1,Positive,Negative,Negative,IIIB
T4d,N2a,M0,p,ANY,ANY,ANY,G1,Positive,Negative,Negative,IIIB
T4d,N2b,M0,p,ANY,ANY,ANY,G1,Positive,Negative,Negative,IIIB
ANY,N3,M0,p,ANY,ANY,ANY,G1,Positive,Negative,Negative,IIIB
ANY,N3a,M0,p,ANY,ANY,ANY,G1,Positive,Negative,Negative,IIIB
ANY,N3b,M0,p,ANY,ANY,ANY,G1,Positive,Negative,Negative,IIIB
ANY,N3c,M0,p,ANY,ANY,ANY,G1,Positive,Negative,Negative,IIIB
T4,N0,M0,p,ANY,ANY,ANY,G1,Negative,Positive,Positive,IIIA
T4a,N0,M0,p,ANY,ANY,ANY,G1,Negative,Positive,Positive,IIIA
T4b,N0,M0,p,ANY,ANY,ANY,G1,Negative,Positive,Positive,IIIA
T4c,N0,M0,p,ANY,ANY,ANY,G1,Negative,Positive,Positive,IIIA
T4d,N0,M0,p,ANY,ANY,ANY,G1,Negative,Positive,Positive,IIIA
T4,N1,M0,p,ANY,ANY,ANY,G1,Negative,Positive,Positive,IIIA
T4,N1a,M0,p,ANY,ANY,ANY,G1,Negative,Positive,Positive,IIIA
T4,N1b,M0,p,ANY,ANY,ANY,G1,Negative,Positive,Positive,IIIA
T4,N1c,M0,p,ANY,ANY,ANY,G1,Negative,Positive,Positive,IIIA
T4a,N1,M0,p,ANY,ANY,ANY,G1,Negative,Positive,Positive,IIIA
T4a,N1a,M0,p,ANY,ANY,ANY,G1,Negative,Positive,Positive,IIIA
T4a,N1b,M0,p,ANY,ANY,ANY,G1,Negative,Positive,Positive,IIIA
T4a,N1c,M0,p,ANY,ANY,ANY,G1,Negative,Positive,Positive,IIIA
T4b,N1,M0,p,ANY,ANY,ANY,G1,Negative,Positive,Positive,IIIA
T4b,N1a,M0,p,ANY,ANY,ANY,G1,Negative,Positive,Positive,IIIA
T4b,N1b,M0,p,ANY,ANY,ANY,G1,Negative,Positive,Positive,IIIA
T4b,N1c,M0,p,ANY,ANY,ANY,G1,Negative,Positive,Positive,IIIA
T4c,N1,M0,p,ANY,ANY,ANY,G1,Negative,Positive,Positive,IIIA
T4c,N1a,M0,p,ANY,ANY,ANY,G1,Negative,Positive,Positive,IIIA
T4c,N1b,M0,p,ANY,ANY,ANY,G1,Negative,Positive,Positive,IIIA
T4c,N1c,M0,p,ANY,ANY,ANY,G1,Negative,Positive,Positive,IIIA
T4d,N1,M0,p,ANY,ANY,ANY,G1,Negative,Positive,Positive,IIIA
T4d,N1a,M0,p,ANY,ANY,ANY,G1,Negative,Positive,Positive,IIIA
T4d,N1b,M0,p,ANY,ANY,ANY,G1,Negative,Positive,Positive,IIIA
T4d,N1c,M0,p,ANY,ANY,ANY,G1,Negative,Positive,Positive,IIIA
T4,N2,M0,p,ANY,ANY,ANY,G1,Negative,Positive,Positive,IIIA
T4,N2a,M0,p,ANY,ANY,ANY,G1,Negative,Positive,Positive,IIIA
T4,N2b,M0,p,ANY,ANY,ANY,G1,Negative,Positive,Positive,IIIA
T4a,N2,M0,p,ANY,ANY,ANY,G1,Negative,Positive,Positive,IIIA
T4a,N2a,M0,p,ANY,ANY,ANY,G1,Negative,Positive,Positive,IIIA
T4a,N2b,M0,p,ANY,ANY,ANY,G1,Negative,Positive,Positive,IIIA
T4b,N2,M0,p,ANY,ANY,ANY,G1,Negative,Positive,Positive,IIIA
T4b,N2a,M0,p,ANY,ANY,ANY,G1,Negative,Positive,Positive,IIIA
T4b,N2b,M0,p,ANY,ANY,ANY,G1,Negative,Positive,Positive,IIIA
T4c,N2,M0,p,ANY,ANY,ANY,G1,Negative,Positive,Positive,IIIA
T4c,N2a,M0,p,ANY,ANY,ANY,G1,Negative,Positive,Positive,IIIA
T4c,N2b,M0,p,ANY,ANY,ANY,G1,Negative,Positive,Positive,IIIA
T4d,N2,M0,p,ANY,ANY,ANY,G1,Negative,Positive,Positive,IIIA
T4d,N2a,M0,p,ANY,ANY,ANY,G1,Negative,Positive,Positive,IIIA
T4d,N2b,M0,p,ANY,ANY,ANY,G1,Negative,Positive,Positive,IIIA
ANY,N3,M0,p,ANY,ANY,ANY,G1,Negative,Positive,Positive,IIIA
ANY,N3a,M0,p,ANY,ANY,ANY,G1,Negative,Positive,Positive,IIIA
ANY,N3b,M0,p,ANY,ANY,ANY,G1,Negative,Positive,Positive,IIIA
ANY,N3c,M0,p,ANY,ANY,ANY,G1,Negative,Positive,Positive,IIIA
T4,N0,M0,p,ANY,ANY,ANY,G1,Negative,Positive,Negative,IIIB
T4a,N0,M0,p,ANY,ANY,ANY,G1,Negative,Positive,Negative,IIIB
T4b,N0,M0,p,ANY,ANY,ANY,G1,Negative,Positive,Negative,IIIB
T4c,N0,M0,p,ANY,ANY,ANY,G1,Negative,Positive,Negative,IIIB
T4d,N0,M0,p,ANY,ANY,ANY,G1,Negative,Positive,Negative,IIIB
T4,N1,M0,p,ANY,ANY,ANY,G1,Negative,Positive,Negative,IIIB
T4,N1a,M0,p,ANY,ANY,ANY,G1,Negative,Positive,Negative,IIIB
T4,N1b,M0,p,ANY,ANY,ANY,G1,Negative,Positive,Negative,IIIB
T4,N1c,M0,p,ANY,ANY,ANY,G1,Negative,Positive,Negative,IIIB
T4a,N1,M0,p,ANY,ANY,ANY,G1,Negative,Positive,Negative,IIIB
T4a,N1a,M0,p,ANY,ANY,ANY,G1,Negative,Positive,Negative,IIIB
T4a,N1b,M0,p,ANY,ANY,ANY,G1,Negative,Positive,Negative,IIIB
T4a,N1c,M0,p,ANY,ANY,ANY,G1,Negative,Positive,Negative,IIIB
T4b,N1,M0,p,ANY,ANY,ANY,G1,Negative,Positive,Negative,IIIB
T4b,N1a,M0,p,ANY,ANY,ANY,G1,Negative,Positive,Negative,IIIB
T4b,N1b,M0,p,ANY,ANY,ANY,G1,Negative,Positive,Negative,IIIB
T4b,N1c,M0,p,ANY,ANY,ANY,G1,Negative,Positive,Negative,IIIB
T4c,N1,M0,p,ANY,ANY,ANY,G1,Negative,Positive,Negative,IIIB
T4c,N1a,M0,p,ANY,ANY,ANY,G1,Negative,Positive,Negative,IIIB
T4c,N1b,M0,p,ANY,ANY,ANY,G1,Negative,Positive,Negative,IIIB
T4c,N1c,M0,p,ANY,ANY,ANY,G1,Negative,Positive,Negative,IIIB
T4d,N1,M0,p,ANY,ANY,ANY,G1,Negative,Positive,Negative,IIIB
T4d,N1a,M0,p,ANY,ANY,ANY,G1,Negative,Positive,Negative,IIIB
T4d,N1b,M0,p,ANY,ANY,ANY,G1,Negative,Positive,Negative,IIIB
T4d,N1c,M0,p,ANY,ANY,ANY,G1,Negative,Positive,Negative,IIIB
T4,N2,M0,p,ANY,ANY,ANY,G1,Negative,Positive,Negative,IIIB
T4,N2a,M0,p,ANY,ANY,ANY,G1,Negative,Positive,Negative,IIIB
T4,N2b,M0,p,ANY,ANY,ANY,G1,Negative,Positive,Negative,IIIB
T4a,N2,M0,p,ANY,ANY,ANY,G1,Negative,Positive,Negative,IIIB
T4a,N2a,M0,p,ANY,ANY,ANY,G1,Negative,Positive,Negative,IIIB
T4a,N2b,M0,p,ANY,ANY,ANY,G1,Negative,Positive,Negative,IIIB
T4b,N2,M0,p,ANY,ANY,ANY,G1,Negative,Positive,Negative,IIIB
T4b,N2a,M0,p,ANY,ANY,ANY,G1,Negative,Positive,Negative,IIIB
T4b,N2b,M0,p,ANY,ANY,ANY,G1,Negative,Positive,Negative,IIIB
T4c,N2,M0,p,ANY,ANY,ANY,G1,Negative,Positive,Negative,IIIB
T4c,N2a,M0,p,ANY,ANY,ANY,G1,Negative,Positive,Negative,IIIB
T4c,N2b,M0,p,ANY,ANY,ANY,G1,Negative,Positive,Negative,IIIB
T4d,N2,M0,p,ANY,ANY,ANY,G1,Negative,Positive,Negative,IIIB
T4d,N2a,M0,p,ANY,ANY,ANY,G1,Negative,Positive,Negative,IIIB
T4d,N2b,M0,p,ANY,ANY,ANY,G1,Negative,Positive,Negative,IIIB
ANY,N3,M0,p,ANY,ANY,ANY,G1,Negative,Positive,Negative,IIIB
ANY,N3a,M0,p,ANY,ANY,ANY,G1,Negative,Positive,Negative,IIIB
ANY,N3b,M0,p,ANY,ANY,ANY,G1,Negative,Positive,Negative,IIIB
ANY,N3c,M0,p,ANY,ANY,ANY,G1,Negative,Positive,Negative,IIIB
T4,N0,M0,p,ANY,ANY,ANY,G1,Negative,Negative,Positive,IIIB
T4a,N0,M0,p,ANY,ANY,ANY,G1,Negative,Negative,Positive,IIIB
T4b,N0,M0,p,ANY,ANY,ANY,G1,Negative,Negative,Positive,IIIB
T4c,N0,M0,p,ANY,ANY,ANY,G1,Negative,Negative,Positive,IIIB
T4d,N0,M0,p,ANY,ANY,ANY,G1,Negative,Negative,Positive,IIIB
T4,N1,M0,p,ANY,ANY,ANY,G1,Negative,Negative,Positive,IIIB
T4,N1a,M0,p,ANY,ANY,ANY,G1,Negative,Negative,Positive,IIIB
T4,N1b,M0,p,ANY,ANY,ANY,G1,Negative,Negative,Positive,IIIB
T4,N1c,M0,p,ANY,ANY,ANY,G1,Negative,Negative,Positive,IIIB
T4a,N1,M0,p,ANY,ANY,ANY,G1,Negative,Negative,Positive,IIIB
T4a,N1a,M0,p,ANY,ANY,ANY,G1,Negative,Negative,Positive,IIIB
T4a,N1b,M0,p,ANY,ANY,ANY,G1,Negative,Negative,Positive,IIIB
T4a,N1c,M0,p,ANY,ANY,ANY,G1,Negative,Negative,Positive,IIIB
T4b,N1,M0,p,ANY,ANY,ANY,G1,Negative,Negative,Positive,IIIB
T4b,N1a,M0,p,ANY,ANY,ANY,G1,Negative,Negative,Positive,IIIB
T4b,N1b,M0,p,ANY,ANY,ANY,G1,Negative,Negative,Positive,IIIB
T4b,N1c,M0,p,ANY,ANY,ANY,G1,Negative,Negative,Positive,IIIB
T4c,N1,M0,p,ANY,ANY,ANY,G1,Negative,Negative,Positive,IIIB
T4c,N1a,M0,p,ANY,ANY,ANY,G1,Negative,Negative,Positive,IIIB
T4c,N1b,M0,p,ANY,ANY,ANY,G1,Negative,Negative,Positive,IIIB
T4c,N1c,M0,p,ANY,ANY,ANY,G1,Negative,Negative,Positive,IIIB
T4d,N1,M0,p,ANY,ANY,ANY,G1,Negative,Negative,Positive,IIIB
T4d,N1a,M0,p,ANY,ANY,ANY,G1,Negative,Negative,Positive,IIIB
T4d,N1b,M0,p,ANY,ANY,ANY,G1,Negative,Negative,Positive,IIIB
T4d,N1c,M0,p,ANY,ANY,ANY,G1,Negative,Negative,Positive,IIIB
T4,N2,M0,p,ANY,ANY,ANY,G1,Negative,Negative,Positive,IIIB
T4,N2a,M0,p,ANY,ANY,ANY,G1,Negative,Negative,Positive,IIIB
T4,N2b,M0,p,ANY,ANY,ANY,G1,Negative,Negative,Positive,IIIB
T4a,N2,M0,p,ANY,ANY,ANY,G1,Negative,Negative,Positive,IIIB
T4a,N2a,M0,p,ANY,ANY,ANY,G1,Negative,Negative,Positive,IIIB
T4a,N2b,M0,p,ANY,ANY,ANY,G1,Negative,Negative,Positive,IIIB
T4b,N2,M0,p,ANY,ANY,ANY,G1,Negative,Negative,Positive,IIIB
T4b,N2a,M0,p,ANY,ANY,ANY,G1,Negative,Negative,Positive,IIIB
T4b,N2b,M0,p,ANY,ANY,ANY,G1,Negative,Negative,Positive,IIIB
T4c,N2,M0,p,ANY,ANY,ANY,G1,Negative,Negative,Positive,IIIB
T4c,N2a,M0,p,ANY,ANY,ANY,G1,Negative,Negative,Positive,IIIB
T4c,N2b,M0,p,ANY,ANY,ANY,G1,Negative,Negative,Positive,IIIB
T4d,N2,M0,p,ANY,ANY,ANY,G1,Negative,Negative,Positive,IIIB
T4d,N2a,M0,p,ANY,ANY,ANY,G1,Negative,Negative,Positive,IIIB
T4d,N2b,M0,p,ANY,ANY,ANY,G1,Negative,Negative,Positive,IIIB
ANY,N3,M0,p,ANY,ANY,ANY,G1,Negative,Negative,Positive,IIIB
ANY,N3a,M0,p,ANY,ANY,ANY,G1,Negative,Negative,Positive,IIIB
ANY,N3b,M0,p,ANY,ANY,ANY,G1,Negative,Negative,Positive,IIIB
ANY,N3c,M0,p,ANY,ANY,ANY,G1,Negative,Negative,Positive,IIIB
T4,N0,M0,p,ANY,ANY,ANY,G1,Negative,Negative,Negative,IIIB
T4a,N0,M0,p,ANY,ANY,ANY,G1,Negative,Negative,Negative,IIIB
T4b,N0,M0,p,ANY,ANY,ANY,G1,Negative,Negative,Negative,IIIB
T4c,N0,M0,p,ANY,ANY,ANY,G1,Negative,Negative,Negative,IIIB
T4d,N0,M0,p,ANY,ANY,ANY,G1,Negative,Negative,Negative,IIIB
T4,N1,M0,p,ANY,ANY,ANY,G1,Negative,Negative,Negative,IIIB
T4,N1a,M0,p,ANY,ANY,ANY,G1,Negative,Negative,Negative,IIIB
T4,N1b,M0,p,ANY,ANY,ANY,G1,Negative,Negative,Negative,IIIB
T4,N1c,M0,p,ANY,ANY,ANY,G1,Negative,Negative,Negative,IIIB
T4a,N1,M0,p,ANY,ANY,ANY,G1,Negative,Negative,Negative,IIIB
T4a,N1a,M0,p,ANY,ANY,ANY,G1,Negative,Negative,Negative,IIIB
T4a,N1b,M0,p,ANY,ANY,ANY,G1,Negative,Negative,Negative,IIIB
T4a,N1c,M0,p,ANY,ANY,ANY,G1,Negative,Negative,Negative,IIIB
T4b,N1,M0,p,ANY,ANY,ANY,G1,Negative,Negative,Negative,IIIB
T4b,N1a,M0,p,ANY,ANY,ANY,G1,Negative,Negative,Negative,IIIB
T4b,N1b,M0,p,ANY,ANY,ANY,G1,Negative,Negative,Negative,IIIB
T4b,N1c,M0,p,ANY,ANY,ANY,G1,Negative,Negative,Negative,IIIB
T4c,N1,M0,p,ANY,ANY,ANY,G1,Negative,Negative,Negative,IIIB
T4c,N1a,M0,p,ANY,ANY,ANY,G1,Negative,Negative,Negative,IIIB
T4c,N1b,M0,p,ANY,ANY,ANY,G1,Negative,Negative,Negative,IIIB
T4c,N1c,M0,p,ANY,ANY,ANY,G1,Negative,Negative,Negative,IIIB
T4d,N1,M0,p,ANY,ANY,ANY,G1,Negative,Negative,Negative,IIIB
T4d,N1a,M0,p,ANY,ANY,ANY,G1,Negative,Negative,Negative,IIIB
T4d,N1b,M0,p,ANY,ANY,ANY,G1,Negative,Negative,Negative,IIIB
T4d,N1c,M0,p,ANY,ANY,ANY,G1,Negative,Negative,Negative,IIIB
T4,N2,M0,p,ANY,ANY,ANY,G1,Negative,Negative,Negative,IIIB
T4,N2a,M0,p,ANY,ANY,ANY,G1,Negative,Negative,Negative,IIIB
T4,N2b,M0,p,ANY,ANY,ANY,G1,Negative,Negative,Negative,IIIB
T4a,N2,M0,p,ANY,ANY,ANY,G1,Negative,Negative,Negative,IIIB
T4a,N2a,M0,p,ANY,ANY,ANY,G1,Negative,Negative,Negative,IIIB
T4a,N2b,M0,p,ANY,ANY,ANY,G1,Negative,Negative,Negative,IIIB
T4b,N2,M0,p,ANY,ANY,ANY,G1,Negative,Negative,Negative,IIIB
T4b,N2a,M0,p,ANY,ANY,ANY,G1,Negative,Negative,Negative,IIIB
T4b,N2b,M0,p,ANY,ANY,ANY,G1,Negative,Negative,Negative,IIIB
T4c,N2,M0,p,ANY,ANY,ANY,G1,Negative,Negative,Negative,IIIB
T4c,N2a,M0,p,ANY,ANY,ANY,G1,Negative,Negative,Negative,IIIB
T4c,N2b,M0,p,ANY,ANY,ANY,G1,Negative,Negative,Negative,IIIB
T4d,N2,M0,p,ANY,ANY,ANY,G1,Negative,Negative,Negative,IIIB
T4d,N2a,M0,p,ANY,ANY,ANY,G1,Negative,Negative,Negative,IIIB
T4d,N2b,M0,p,ANY,ANY,ANY,G1,Negative,Negative,Negative,IIIB
ANY,N3,M0,p,ANY,ANY,ANY,G1,Negative,Negative,Negative,IIIB
ANY,N3a,M0,p,ANY,ANY,ANY,G1,Negative,Negative,Negative,IIIB
ANY,N3b,M0,p,ANY,ANY,ANY,G1,Negative,Negative,Negative,IIIB
ANY,N3c,M0,p,ANY,ANY,ANY,G1,Negative,Negative,Negative,IIIB
T4,N0,M0,p,ANY,ANY,ANY,G2,Positive,Positive,Positive,IIIA
T4a,N0,M0,p,ANY,ANY,ANY,G2,Positive,Positive,Positive,IIIA
T4b,N0,M0,p,ANY,ANY,ANY,G2,Positive,Positive,Positive,IIIA
T4c,N0,M0,p,ANY,ANY,ANY,G2,Positive,Positive,Positive,IIIA
T4d,N0,M0,p,ANY,ANY,ANY,G2,Positive,Positive,Positive,IIIA
T4,N1,M0,p,ANY,ANY,ANY,G2,Positive,Positive,Positive,IIIA
T4,N1a,M0,p,ANY,ANY,ANY,G2,Positive,Positive,Positive,IIIA
T4,N1b,M0,p,ANY,ANY,ANY,G2,Positive,Positive,Positive,IIIA
T4,N1c,M0,p,ANY,ANY,ANY,G2,Positive,Positive,Positive,IIIA
T4a,N1,M0,p,ANY,ANY,ANY,G2,Positive,Positive,Positive,IIIA
T4a,N1a,M0,p,ANY,ANY,ANY,G2,Positive,Positive,Positive,IIIA
T4a,N1b,M0,p,ANY,ANY,ANY,G2,Positive,Positive,Positive,IIIA
T4a,N1c,M0,p,ANY,ANY,ANY,G2,Positive,Positive,Positive,IIIA
T4b,N1,M0,p,ANY,ANY,ANY,G2,Positive,Positive,Positive,IIIA
T4b,N1a,M0,p,ANY,ANY,ANY,G2,Positive,Positive,Positive,IIIA
T4b,N1b,M0,p,ANY,ANY,ANY,G2,Positive,Positive,Positive,IIIA
T4b,N1c,M0,p,ANY,ANY,ANY,G2,Positive,Positive,Positive,IIIA
T4c,N1,M0,p,ANY,ANY,ANY,G2,Positive,Positive,Positive,IIIA
T4c,N1a,M0,p,ANY,ANY,ANY,G2,Positive,Positive,Positive,IIIA
T4c,N1b,M0,p,ANY,ANY,ANY,G2,Positive,Positive,Positive,IIIA
T4c,N1c,M0,p,ANY,ANY,ANY,G2,Positive,Positive,Positive,IIIA
T4d,N1,M0,p,ANY,ANY,ANY,G2,Positive,Positive,Positive,IIIA
T4d,N1a,M0,p,ANY,ANY,ANY,G2,Positive,Positive,Positive,IIIA
T4d,N1b,M0,p,ANY,ANY,ANY,G2,Positive,Positive,Positive,IIIA
T4d,N1c,M0,p,ANY,ANY,ANY,G2,Positive,Positive,Positive,IIIA
T4,N2,M0,p,ANY,ANY,ANY,G2,Positive,Positive,Positive,IIIA
T4,N2a,M0,p,ANY,ANY,ANY,G2,Positive,Positive,Positive,IIIA
T4,N2b,M0,p,ANY,ANY,ANY,G2,Positive,Positive,Positive,IIIA
T4a,N2,M0,p,ANY,ANY,ANY,G2,Positive,Positive,Positive,IIIA
T4a,N2a,M0,p,ANY,ANY,ANY,G2,Positive,Positive,Positive,IIIA
T4a,N2b,M0,p,ANY,ANY,ANY,G2,Positive,Positive,Positive,IIIA
T4b,N2,M0,p,ANY,ANY,ANY,G2,Positive,Positive,Positive,IIIA
T4b,N2a,M0,p,ANY,ANY,ANY,G2,Positive,Positive,Positive,IIIA
T4b,N2b,M0,p,ANY,ANY,ANY,G2,Positive,Positive,Positive,IIIA
T4c,N2,M0,p,ANY,ANY,ANY,G2,Positive,Positive,Positive,IIIA
T4c,N2a,M0,p,ANY,ANY,ANY,G2,Positive,Positive,Positive,IIIA
T4c,N2b,M0,p,ANY,ANY,ANY,G2,Positive,Positive,Positive,IIIA
T4d,N2,M0,p,ANY,ANY,ANY,G2,Positive,Positive,Positive,IIIA
T4d,N2a,M0,p,ANY,ANY,ANY,G2,Positive,Positive,Positive,IIIA
T4d,N2b,M0,p,ANY,ANY,ANY,G2,Positive,Positive,Positive,IIIA
ANY,N3,M0,p,ANY,ANY,ANY,G2,Positive,Positive,Positive,IIIA
ANY,N3a,M0,p,ANY,ANY,ANY,G2,Positive,Positive,Positive,IIIA
ANY,N3b,M0,p,ANY,ANY,ANY,G2,Positive,Positive,Positive,IIIA
ANY,N3c,M0,p,ANY,ANY,ANY,G2,Positive,Positive,Positive,IIIA
T4,N0,M0,p,ANY,ANY,ANY,G2,Positive,Positive,Negative,IIIB
T4a,N0,M0,p,ANY,ANY,ANY,G2,Positive,Positive,Negative,IIIB
T4b,N0,M0,p,ANY,ANY,ANY,G2,Positive,Positive,Negative,IIIB
T4c,N0,M0,p,ANY,ANY,ANY,G2,Positive,Positive,Negative,IIIB
T4d,N0,M0,p,ANY,ANY,ANY,G2,Positive,Positive,Negative,IIIB
T4,N1,M0,p,ANY,ANY,ANY,G2,Positive,Positive,Negative,IIIB
T4,N1a,M0,p,ANY,ANY,ANY,G2,Positive,Positive,Negative,IIIB
T4,N1b,M0,p,ANY,ANY,ANY,G2,Positive,Positive,Negative,IIIB
T4,N1c,M0,p,ANY,ANY,ANY,G2,Positive,Positive,Negative,IIIB
T4a,N1,M0,p,ANY,ANY,ANY,G2,Positive,Positive,Negative,IIIB
T4a,N1a,M0,p,ANY,ANY,ANY,G2,Positive,Positive,Negative,IIIB
T4a,N1b,M0,p,ANY,ANY,ANY,G2,Positive,Positive,Negative,IIIB
T4a,N1c,M0,p,ANY,ANY,ANY,G2,Positive,Positive,Negative,IIIB
T4b,N1,M0,p,ANY,ANY,ANY,G2,Positive,Positive,Negative,IIIB
T4b,N1a,M0,p,ANY,ANY,ANY,G2,Positive,Positive,Negative,IIIB
T4b,N1b,M0,p,ANY,ANY,ANY,G2,Positive,Positive,Negative,IIIB
T4b,N1c,M0,p,ANY,ANY,ANY,G2,Positive,Positive,Negative,IIIB
T4c,N1,M0,p,ANY,ANY,ANY,G2,Positive,Positive,Negative,IIIB
T4c,N1a,M0,p,ANY,ANY,ANY,G2,Positive,Positive,Negative,IIIB
T4c,N1b,M0,p,ANY,ANY,ANY,G2,Positive,Positive,Negative,IIIB
T4c,N1c,M0,p,ANY,ANY,ANY,G2,Positive,Positive,Negative,IIIB
T4d,N1,M0,p,ANY,ANY,ANY,G2,Positive,Positive,Negative,IIIB
T4d,N1a,M0,p,ANY,ANY,ANY,G2,Positive,Positive,Negative,IIIB
T4d,N1b,M0,p,ANY,ANY,ANY,G2,Positive,Positive,Negative,IIIB
T4d,N1c,M0,p,ANY,ANY,ANY,G2,Positive,Positive,Negative,IIIB
T4,N2,M0,p,ANY,ANY,ANY,G2,Positive,Positive,Negative,IIIB
T4,N2a,M0,p,ANY,ANY,ANY,G2,Positive,Positive,Negative,IIIB
T4,N2b,M0,p,ANY,ANY,ANY,G2,Positive,Positive,Negative,IIIB
T4a,N2,M0,p,ANY,ANY,ANY,G2,Positive,Positive,Negative,IIIB
T4a,N2a,M0,p,ANY,ANY,ANY,G2,Positive,Positive,Negative,IIIB
T4a,N2b,M0,p,ANY,ANY,ANY,G2,Positive,Positive,Negative,IIIB
T4b,N2,M0,p,ANY,ANY,ANY,G2,Positive,Positive,Negative,IIIB
T4b,N2a,M0,p,ANY,ANY,ANY,G2,Positive,Positive,Negative,IIIB
T4b,N2b,M0,p,ANY,ANY,ANY,G2,Positive,Positive,Negative,IIIB
T4c,N2,M0,p,ANY,ANY,ANY,G2,Positive,Positive,Negative,IIIB
T4c,N2a,M0,p,ANY,ANY,ANY,G2,Positive,Positive,Negative,IIIB
T4c,N2b,M0,p,ANY,ANY,ANY,G2,Positive,Positive,Negative,IIIB
T4d,N2,M0,p,ANY,ANY,ANY,G2,Positive,Positive,Negative,IIIB
T4d,N2a,M0,p,ANY,ANY,ANY,G2,Positive,Positive,Negative,IIIB
T4d,N2b,M0,p,ANY,ANY,ANY,G2,Positive,Positive,Negative,IIIB
ANY,N3,M0,p,ANY,ANY,ANY,G2,Positive,Positive,Negative,IIIB
ANY,N3a,M0,p,ANY,ANY,ANY,G2,Positive,Positive,Negative,IIIB
ANY,N3b,M0,p,ANY,ANY,ANY,G2,Positive,Positive,Negative,IIIB
ANY,N3c,M0,p,ANY,ANY,ANY,G2,Positive,Positive,Negative,IIIB
T4,N0,M0,p,ANY,ANY,ANY,G2,Positive,Negative,Positive,IIIB
T4a,N0,M0,p,ANY,ANY,ANY,G2,Positive,Negative,Positive,IIIB
T4b,N0,M0,p,ANY,ANY,ANY,G2,Positive,Negative,Positive,IIIB
T4c,N0,M0,p,ANY,ANY,ANY,G2,Positive,Negative,Positive,IIIB
T4d,N0,M0,p,ANY,ANY,ANY,G2,Positive,Negative,Positive,IIIB
T4,N1,M0,p,ANY,ANY,ANY,G2,Positive,Negative,Positive,IIIB
T4,N1a,M0,p,ANY,ANY,ANY,G2,Positive,Negative,Positive,IIIB
T4,N1b,M0,p,ANY,ANY,ANY,G2,Positive,Negative,Positive,IIIB
T4,N1c,M0,p,ANY,ANY,ANY,G2,Positive,Negative,Positive,IIIB
T4a,N1,M0,p,ANY,ANY,ANY,G2,Positive,Negative,Positive,IIIB
T4a,N1a,M0,p,ANY,ANY,ANY,G2,Positive,Negative,Positive,IIIB
T4a,N1b,M0,p,ANY,ANY,ANY,G2,Positive,Negative,Positive,IIIB
T4a,N1c,M0,p,ANY,ANY,ANY,G2,Positive,Negative,Positive,IIIB
T4b,N1,M0,p,ANY,ANY,ANY,G2,Positive,Negative,Positive,IIIB
T4b,N1a,M0,p,ANY,ANY,ANY,G2,Positive,Negative,Positive,IIIB
T4b,N1b,M0,p,ANY,ANY,ANY,G2,Positive,Negative,Positive,IIIB
T4b,N1c,M0,p,ANY,ANY,ANY,G2,Positive,Negative,Positive,IIIB
T4c,N1,M0,p,ANY,ANY,ANY,G2,Positive,Negative,Positive,IIIB
T4c,N1a,M0,p,ANY,ANY,ANY,G2,Positive,Negative,Positive,IIIB
T4c,N1b,M0,p,ANY,ANY,ANY,G2,Positive,Negative,Positive,IIIB
T4c,N1c,M0,p,ANY,ANY,ANY,G2,Positive,Negative,Positive,IIIB
T4d,N1,M0,p,ANY,ANY,ANY,G2,Positive,Negative,Positive,IIIB
T4d,N1a,M0,p,ANY,ANY,ANY,G2,Positive,Negative,Positive,IIIB
T4d,N1b,M0,p,ANY,ANY,ANY,G2,Positive,Negative,Positive,IIIB
T4d,N1c,M0,p,ANY,ANY,ANY,G2,Positive,Negative,Positive,IIIB
T4,N2,M0,p,ANY,ANY,ANY,G2,Positive,Negative,Positive,IIIB
T4,N2a,M0,p,ANY,ANY,ANY,G2,Positive,Negative,Positive,IIIB
T4,N2b,M0,p,ANY,ANY,ANY,G2,Positive,Negative,Positive,IIIB
T4a,N2,M0,p,ANY,ANY,ANY,G2,Positive,Negative,Positive,IIIB
T4a,N2a,M0,p,ANY,ANY,ANY,G2,Positive,Negative,Positive,IIIB
T4a,N2b,M0,p,ANY,ANY,ANY,G2,Positive,Negative,Positive,IIIB
T4b,N2,M0,p,ANY,ANY,ANY,G2,Positive,Negative,Positive,IIIB
T4b,N2a,M0,p,ANY,ANY,ANY,G2,Positive,Negative,Positive,IIIB
T4b,N2b,M0,p,ANY,ANY,ANY,G2,Positive,Negative,Positive,IIIB
T4c,N2,M0,p,ANY,ANY,ANY,G2,Positive,Negative,Positive,IIIB
T4c,N2a,M0,p,ANY,ANY,ANY,G2,Positive,Negative,Positive,IIIB
T4c,N2b,M0,p,ANY,ANY,ANY,G2,Positive,Negative,Positive,IIIB
T4d,N2,M0,p,ANY,ANY,ANY,G2,Positive,Negative,Positive,IIIB
T4d,N2a,M0,p,ANY,ANY,ANY,G2,Positive,Negative,Positive,IIIB
T4d,N2b,M0,p,ANY,ANY,ANY,G2,Positive,Negative,Positive,IIIB
ANY,N3,M0,p,ANY,ANY,ANY,G2,Positive,Negative,Positive,IIIB
ANY,N3a,M0,p,ANY,ANY,ANY,G2,Positive,Negative,Positive,IIIB
ANY,N3b,M0,p,ANY,ANY,ANY,G2,Positive,Negative,Positive,IIIB
ANY,N3c,M0,p,ANY,ANY,ANY,G2,Positive,Negative,Positive,IIIB
T4,N0,M0,p,ANY,ANY,ANY,G2,Positive,Negative,Negative,IIIB
T4a,N0,M0,p,ANY,ANY,ANY,G2,Positive,Negative,Negative,IIIB
T4b,N0,M0,p,ANY,ANY,ANY,G2,Positive,Negative,Negative,IIIB
T4c,N0,M0,p,ANY,ANY,ANY,G2,Positive,Negative,Negative,IIIB
T4d,N0,M0,p,ANY,ANY,ANY,G2,Positive,Negative,Negative,IIIB
T4,N1,M0,p,ANY,ANY,ANY,G2,Positive,Negative,Negative,IIIB
T4,N1a,M0,p,ANY,ANY,ANY,G2,Positive,Negative,Negative,IIIB
T4,N1b,M0,p,ANY,ANY,ANY,G2,Positive,Negative,Negative,IIIB
T4,N1c,M0,p,ANY,ANY,ANY,G2,Positive,Negative,Negative,IIIB
T4a,N1,M0,p,ANY,ANY,ANY,G2,Positive,Negative,Negative,IIIB
T4a,N1a,M0,p,ANY,ANY,ANY,G2,Positive,Negative,Negative,IIIB
T4a,N1b,M0,p,ANY,ANY,ANY,G2,Positive,Negative,Negative,IIIB
T4a,N1c,M0,p,ANY,ANY,ANY,G2,Positive,Negative,Negative,IIIB
T4b,N1,M0,p,ANY,ANY,ANY,G2,Positive,Negative,Negative,IIIB
T4b,N1a,M0,p,ANY,ANY,ANY,G2,Positive,Negative,Negative,IIIB
T4b,N1b,M0,p,ANY,ANY,ANY,G2,Positive,Negative,Negative,IIIB
T4b,N1c,M0,p,ANY,ANY,ANY,G2,Positive,Negative,Negative,IIIB
T4c,N1,M0,p,ANY,ANY,ANY,G2,Positive,Negative,Negative,IIIB
T4c,N1a,M0,p,ANY,ANY,ANY,G2,Positive,Negative,Negative,IIIB
T4c,N1b,M0,p,ANY,ANY,ANY,G2,Positive,Negative,Negative,IIIB
T4c,N1c,M0,p,ANY,ANY,ANY,G2,Positive,Negative,Negative,IIIB
T4d,N1,M0,p,ANY,ANY,ANY,G2,Positive,Negative,Negative,IIIB
T4d,N1a,M0,p,ANY,ANY,ANY,G2,Positive,Negative,Negative,IIIB
T4d,N1b,M0,p,ANY,ANY,ANY,G2,Positive,Negative,Negative,IIIB
T4d,N1c,M0,p,ANY,ANY,ANY,G2,Positive,Negative,Negative,IIIB
T4,N2,M0,p,ANY,ANY,ANY,G2,Positive,Negative,Negative,IIIB
T4,N2a,M0,p,ANY,ANY,ANY,G2,Positive,Negative,Negative,IIIB
T4,N2b,M0,p,ANY,ANY,ANY,G2,Positive,Negative,Negative,IIIB
T4a,N2,M0,p,ANY,ANY,ANY,G2,Positive,Negative,Negative,IIIB
T4a,N2a,M0,p,ANY,ANY,ANY,G2,Positive,Negative,Negative,IIIB
T4a,N2b,M0,p,ANY,ANY,ANY,G2,Positive,Negative,Negative,IIIB
T4b,N2,M0,p,ANY,ANY,ANY,G2,Positive,Negative,Negative,IIIB
T4b,N2a,M0,p,ANY,ANY,ANY,G2,Positive,Negative,Negative,IIIB
T4b,N2b,M0,p,ANY,ANY,ANY,G2,Positive,Negative,Negative,IIIB
T4c,N2,M0,p,ANY,ANY,ANY,G2,Positive,Negative,Negative,IIIB
T4c,N2a,M0,p,ANY,ANY,ANY,G2,Positive,Negative,Negative,IIIB
T4c,N2b,M0,p,ANY,ANY,ANY,G2,Positive,Negative,Negative,IIIB
T4d,N2,M0,p,ANY,ANY,ANY,G2,Positive,Negative,Negative,IIIB
T4d,N2a,M0,p,ANY,ANY,ANY,G2,Positive,Negative,Negative,IIIB
T4d,N2b,M0,p,ANY,ANY,ANY,G2,Positive,Negative,Negative,IIIB
ANY,N3,M0,p,ANY,ANY,ANY,G2,Positive,Negative,Negative,IIIB
ANY,N3a,M0,p,ANY,ANY,ANY,G2,Positive,Negative,Negative,IIIB
ANY,N3b,M0,p,ANY,ANY,ANY,G2,Positive,Negative,Negative,IIIB
ANY,N3c,M0,p,ANY,ANY,ANY,G2,Positive,Negative,Negative,IIIB
T4,N0,M0,p,ANY,ANY,ANY,G2,Negative,Positive,Positive,IIIA
T4a,N0,M0,p,ANY,ANY,ANY,G2,Negative,Positive,Positive,IIIA
T4b,N0,M0,p,ANY,ANY,ANY,G2,Negative,Positive,Positive,IIIA
T4c,N0,M0,p,ANY,ANY,ANY,G2,Negative,Positive,Positive,IIIA
T4d,N0,M0,p,ANY,ANY,ANY,G2,Negative,Positive,Positive,IIIA
T4,N1,M0,p,ANY,ANY,ANY,G2,Negative,Positive,Positive,IIIA
T4,N1a,M0,p,ANY,ANY,ANY,G2,Negative,Positive,Positive,IIIA
T4,N1b,M0,p,ANY,ANY,ANY,G2,Negative,Positive,Positive,IIIA
T4,N1c,M0,p,ANY,ANY,ANY,G2,Negative,Positive,Positive,IIIA
T4a,N1,M0,p,ANY,ANY,ANY,G2,Negative,Positive,Positive,IIIA
T4a,N1a,M0,p,ANY,ANY,ANY,G2,Negative,Positive,Positive,IIIA
T4a,N1b,M0,p,ANY,ANY,ANY,G2,Negative,Positive,Positive,IIIA
T4a,N1c,M0,p,ANY,ANY,ANY,G2,Negative,Positive,Positive,IIIA
T4b,N1,M0,p,ANY,ANY,ANY,G2,Negative,Positive,Positive,IIIA
T4b,N1a,M0,p,ANY,ANY,ANY,G2,Negative,Positive,Positive,IIIA
T4b,N1b,M0,p,ANY,ANY,ANY,G2,Negative,Positive,Positive,IIIA
T4b,N1c,M0,p,ANY,ANY,ANY,G2,Negative,Positive,Positive,IIIA
T4c,N1,M0,p,ANY,ANY,ANY,G2,Negative,Positive,Positive,IIIA
T4c,N1a,M0,p,ANY,ANY,ANY,G2,Negative,Positive,Positive,IIIA
T4c,N1b,M0,p,ANY,ANY,ANY,G2,Negative,Positive,Positive,IIIA
T4c,N1c,M0,p,ANY,ANY,ANY,G2,Negative,Positive,Positive,IIIA
T4d,N1,M0,p,ANY,ANY,ANY,G2,Negative,Positive,Positive,IIIA
T4d,N1a,M0,p,ANY,ANY,ANY,G2,Negative,Positive,Positive,IIIA
T4d,N1b,M0,p,ANY,ANY,ANY,G2,Negative,Positive,Positive,IIIA
T4d,N1c,M0,p,ANY,ANY,ANY,G2,Negative,Positive,Positive,IIIA
T4,N2,M0,p,ANY,ANY,ANY,G2,Negative,Positive,Positive,IIIA
T4,N2a,M0,p,ANY,ANY,ANY,G2,Negative,Positive,Positive,IIIA
T4,N2b,M0,p,ANY,ANY,ANY,G2,Negative,Positive,Positive,IIIA
T4a,N2,M0,p,ANY,ANY,ANY,G2,Negative,Positive,Positive,IIIA
T4a,N2a,M0,p,ANY,ANY,ANY,G2,Negative,Positive,Positive,IIIA
T4a,N2b,M0,p,ANY,ANY,ANY,G2,Negative,Positive,Positive,IIIA
T4b,N2,M0,p,ANY,ANY,ANY,G2,Negative,Positive,Positive,IIIA
T4b,N2a,M0,p,ANY,ANY,ANY,G2,Negative,Positive,Positive,IIIA
T4b,N2b,M0,p,ANY,ANY,ANY,G2,Negative,Positive,Positive,IIIA
T4c,N2,M0,p,ANY,ANY,ANY,G2,Negative,Positive,Positive,IIIA
T4c,N2a,M0,p,ANY,ANY,ANY,G2,Negative,Positive,Positive,IIIA
T4c,N2b,M0,p,ANY,ANY,ANY,G2,Negative,Positive,Positive,IIIA
T4d,N2,M0,p,ANY,ANY,ANY,G2,Negative,Positive,Positive,IIIA
T4d,N2a,M0,p,ANY,ANY,ANY,G2,Negative,Positive,Positive,IIIA
T4d,N2b,M0,p,ANY,ANY,ANY,G2,Negative,Positive,Positive,IIIA
ANY,N3,M0,p,ANY,ANY,ANY,G2,Negative,Positive,Positive,IIIA
ANY,N3a,M0,p,ANY,ANY,ANY,G2,Negative,Positive,Positive,IIIA
ANY,N3b,M0,p,ANY,ANY,ANY,G2,Negative,Positive,Positive,IIIA
ANY,N3c,M0,p,ANY,ANY,ANY,G2,Negative,Positive,Positive,IIIA
T4,N0,M0,p,ANY,ANY,ANY,G2,Negative,Positive,Negative,IIIB
T4a,N0,M0,p,ANY,ANY,ANY,G2,Negative,Positive,Negative,IIIB
T4b,N0,M0,p,ANY,ANY,ANY,G2,Negative,Positive,Negative,IIIB
T4c,N0,M0,p,ANY,ANY,ANY,G2,Negative,Positive,Negative,IIIB
T4d,N0,M0,p,ANY,ANY,ANY,G2,Negative,Positive,Negative,IIIB
T4,N1,M0,p,ANY,ANY,ANY,G2,Negative,Positive,Negative,IIIB
T4,N1a,M0,p,ANY,ANY,ANY,G2,Negative,Positive,Negative,IIIB
T4,N1b,M0,p,ANY,ANY,ANY,G2,Negative,Positive,Negative,IIIB
T4,N1c,M0,p,ANY,ANY,ANY,G2,Negative,Positive,Negative,IIIB
T4a,N1,M0,p,ANY,ANY,ANY,G2,Negative,Positive,Negative,IIIB
T4a,N1a,M0,p,ANY,ANY,ANY,G2,Negative,Positive,Negative,IIIB
T4a,N1b,M0,p,ANY,ANY,ANY,G2,Negative,Positive,Negative,IIIB
T4a,N1c,M0,p,ANY,ANY,ANY,G2,Negative,Positive,Negative,IIIB
T4b,N1,M0,p,ANY,ANY,ANY,G2,Negative,Positive,Negative,IIIB
T4b,N1a,M0,p,ANY,ANY,ANY,G2,Negative,Positive,Negative,IIIB
T4b,N1b,M0,p,ANY,ANY,ANY,G2,Negative,Positive,Negative,IIIB
T4b,N1c,M0,p,ANY,ANY,ANY,G2,Negative,Positive,Negative,IIIB
T4c,N1,M0,p,ANY,ANY,ANY,G2,Negative,Positive,Negative,IIIB
T4c,N1a,M0,p,ANY,ANY,ANY,G2,Negative,Positive,Negative,IIIB
T4c,N1b,M0,p,ANY,ANY,ANY,G2,Negative,Positive,Negative,IIIB
T4c,N1c,M0,p,ANY,ANY,ANY,G2,Negative,Positive,Negative,IIIB
T4d,N1,M0,p,ANY,ANY,ANY,G2,Negative,Positive,Negative,IIIB
T4d,N1a,M0,p,ANY,ANY,ANY,G2,Negative,Positive,Negative,IIIB
T4d,N1b,M0,p,ANY,ANY,ANY,G2,Negative,Positive,Negative,IIIB
T4d,N1c,M0,p,ANY,ANY,ANY,G2,Negative,Positive,Negative,IIIB
T4,N2,M0,p,ANY,ANY,ANY,G2,Negative,Positive,Negative,IIIB
T4,N2a,M0,p,ANY,ANY,ANY,G2,Negative,Positive,Negative,IIIB
T4,N2b,M0,p,ANY,ANY,ANY,G2,Negative,Positive,Negative,IIIB
T4a,N2,M0,p,ANY,ANY,ANY,G2,Negative,Positive,Negative,IIIB
T4a,N2a,M0,p,ANY,ANY,ANY,G2,Negative,Positive,Negative,IIIB
T4a,N2b,M0,p,ANY,ANY,ANY,G2,Negative,Positive,Negative,IIIB
T4b,N2,M0,p,ANY,ANY,ANY,G2,Negative,Positive,Negative,IIIB
T4b,N2a,M0,p,ANY,ANY,ANY,G2,Negative,Positive,Negative,IIIB
T4b,N2b,M0,p,ANY,ANY,ANY,G2,Negative,Positive,Negative,IIIB
T4c,N2,M0,p,ANY,ANY,ANY,G2,Negative,Positive,Negative,IIIB
T4c,N2a,M0,p,ANY,ANY,ANY,G2,Negative,Positive,Negative,IIIB
T4c,N2b,M0,p,ANY,ANY,ANY,G2,Negative,Positive,Negative,IIIB
T4d,N2,M0,p,ANY,ANY,ANY,G2,Negative,Positive,Negative,IIIB
T4d,N2a,M0,p,ANY,ANY,ANY,G2,Negative,Positive,Negative,IIIB
T4d,N2b,M0,p,ANY,ANY,ANY,G2,Negative,Positive,Negative,IIIB
ANY,N3,M0,p,ANY,ANY,ANY,G2,Negative,Positive,Negative,IIIB
ANY,N3a,M0,p,ANY,ANY,ANY,G2,Negative,Positive,Negative,IIIB
ANY,N3b,M0,p,ANY,ANY,ANY,G2,Negative,Positive,Negative,IIIB
ANY,N3c,M0,p,ANY,ANY,ANY,G2,Negative,Positive,Negative,IIIB
T4,N0,M0,p,ANY,ANY,ANY,G2,Negative,Negative,Positive,IIIB
T4a,N0,M0,p,ANY,ANY,ANY,G2,Negative,Negative,Positive,IIIB
T4b,N0,M0,p,ANY,ANY,ANY,G2,Negative,Negative,Positive,IIIB
T4c,N0,M0,p,ANY,ANY,ANY,G2,Negative,Negative,Positive,IIIB
T4d,N0,M0,p,ANY,ANY,ANY,G2,Negative,Negative,Positive,IIIB
T4,N1,M0,p,ANY,ANY,ANY,G2,Negative,Negative,Positive,IIIB
T4,N1a,M0,p,ANY,ANY,ANY,G2,Negative,Negative,Positive,IIIB
T4,N1b,M0,p,ANY,ANY,ANY,G2,Negative,Negative,Positive,IIIB
T4,N1c,M0,p,ANY,ANY,ANY,G2,Negative,Negative,Positive,IIIB
T4a,N1,M0,p,ANY,ANY,ANY,G2,Negative,Negative,Positive,IIIB
T4a,N1a,M0,p,ANY,ANY,ANY,G2,Negative,Negative,Positive,IIIB
T4a,N1b,M0,p,ANY,ANY,ANY,G2,Negative,Negative,Positive,IIIB
T4a,N1c,M0,p,ANY,ANY,ANY,G2,Negative,Negative,Positive,IIIB
T4b,N1,M0,p,ANY,ANY,ANY,G2,Negative,Negative,Positive,IIIB
T4b,N1a,M0,p,ANY,ANY,ANY,G2,Negative,Negative,Positive,IIIB
T4b,N1b,M0,p,ANY,ANY,ANY,G2,Negative,Negative,Positive,IIIB
T4b,N1c,M0,p,ANY,ANY,ANY,G2,Negative,Negative,Positive,IIIB
T4c,N1,M0,p,ANY,ANY,ANY,G2,Negative,Negative,Positive,IIIB
T4c,N1a,M0,p,ANY,ANY,ANY,G2,Negative,Negative,Positive,IIIB
T4c,N1b,M0,p,ANY,ANY,ANY,G2,Negative,Negative,Positive,IIIB
T4c,N1c,M0,p,ANY,ANY,ANY,G2,Negative,Negative,Positive,IIIB
T4d,N1,M0,p,ANY,ANY,ANY,G2,Negative,Negative,Positive,IIIB
T4d,N1a,M0,p,ANY,ANY,ANY,G2,Negative,Negative,Positive,IIIB
T4d,N1b,M0,p,ANY,ANY,ANY,G2,Negative,Negative,Positive,IIIB
T4d,N1c,M0,p,ANY,ANY,ANY,G2,Negative,Negative,Positive,IIIB
T4,N2,M0,p,ANY,ANY,ANY,G2,Negative,Negative,Positive,IIIB
T4,N2a,M0,p,ANY,ANY,ANY,G2,Negative,Negative,Positive,IIIB
T4,N2b,M0,p,ANY,ANY,ANY,G2,Negative,Negative,Positive,IIIB
T4a,N2,M0,p,ANY,ANY,ANY,G2,Negative,Negative,Positive,IIIB
T4a,N2a,M0,p,ANY,ANY,ANY,G2,Negative,Negative,Positive,IIIB
T4a,N2b,M0,p,ANY,ANY,ANY,G2,Negative,Negative,Positive,IIIB
T4b,N2,M0,p,ANY,ANY,ANY,G2,Negative,Negative,Positive,IIIB
T4b,N2a,M0,p,ANY,ANY,ANY,G2,Negative,Negative,Positive,IIIB
T4b,N2b,M0,p,ANY,ANY,ANY,G2,Negative,Negative,Positive,IIIB
T4c,N2,M0,p,ANY,ANY,ANY,G2,Negative,Negative,Positive,IIIB
T4c,N2a,M0,p,ANY,ANY,ANY,G2,Negative,Negative,Positive,IIIB
T4c,N2b,M0,p,ANY,ANY,ANY,G2,Negative,Negative,Positive,IIIB
T4d,N2,M0,p,ANY,ANY,ANY,G2,Negative,Negative,Positive,IIIB
T4d,N2a,M0,p,ANY,ANY,ANY,G2,Negative,Negative,Positive,IIIB
T4d,N2b,M0,p,ANY,ANY,ANY,G2,Negative,Negative,Positive,IIIB
ANY,N3,M0,p,ANY,ANY,ANY,G2,Negative,Negative,Positive,IIIB
ANY,N3a,M0,p,ANY,ANY,ANY,G2,Negative,Negative,Positive,IIIB
ANY,N3b,M0,p,ANY,ANY,ANY,G2,Negative,Negative,Positive,IIIB
ANY,N3c,M0,p,ANY,ANY,ANY,G2,Negative,Negative,Positive,IIIB
T4,N0,M0,p,ANY,ANY,ANY,G2,Negative,Negative,Negative,IIIC
T4a,N0,M0,p,ANY,ANY,ANY,G2,Negative,Negative,Negative,IIIC
T4b,N0,M0,p,ANY,ANY,ANY,G2,Negative,Negative,Negative,IIIC
T4c,N0,M0,p,ANY,ANY,ANY,G2,Negative,Negative,Negative,IIIC
T4d,N0,M0,p,ANY,ANY,ANY,G2,Negative,Negative,Negative,IIIC
T4,N1,M0,p,ANY,ANY,ANY,G2,Negative,Negative,Negative,IIIC
T4,N1a,M0,p,ANY,ANY,ANY,G2,Negative,Negative,Negative,IIIC
T4,N1b,M0,p,ANY,ANY,ANY,G2,Negative,Negative,Negative,IIIC
T4,N1c,M0,p,ANY,ANY,ANY,G2,Negative,Negative,Negative,IIIC
T4a,N1,M0,p,ANY,ANY,ANY,G2,Negative,Negative,Negative,IIIC
T4a,N1a,M0,p,ANY,ANY,ANY,G2,Negative,Negative,Negative,IIIC
T4a,N1b,M0,p,ANY,ANY,ANY,G2,Negative,Negative,Negative,IIIC
T4a,N1c,M0,p,ANY,ANY,ANY,G2,Negative,Negative,Negative,IIIC
T4b,N1,M0,p,ANY,ANY,ANY,G2,Negative,Negative,Negative,IIIC
T4b,N1a,M0,p,ANY,ANY,ANY,G2,Negative,Negative,Negative,IIIC
T4b,N1b,M0,p,ANY,ANY,ANY,G2,Negative,Negative,Negative,IIIC
T4b,N1c,M0,p,ANY,ANY,ANY,G2,Negative,Negative,Negative,IIIC
T4c,N1,M0,p,ANY,ANY,ANY,G2,Negative,Negative,Negative,IIIC
T4c,N1a,M0,p,ANY,ANY,ANY,G2,Negative,Negative,Negative,IIIC
T4c,N1b,M0,p,ANY,ANY,ANY,G2,Negative,Negative,Negative,IIIC
T4c,N1c,M0,p,ANY,ANY,ANY,G2,Negative,Negative,Negative,IIIC
T4d,N1,M0,p,ANY,ANY,ANY,G2,Negative,Negative,Negative,IIIC
T4d,N1a,M0,p,ANY,ANY,ANY,G2,Negative,Negative,Negative,IIIC
T4d,N1b,M0,p,ANY,ANY,ANY,G2,Negative,Negative,Negative,IIIC
T4d,N1c,M0,p,ANY,ANY,ANY,G2,Negative,Negative,Negative,IIIC
T4,N2,M0,p,ANY,ANY,ANY,G2,Negative,Negative,Negative,IIIC
T4,N2a,M0,p,ANY,ANY,ANY,G2,Negative,Negative,Negative,IIIC
T4,N2b,M0,p,ANY,ANY,ANY,G2,Negative,Negative,Negative,IIIC
T4a,N2,M0,p,ANY,ANY,ANY,G2,Negative,Negative,Negative,IIIC
T4a,N2a,M0,p,ANY,ANY,ANY,G2,Negative,Negative,Negative,IIIC
T4a,N2b,M0,p,ANY,ANY,ANY,G2,Negative,Negative,Negative,IIIC
T4b,N2,M0,p,ANY,ANY,ANY,G2,Negative,Negative,Negative,IIIC
T4b,N2a,M0,p,ANY,ANY,ANY,G2,Negative,Negative,Negative,IIIC
T4b,N2b,M0,p,ANY,ANY,ANY,G2,Negative,Negative,Negative,IIIC
T4c,N2,M0,p,ANY,ANY,ANY,G2,Negative,Negative,Negative,IIIC
T4c,N2a,M0,p,ANY,ANY,ANY,G2,Negative,Negative,Negative,IIIC
T4c,N2b,M0,p,ANY,ANY,ANY,G2,Negative,Negative,Negative,IIIC
T4d,N2,M0,p,ANY,ANY,ANY,G2,Negative,Negative,Negative,IIIC
T4d,N2a,M0,p,ANY,ANY,ANY,G2,Negative,Negative,Negative,IIIC
T4d,N2b,M0,p,ANY,ANY,ANY,G2,Negative,Negative,Negative,IIIC
ANY,N3,M0,p,ANY,ANY,ANY,G2,Negative,Negative,Negative,IIIC
ANY,N3a,M0,p,ANY,ANY,ANY,G2,Negative,Negative,Negative,IIIC
ANY,N3b,M0,p,ANY,ANY,ANY,G2,Negative,Negative,Negative,IIIC
ANY,N3c,M0,p,ANY,ANY,ANY,G2,Negative,Negative,Negative,IIIC
T4,N0,M0,p,ANY,ANY,ANY,G3,Positive,Positive,Positive,IIIB
T4a,N0,M0,p,ANY,ANY,ANY,G3,Positive,Positive,Positive,IIIB
T4b,N0,M0,p,ANY,ANY,ANY,G3,Positive,Positive,Positive,IIIB
T4c,N0,M0,p,ANY,ANY,ANY,G3,Positive,Positive,Positive,IIIB
T4d,N0,M0,p,ANY,ANY,ANY,G3,Positive,Positive,Positive,IIIB
T4,N1,M0,p,ANY,ANY,ANY,G3,Positive,Positive,Positive,IIIB
T4,N1a,M0,p,ANY,ANY,ANY,G3,Positive,Positive,Positive,IIIB
T4,N1b,M0,p,ANY,ANY,ANY,G3,Positive,Positive,Positive,IIIB
T4,N1c,M0,p,ANY,ANY,ANY,G3,Positive,Positive,Positive,IIIB
T4a,N1,M0,p,ANY,ANY,ANY,G3,Positive,Positive,Positive,IIIB
T4a,N1a,M0,p,ANY,ANY,ANY,G3,Positive,Positive,Positive,IIIB
T4a,N1b,M0,p,ANY,ANY,ANY,G3,Positive,Positive,Positive,IIIB
T4a,N1c,M0,p,ANY,ANY,ANY,G3,Positive,Positive,Positive,IIIB
T4b,N1,M0,p,ANY,ANY,ANY,G3,Positive,Positive,Positive,IIIB
T4b,N1a,M0,p,ANY,ANY,ANY,G3,Positive,Positive,Positive,IIIB
T4b,N1b,M0,p,ANY,ANY,ANY,G3,Positive,Positive,Positive,IIIB
T4b,N1c,M0,p,ANY,ANY,ANY,G3,Positive,Positive,Positive,IIIB
T4c,N1,M0,p,ANY,ANY,ANY,G3,Positive,Positive,Positive,IIIB
T4c,N1a,M0,p,ANY,ANY,ANY,G3,Positive,Positive,Positive,IIIB
T4c,N1b,M0,p,ANY,ANY,ANY,G3,Positive,Positive,Positive,IIIB
T4c,N1c,M0,p,ANY,ANY,ANY,G3,Positive,Positive,Positive,IIIB
T4d,N1,M0,p,ANY,ANY,ANY,G3,Positive,Positive,Positive,IIIB
T4d,N1a,M0,p,ANY,ANY,ANY,G3,Positive,Positive,Positive,IIIB
T4d,N1b,M0,p,ANY,ANY,ANY,G3,Positive,Positive,Positive,IIIB
T4d,N1c,M0,p,ANY,ANY,ANY,G3,Positive,Positive,Positive,IIIB
T4,N2,M0,p,ANY,ANY,ANY,G3,Positive,Positive,Positive,IIIB
T4,N2a,M0,p,ANY,ANY,ANY,G3,Positive,Positive,Positive,IIIB
T4,N2b,M0,p,ANY,ANY,ANY,G3,Positive,Positive,Positive,IIIB
T4a,N2,M0,p,ANY,ANY,ANY,G3,Positive,Positive,Positive,IIIB
T4a,N2a,M0,p,ANY,ANY,ANY,G3,Positive,Positive,Positive,IIIB
T4a,N2b,M0,p,ANY,ANY,ANY,G3,Positive,Positive,Positive,IIIB
T4b,N2,M0,p,ANY,ANY,ANY,G3,Positive,Positive,Positive,IIIB
T4b,N2a,M0,p,ANY,ANY,ANY,G3,Positive,Positive,Positive,IIIB
T4b,N2b,M0,p,ANY,ANY,ANY,G3,Positive,Positive,Positive,IIIB
T4c,N2,M0,p,ANY,ANY,ANY,G3,Positive,Positive,Positive,IIIB
T4c,N2a,M0,p,ANY,ANY,ANY,G3,Positive,Positive,Positive,IIIB
T4c,N2b,M0,p,ANY,ANY,ANY,G3,Positive,Positive,Positive,IIIB
T4d,N2,M0,p,ANY,ANY,ANY,G3,Positive,Positive,Positive,IIIB
T4d,N2a,M0,p,ANY,ANY,ANY,G3,Positive,Positive,Positive,IIIB
T4d,N2b,M0,p,ANY,ANY,ANY,G3,Positive,Positive,Positive,IIIB
ANY,N3,M0,p,ANY,ANY,ANY,G3,Positive,Positive,Positive,IIIB
ANY,N3a,M0,p,ANY,ANY,ANY,G3,Positive,Positive,Positive,IIIB
ANY,N3b,M0,p,ANY,ANY,ANY,G3,Positive,Positive,Positive,IIIB
ANY,N3c,M0,p,ANY,ANY,ANY,G3,Positive,Positive,Positive,IIIB
T4,N0,M0,p,ANY,ANY,ANY,G3,Positive,Positive,Negative,IIIB
T4a,N0,M0,p,ANY,ANY,ANY,G3,Positive,Positive,Negative,IIIB
T4b,N0,M0,p,ANY,ANY,ANY,G3,Positive,Positive,Negative,IIIB
T4c,N0,M0,p,ANY,ANY,ANY,G3,Positive,Positive,Negative,IIIB
T4d,N0,M0,p,ANY,ANY,ANY,G3,Positive,Positive,Negative,IIIB
T4,N1,M0,p,ANY,ANY,ANY,G3,Positive,Positive,Negative,IIIB
T4,N1a,M0,p,ANY,ANY,ANY,G3,Positive,Positive,Negative,IIIB
T4,N1b,M0,p,ANY,ANY,ANY,G3,Positive,Positive,Negative,IIIB
T4,N1c,M0,p,ANY,ANY,ANY,G3,Positive,Positive,Negative,IIIB
T4a,N1,M0,p,ANY,ANY,ANY,G3,Positive,Positive,Negative,IIIB
T4a,N1a,M0,p,ANY,ANY,ANY,G3,Positive,Positive,Negative,IIIB
T4a,N1b,M0,p,ANY,ANY,ANY,G3,Positive,Positive,Negative,IIIB
T4a,N1c,M0,p,ANY,ANY,ANY,G3,Positive,Positive,Negative,IIIB
T4b,N1,M0,p,ANY,ANY,ANY,G3,Positive,Positive,Negative,IIIB
T4b,N1a,M0,p,ANY,ANY,ANY,G3,Positive,Positive,Negative,IIIB
T4b,N1b,M0,p,ANY,ANY,ANY,G3,Positive,Positive,Negative,IIIB
T4b,N1c,M0,p,ANY,ANY,ANY,G3,Positive,Positive,Negative,IIIB
T4c,N1,M0,p,ANY,ANY,ANY,G3,Positive,Positive,Negative,IIIB
T4c,N1a,M0,p,ANY,ANY,ANY,G3,Positive,Positive,Negative,IIIB
T4c,N1b,M0,p,ANY,ANY,ANY,G3,Positive,Positive,Negative,IIIB
T4c,N1c,M0,p,ANY,ANY,ANY,G3,Positive,Positive,Negative,IIIB
T4d,N1,M0,p,ANY,ANY,ANY,G3,Positive,Positive,Negative,IIIB
T4d,N1a,M0,p,ANY,ANY,ANY,G3,Positive,Positive,Negative,IIIB
T4d,N1b,M0,p,ANY,ANY,ANY,G3,Positive,Positive,Negative,IIIB
T4d,N1c,M0,p,ANY,ANY,ANY,G3,Positive,Positive,Negative,IIIB
T4,N2,M0,p,ANY,ANY,ANY,G3,Positive,Positive,Negative,IIIB
T4,N2a,M0,p,ANY,ANY,ANY,G3,Positive,Positive,Negative,IIIB
T4,N2b,M0,p,ANY,ANY,ANY,G3,Positive,Positive,Negative,IIIB
T4a,N2,M0,p,ANY,ANY,ANY,G3,Positive,Positive,Negative,IIIB
T4a,N2a,M0,p,ANY,ANY,ANY,G3,Positive,Positive,Negative,IIIB
T4a,N2b,M0,p,ANY,ANY,ANY,G3,Positive,Positive,Negative,IIIB
T4b,N2,M0,p,ANY,ANY,ANY,G3,Positive,Positive,Negative,IIIB
T4b,N2a,M0,p,ANY,ANY,ANY,G3,Positive,Positive,Negative,IIIB
T4b,N2b,M0,p,ANY,ANY,ANY,G3,Positive,Positive,Negative,IIIB
T4c,N2,M0,p,ANY,ANY,ANY,G3,Positive,Positive,Negative,IIIB
T4c,N2a,M0,p,ANY,ANY,ANY,G3,Positive,Positive,Negative,IIIB
T4c,N2b,M0,p,ANY,ANY,ANY,G3,Positive,Positive,Negative,IIIB
T4d,N2,M0,p,ANY,ANY,ANY,G3,Positive,Positive,Negative,IIIB
T4d,N2a,M0,p,ANY,ANY,ANY,G3,Positive,Positive,Negative,IIIB
T4d,N2b,M0,p,ANY,ANY,ANY,G3,Positive,Positive,Negative,IIIB
ANY,N3,M0,p,ANY,ANY,ANY,G3,Positive,Positive,Negative,IIIB
ANY,N3a,M0,p,ANY,ANY,ANY,G3,Positive,Positive,Negative,IIIB
ANY,N3b,M0,p,ANY,ANY,ANY,G3,Positive,Positive,Negative,IIIB
ANY,N3c,M0,p,ANY,ANY,ANY,G3,Positive,Positive,Negative,IIIB
T4,N0,M0,p,ANY,ANY,ANY,G3,Positive,Negative,Positive,IIIB
T4a,N0,M0,p,ANY,ANY,ANY,G3,Positive,Negative,Positive,IIIB
T4b,N0,M0,p,ANY,ANY,ANY,G3,Positive,Negative,Positive,IIIB
T4c,N0,M0,p,ANY,ANY,ANY,G3,Positive,Negative,Positive,IIIB
T4d,N0,M0,p,ANY,ANY,ANY,G3,Positive,Negative,Positive,IIIB
T4,N1,M0,p,ANY,ANY,ANY,G3,Positive,Negative,Positive,IIIB
T4,N1a,M0,p,ANY,ANY,ANY,G3,Positive,Negative,Positive,IIIB
T4,N1b,M0,p,ANY,ANY,ANY,G3,Positive,Negative,Positive,IIIB
T4,N1c,M0,p,ANY,ANY,ANY,G3,Positive,Negative,Positive,IIIB
T4a,N1,M0,p,ANY,ANY,ANY,G3,Positive,Negative,Positive,IIIB
T4a,N1a,M0,p,ANY,ANY,ANY,G3,Positive,Negative,Positive,IIIB
T4a,N1b,M0,p,ANY,ANY,ANY,G3,Positive,Negative,Positive,IIIB
T4a,N1c,M0,p,ANY,ANY,ANY,G3,Positive,Negative,Positive,IIIB
T4b,N1,M0,p,ANY,ANY,ANY,G3,Positive,Negative,Positive,IIIB
T4b,N1a,M0,p,ANY,ANY,ANY,G3,Positive,Negative,Positive,IIIB
T4b,N1b,M0,p,ANY,ANY,ANY,G3,Positive,Negative,Positive,IIIB
T4b,N1c,M0,p,ANY,ANY,ANY,G3,Positive,Negative,Positive,IIIB
T4c,N1,M0,p,ANY,ANY,ANY,G3,Positive,Negative,Positive,IIIB
T4c,N1a,M0,p,ANY,ANY,ANY,G3,Positive,Negative,Positive,IIIB
T4c,N1b,M0,p,ANY,ANY,ANY,G3,Positive,Negative,Positive,IIIB
T4c,N1c,M0,p,ANY,ANY,ANY,G3,Positive,Negative,Positive,IIIB
T4d,N1,M0,p,ANY,ANY,ANY,G3,Positive,Negative,Positive,IIIB
T4d,N1a,M0,p,ANY,ANY,ANY,G3,Positive,Negative,Positive,IIIB
T4d,N1b,M0,p,ANY,ANY,ANY,G3,Positive,Negative,Positive,IIIB
T4d,N1c,M0,p,ANY,ANY,ANY,G3,Positive,Negative,Positive,IIIB
T4,N2,M0,p,ANY,ANY,ANY,G3,Positive,Negative,Positive,IIIB
T4,N2a,M0,p,ANY,ANY,ANY,G3,Positive,Negative,Positive,IIIB
T4,N2b,M0,p,ANY,ANY,ANY,G3,Positive,Negative,Positive,IIIB
T4a,N2,M0,p,ANY,ANY,ANY,G3,Positive,Negative,Positive,IIIB
T4a,N2a,M0,p,ANY,ANY,ANY,G3,Positive,Negative,Positive,IIIB
T4a,N2b,M0,p,ANY,ANY,ANY,G3,Positive,Negative,Positive,IIIB
T4b,N2,M0,p,ANY,ANY,ANY,G3,Positive,Negative,Positive,IIIB
T4b,N2a,M0,p,ANY,ANY,ANY,G3,Positive,Negative,Positive,IIIB
T4b,N2b,M0,p,ANY,ANY,ANY,G3,Positive,Negative,Positive,IIIB
T4c,N2,M0,p,ANY,ANY,ANY,G3,Positive,Negative,Positive,IIIB
T4c,N2a,M0,p,ANY,ANY,ANY,G3,Positive,Negative,Positive,IIIB
T4c,N2b,M0,p,ANY,ANY,ANY,G3,Positive,Negative,Positive,IIIB
T4d,N2,M0,p,ANY,ANY,ANY,G3,Positive,Negative,Positive,IIIB
T4d,N2a,M0,p,ANY,ANY,ANY,G3,Positive,Negative,Positive,IIIB
T4d,N2b,M0,p,ANY,ANY,ANY,G3,Positive,Negative,Positive,IIIB
ANY,N3,M0,p,ANY,ANY,ANY,G3,Positive,Negative,Positive,IIIB
ANY,N3a,M0,p,ANY,ANY,ANY,G3,Positive,Negative,Positive,IIIB
ANY,N3b,M0,p,ANY,ANY,ANY,G3,Positive,Negative,Positive,IIIB
ANY,N3c,M0,p,ANY,ANY,ANY,G3,Positive,Negative,Positive,IIIB
T4,N0,M0,p,ANY,ANY,ANY,G3,Positive,Negative,Negative,IIIB
T4a,N0,M0,p,ANY,ANY,ANY,G3,Positive,Negative,Negative,IIIB
T4b,N0,M0,p,ANY,ANY,ANY,G3,Positive,Negative,Negative,IIIB
T4c,N0,M0,p,ANY,ANY,ANY,G3,Positive,Negative,Negative,IIIB
T4d,N0,M0,p,ANY,ANY,ANY,G3,Positive,Negative,Negative,IIIB
T4,N1,M0,p,ANY,ANY,ANY,G3,Positive,Negative,Negative,IIIB
T4,N1a,M0,p,ANY,ANY,ANY,G3,Positive,Negative,Negative,IIIB
T4,N1b,M0,p,ANY,ANY,ANY,G3,Positive,Negative,Negative,IIIB
T4,N1c,M0,p,ANY,ANY,ANY,G3,Positive,Negative,Negative,IIIB
T4a,N1,M0,p,ANY,ANY,ANY,G3,Positive,Negative,Negative,IIIB
T4a,N1a,M0,p,ANY,ANY,ANY,G3,Positive,Negative,Negative,IIIB
T4a,N1b,M0,p,ANY,ANY,ANY,G3,Positive,Negative,Negative,IIIB
T4a,N1c,M0,p,ANY,ANY,ANY,G3,Positive,Negative,Negative,IIIB
T4b,N1,M0,p,ANY,ANY,ANY,G3,Positive,Negative,Negative,IIIB
T4b,N1a,M0,p,ANY,ANY,ANY,G3,Positive,Negative,Negative,IIIB
T4b,N1b,M0,p,ANY,ANY,ANY,G3,Positive,Negative,Negative,IIIB
T4b,N1c,M0,p,ANY,ANY,ANY,G3,Positive,Negative,Negative,IIIB
T4c,N1,M0,p,ANY,ANY,ANY,G3,Positive,Negative,Negative,IIIB
T4c,N1a,M0,p,ANY,ANY,ANY,G3,Positive,Negative,Negative,IIIB
T4c,N1b,M0,p,ANY,ANY,ANY,G3,Positive,Negative,Negative,IIIB
T4c,N1c,M0,p,ANY,ANY,ANY,G3,Positive,Negative,Negative,IIIB
T4d,N1,M0,p,ANY,ANY,ANY,G3,Positive,Negative,Negative,IIIB
T4d,N1a,M0,p,ANY,ANY,ANY,G3,Positive,Negative,Negative,IIIB
T4d,N1b,M0,p,ANY,ANY,ANY,G3,Positive,Negative,Negative,IIIB
T4d,N1c,M0,p,ANY,ANY,ANY,G3,Positive,Negative,Negative,IIIB
T4,N2,M0,p,ANY,ANY,ANY,G3,Positive,Negative,Negative,IIIB
T4,N2a,M0,p,ANY,ANY,ANY,G3,Positive,Negative,Negative,IIIB
T4,N2b,M0,p,ANY,ANY,ANY,G3,Positive,Negative,Negative,IIIB
T4a,N2,M0,p,ANY,ANY,ANY,G3,Positive,Negative,Negative,IIIB
T4a,N2a,M0,p,ANY,ANY,ANY,G3,Positive,Negative,Negative,IIIB
T4a,N2b,M0,p,ANY,ANY,ANY,G3,Positive,Negative,Negative,IIIB
T4b,N2,M0,p,ANY,ANY,ANY,G3,Positive,Negative,Negative,IIIB
T4b,N2a,M0,p,ANY,ANY,ANY,G3,Positive,Negative,Negative,IIIB
T4b,N2b,M0,p,ANY,ANY,ANY,G3,Positive,Negative,Negative,IIIB
T4c,N2,M0,p,ANY,ANY,ANY,G3,Positive,Negative,Negative,IIIB
T4c,N2a,M0,p,ANY,ANY,ANY,G3,Positive,Negative,Negative,IIIB
T4c,N2b,M0,p,ANY,ANY,ANY,G3,Positive,Negative,Negative,IIIB
T4d,N2,M0,p,ANY,ANY,ANY,G3,Positive,Negative,Negative,IIIB
T4d,N2a,M0,p,ANY,ANY,ANY,G3,Positive,Negative,Negative,IIIB
T4d,N2b,M0,p,ANY,ANY,ANY,G3,Positive,Negative,Negative,IIIB
ANY,N3,M0,p,ANY,ANY,ANY,G3,Positive,Negative,Negative,IIIB
ANY,N3a,M0,p,ANY,ANY,ANY,G3,Positive,Negative,Negative,IIIB
ANY,N3b,M0,p,ANY,ANY,ANY,G3,Positive,Negative,Negative,IIIB
ANY,N3c,M0,p,ANY,ANY,ANY,G3,Positive,Negative,Negative,IIIB
T4,N0,M0,p,ANY,ANY,ANY,G3,Negative,Positive,Positive,IIIB
T4a,N0,M0,p,ANY,ANY,ANY,G3,Negative,Positive,Positive,IIIB
T4b,N0,M0,p,ANY,ANY,ANY,G3,Negative,Positive,Positive,IIIB
T4c,N0,M0,p,ANY,ANY,ANY,G3,Negative,Positive,Positive,IIIB
T4d,N0,M0,p,ANY,ANY,ANY,G3,Negative,Positive,Positive,IIIB
T4,N1,M0,p,ANY,ANY,ANY,G3,Negative,Positive,Positive,IIIB
T4,N1a,M0,p,ANY,ANY,ANY,G3,Negative,Positive,Positive,IIIB
T4,N1b,M0,p,ANY,ANY,ANY,G3,Negative,Positive,Positive,IIIB
T4,N1c,M0,p,ANY,ANY,ANY,G3,Negative,Positive,Positive,IIIB
T4a,N1,M0,p,ANY,ANY,ANY,G3,Negative,Positive,Positive,IIIB
T4a,N1a,M0,p,ANY,ANY,ANY,G3,Negative,Positive,Positive,IIIB
T4a,N1b,M0,p,ANY,ANY,ANY,G3,Negative,Positive,Positive,IIIB
T4a,N1c,M0,p,ANY,ANY,ANY,G3,Negative,Positive,Positive,IIIB
T4b,N1,M0,p,ANY,ANY,ANY,G3,Negative,Positive,Positive,IIIB
T4b,N1a,M0,p,ANY,ANY,ANY,G3,Negative,Positive,Positive,IIIB
T4b,N1b,M0,p,ANY,ANY,ANY,G3,Negative,Positive,Positive,IIIB
T4b,N1c,M0,p,ANY,ANY,ANY,G3,Negative,Positive,Positive,IIIB
T4c,N1,M0,p,ANY,ANY,ANY,G3,Negative,Positive,Positive,IIIB
T4c,N1a,M0,p,ANY,ANY,ANY,G3,Negative,Positive,Positive,IIIB
T4c,N1b,M0,p,ANY,ANY,ANY,G3,Negative,Positive,Positive,IIIB
T4c,N1c,M0,p,ANY,ANY,ANY,G3,Negative,Positive,Positive,IIIB
T4d,N1,M0,p,ANY,ANY,ANY,G3,Negative,Positive,Positive,IIIB
T4d,N1a,M0,p,ANY,ANY,ANY,G3,Negative,Positive,Positive,IIIB
T4d,N1b,M0,p,ANY,ANY,ANY,G3,Negative,Positive,Positive,IIIB
T4d,N1c,M0,p,ANY,ANY,ANY,G3,Negative,Positive,Positive,IIIB
T4,N2,M0,p,ANY,ANY,ANY,G3,Negative,Positive,Positive,IIIB
T4,N2a,M0,p,ANY,ANY,ANY,G3,Negative,Positive,Positive,IIIB
T4,N2b,M0,p,ANY,ANY,ANY,G3,Negative,Positive,Positive,IIIB
T4a,N2,M0,p,ANY,ANY,ANY,G3,Negative,Positive,Positive,IIIB
T4a,N2a,M0,p,ANY,ANY,ANY,G3,Negative,Positive,Positive,IIIB
T4a,N2b,M0,p,ANY,ANY,ANY,G3,Negative,Positive,Positive,IIIB
T4b,N2,M0,p,ANY,ANY,ANY,G3,Negative,Positive,Positive,IIIB
T4b,N2a,M0,p,ANY,ANY,ANY,G3,Negative,Positive,Positive,IIIB
T4b,N2b,M0,p,ANY,ANY,ANY,G3,Negative,Positive,Positive,IIIB
T4c,N2,M0,p,ANY,ANY,ANY,G3,Negative,Positive,Positive,IIIB
T4c,N2a,M0,p,ANY,ANY,ANY,G3,Negative,Positive,Positive,IIIB
T4c,N2b,M0,p,ANY,ANY,ANY,G3,Negative,Positive,Positive,IIIB
T4d,N2,M0,p,ANY,ANY,ANY,G3,Negative,Positive,Positive,IIIB
T4d,N2a,M0,p,ANY,ANY,ANY,G3,Negative,Positive,Positive,IIIB
T4d,N2b,M0,p,ANY,ANY,ANY,G3,Negative,Positive,Positive,IIIB
ANY,N3,M0,p,ANY,ANY,ANY,G3,Negative,Positive,Positive,IIIB
ANY,N3a,M0,p,ANY,ANY,ANY,G3,Negative,Positive,Positive,IIIB
ANY,N3b,M0,p,ANY,ANY,ANY,G3,Negative,Positive,Positive,IIIB
ANY,N3c,M0,p,ANY,ANY,ANY,G3,Negative,Positive,Positive,IIIB
T4,N0,M0,p,ANY,ANY,ANY,G3,Negative,Positive,Negative,IIIC
T4a,N0,M0,p,ANY,ANY,ANY,G3,Negative,Positive,Negative,IIIC
T4b,N0,M0,p,ANY,ANY,ANY,G3,Negative,Positive,Negative,IIIC
T4c,N0,M0,p,ANY,ANY,ANY,G3,Negative,Positive,Negative,IIIC
T4d,N0,M0,p,ANY,ANY,ANY,G3,Negative,Positive,Negative,IIIC
T4,N1,M0,p,ANY,ANY,ANY,G3,Negative,Positive,Negative,IIIC
T4,N1a,M0,p,ANY,ANY,ANY,G3,Negative,Positive,Negative,IIIC
T4,N1b,M0,p,ANY,ANY,ANY,G3,Negative,Positive,Negative,IIIC
T4,N1c,M0,p,ANY,ANY,ANY,G3,Negative,Positive,Negative,IIIC
T4a,N1,M0,p,ANY,ANY,ANY,G3,Negative,Positive,Negative,IIIC
T4a,N1a,M0,p,ANY,ANY,ANY,G3,Negative,Positive,Negative,IIIC
T4a,N1b,M0,p,ANY,ANY,ANY,G3,Negative,Positive,Negative,IIIC
T4a,N1c,M0,p,ANY,ANY,ANY,G3,Negative,Positive,Negative,IIIC
T4b,N1,M0,p,ANY,ANY,ANY,G3,Negative,Positive,Negative,IIIC
T4b,N1a,M0,p,ANY,ANY,ANY,G3,Negative,Positive,Negative,IIIC
T4b,N1b,M0,p,ANY,ANY,ANY,G3,Negative,Positive,Negative,IIIC
T4b,N1c,M0,p,ANY,ANY,ANY,G3,Negative,Positive,Negative,IIIC
T4c,N1,M0,p,ANY,ANY,ANY,G3,Negative,Positive,Negative,IIIC
T4c,N1a,M0,p,ANY,ANY,ANY,G3,Negative,Positive,Negative,IIIC
T4c,N1b,M0,p,ANY,ANY,ANY,G3,Negative,Positive,Negative,IIIC
T4c,N1c,M0,p,ANY,ANY,ANY,G3,Negative,Positive,Negative,IIIC
T4d,N1,M0,p,ANY,ANY,ANY,G3,Negative,Positive,Negative,IIIC
T4d,N1a,M0,p,ANY,ANY,ANY,G3,Negative,Positive,Negative,IIIC
T4d,N1b,M0,p,ANY,ANY,ANY,G3,Negative,Positive,Negative,IIIC
T4d,N1c,M0,p,ANY,ANY,ANY,G3,Negative,Positive,Negative,IIIC
T4,N2,M0,p,ANY,ANY,ANY,G3,Negative,Positive,Negative,IIIC
T4,N2a,M0,p,ANY,ANY,ANY,G3,Negative,Positive,Negative,IIIC
T4,N2b,M0,p,ANY,ANY,ANY,G3,Negative,Positive,Negative,IIIC
T4a,N2,M0,p,ANY,ANY,ANY,G3,Negative,Positive,Negative,IIIC
T4a,N2a,M0,p,ANY,ANY,ANY,G3,Negative,Positive,Negative,IIIC
T4a,N2b,M0,p,ANY,ANY,ANY,G3,Negative,Positive,Negative,IIIC
T4b,N2,M0,p,ANY,ANY,ANY,G3,Negative,Positive,Negative,IIIC
T4b,N2a,M0,p,ANY,ANY,ANY,G3,Negative,Positive,Negative,IIIC
T4b,N2b,M0,p,ANY,ANY,ANY,G3,Negative,Positive,Negative,IIIC
T4c,N2,M0,p,ANY,ANY,ANY,G3,Negative,Positive,Negative,IIIC
T4c,N2a,M0,p,ANY,ANY,ANY,G3,Negative,Positive,Negative,IIIC
T4c,N2b,M0,p,ANY,ANY,ANY,G3,Negative,Positive,Negative,IIIC
T4d,N2,M0,p,ANY,ANY,ANY,G3,Negative,Positive,Negative,IIIC
T4d,N2a,M0,p,ANY,ANY,ANY,G3,Negative,Positive,Negative,IIIC
T4d,N2b,M0,p,ANY,ANY,ANY,G3,Negative,Positive,Negative,IIIC
ANY,N3,M0,p,ANY,ANY,ANY,G3,Negative,Positive,Negative,IIIC
ANY,N3a,M0,p,ANY,ANY,ANY,G3,Negative,Positive,Negative,IIIC
ANY,N3b,M0,p,ANY,ANY,ANY,G3,Negative,Positive,Negative,IIIC
ANY,N3c,M0,p,ANY,ANY,ANY,G3,Negative,Positive,Negative,IIIC
T4,N0,M0,p,ANY,ANY,ANY,G3,Negative,Negative,Positive,IIIC
T4a,N0,M0,p,ANY,ANY,ANY,G3,Negative,Negative,Positive,IIIC
T4b,N0,M0,p,ANY,ANY,ANY,G3,Negative,Negative,Positive,IIIC
T4c,N0,M0,p,ANY,ANY,ANY,G3,Negative,Negative,Positive,IIIC
T4d,N0,M0,p,ANY,ANY,ANY,G3,Negative,Negative,Positive,IIIC
T4,N1,M0,p,ANY,ANY,ANY,G3,Negative,Negative,Positive,IIIC
T4,N1a,M0,p,ANY,ANY,ANY,G3,Negative,Negative,Positive,IIIC
T4,N1b,M0,p,ANY,ANY,ANY,G3,Negative,Negative,Positive,IIIC
T4,N1c,M0,p,ANY,ANY,ANY,G3,Negative,Negative,Positive,IIIC
T4a,N1,M0,p,ANY,ANY,ANY,G3,Negative,Negative,Positive,IIIC
T4a,N1a,M0,p,ANY,ANY,ANY,G3,Negative,Negative,Positive,IIIC
T4a,N1b,M0,p,ANY,ANY,ANY,G3,Negative,Negative,Positive,IIIC
T4a,N1c,M0,p,ANY,ANY,ANY,G3,Negative,Negative,Positive,IIIC
T4b,N1,M0,p,ANY,ANY,ANY,G3,Negative,Negative,Positive,IIIC
T4b,N1a,M0,p,ANY,ANY,ANY,G3,Negative,Negative,Positive,IIIC
T4b,N1b,M0,p,ANY,ANY,ANY,G3,Negative,Negative,Positive,IIIC
T4b,N1c,M0,p,ANY,ANY,ANY,G3,Negative,Negative,Positive,IIIC
T4c,N1,M0,p,ANY,ANY,ANY,G3,Negative,Negative,Positive,IIIC
T4c,N1a,M0,p,ANY,ANY,ANY,G3,Negative,Negative,Positive,IIIC
T4c,N1b,M0,p,ANY,ANY,ANY,G3,Negative,Negative,Positive,IIIC
T4c,N1c,M0,p,ANY,ANY,ANY,G3,Negative,Negative,Positive,IIIC
T4d,N1,M0,p,ANY,ANY,ANY,G3,Negative,Negative,Positive,IIIC
T4d,N1a,M0,p,ANY,ANY,ANY,G3,Negative,Negative,Positive,IIIC
T4d,N1b,M0,p,ANY,ANY,ANY,G3,Negative,Negative,Positive,IIIC
T4d,N1c,M0,p,ANY,ANY,ANY,G3,Negative,Negative,Positive,IIIC
T4,N2,M0,p,ANY,ANY,ANY,G3,Negative,Negative,Positive,IIIC
T4,N2a,M0,p,ANY,ANY,ANY,G3,Negative,Negative,Positive,IIIC
T4,N2b,M0,p,ANY,ANY,ANY,G3,Negative,Negative,Positive,IIIC
T4a,N2,M0,p,ANY,ANY,ANY,G3,Negative,Negative,Positive,IIIC
T4a,N2a,M0,p,ANY,ANY,ANY,G3,Negative,Negative,Positive,IIIC
T4a,N2b,M0,p,ANY,ANY,ANY,G3,Negative,Negative,Positive,IIIC
T4b,N2,M0,p,ANY,ANY,ANY,G3,Negative,Negative,Positive,IIIC
T4b,N2a,M0,p,ANY,ANY,ANY,G3,Negative,Negative,Positive,IIIC
T4b,N2b,M0,p,ANY,ANY,ANY,G3,Negative,Negative,Positive,IIIC
T4c,N2,M0,p,ANY,ANY,ANY,G3,Negative,Negative,Positive,IIIC
T4c,N2a,M0,p,ANY,ANY,ANY,G3,Negative,Negative,Positive,IIIC
T4c,N2b,M0,p,ANY,ANY,ANY,G3,Negative,Negative,Positive,IIIC
T4d,N2,M0,p,ANY,ANY,ANY,G3,Negative,Negative,Positive,IIIC
T4d,N2a,M0,p,ANY,ANY,ANY,G3,Negative,Negative,Positive,IIIC
T4d,N2b,M0,p,ANY,ANY,ANY,G3,Negative,Negative,Positive,IIIC
ANY,N3,M0,p,ANY,ANY,ANY,G3,Negative,Negative,Positive,IIIC
ANY,N3a,M0,p,ANY,ANY,ANY,G3,Negative,Negative,Positive,IIIC
ANY,N3b,M0,p,ANY,ANY,ANY,G3,Negative,Negative,Positive,IIIC
ANY,N3c,M0,p,ANY,ANY,ANY,G3,Negative,Negative,Positive,IIIC
T4,N0,M0,p,ANY,ANY,ANY,G3,Negative,Negative,Negative,IIIC
T4a,N0,M0,p,ANY,ANY,ANY,G3,Negative,Negative,Negative,IIIC
T4b,N0,M0,p,ANY,ANY,ANY,G3,Negative,Negative,Negative,IIIC
T4c,N0,M0,p,ANY,ANY,ANY,G3,Negative,Negative,Negative,IIIC
T4d,N0,M0,p,ANY,ANY,ANY,G3,Negative,Negative,Negative,IIIC
T4,N1,M0,p,ANY,ANY,ANY,G3,Negative,Negative,Negative,IIIC
T4,N1a,M0,p,ANY,ANY,ANY,G3,Negative,Negative,Negative,IIIC
T4,N1b,M0,p,ANY,ANY,ANY,G3,Negative,Negative,Negative,IIIC
T4,N1c,M0,p,ANY,ANY,ANY,G3,Negative,Negative,Negative,IIIC
T4a,N1,M0,p,ANY,ANY,ANY,G3,Negative,Negative,Negative,IIIC
T4a,N1a,M0,p,ANY,ANY,ANY,G3,Negative,Negative,Negative,IIIC
T4a,N1b,M0,p,ANY,ANY,ANY,G3,Negative,Negative,Negative,IIIC
T4a,N1c,M0,p,ANY,ANY,ANY,G3,Negative,Negative,Negative,IIIC
T4b,N1,M0,p,ANY,ANY,ANY,G3,Negative,Negative,Negative,IIIC
T4b,N1a,M0,p,ANY,ANY,ANY,G3,Negative,Negative,Negative,IIIC
T4b,N1b,M0,p,ANY,ANY,ANY,G3,Negative,Negative,Negative,IIIC
T4b,N1c,M0,p,ANY,ANY,ANY,G3,Negative,Negative,Negative,IIIC
T4c,N1,M0,p,ANY,ANY,ANY,G3,Negative,Negative,Negative,IIIC
T4c,N1a,M0,p,ANY,ANY,ANY,G3,Negative,Negative,Negative,IIIC
T4c,N1b,M0,p,ANY,ANY,ANY,G3,Negative,Negative,Negative,IIIC
T4c,N1c,M0,p,ANY,ANY,ANY,G3,Negative,Negative,Negative,IIIC
T4d,N1,M0,p,ANY,ANY,ANY,G3,Negative,Negative,Negative,IIIC
T4d,N1a,M0,p,ANY,ANY,ANY,G3,Negative,Negative,Negative,IIIC
T4d,N1b,M0,p,ANY,ANY,ANY,G3,Negative,Negative,Negative,IIIC
T4d,N1c,M0,p,ANY,ANY,ANY,G3,Negative,Negative,Negative,IIIC
T4,N2,M0,p,ANY,ANY,ANY,G3,Negative,Negative,Negative,IIIC
T4,N2a,M0,p,ANY,ANY,ANY,G3,Negative,Negative,Negative,IIIC
T4,N2b,M0,p,ANY,ANY,ANY,G3,Negative,Negative,Negative,IIIC
T4a,N2,M0,p,ANY,ANY,ANY,G3,Negative,Negative,Negative,IIIC
T4a,N2a,M0,p,ANY,ANY,ANY,G3,Negative,Negative,Negative,IIIC
T4a,N2b,M0,p,ANY,ANY,ANY,G3,Negative,Negative,Negative,IIIC
T4b,N2,M0,p,ANY,ANY,ANY,G3,Negative,Negative,Negative,IIIC
T4b,N2a,M0,p,ANY,ANY,ANY,G3,Negative,Negative,Negative,IIIC
T4b,N2b,M0,p,ANY,ANY,ANY,G3,Negative,Negative,Negative,IIIC
T4c,N2,M0,p,ANY,ANY,ANY,G3,Negative,Negative,Negative,IIIC
T4c,N2a,M0,p,ANY,ANY,ANY,G3,Negative,Negative,Negative,IIIC
T4c,N2b,M0,p,ANY,ANY,ANY,G3,Negative,Negative,Negative,IIIC
T4d,N2,M0,p,ANY,ANY,ANY,G3,Negative,Negative,Negative,IIIC
T4d,N2a,M0,p,ANY,ANY,ANY,G3,Negative,Negative,Negative,IIIC
T4d,N2b,M0,p,ANY,ANY,ANY,G3,Negative,Negative,Negative,IIIC
ANY,N3,M0,p,ANY,ANY,ANY,G3,Negative,Negative,Negative,IIIC
ANY,N3a,M0,p,ANY,ANY,ANY,G3,Negative,Negative,Negative,IIIC
ANY,N3b,M0,p,ANY,ANY,ANY,G3,Negative,Negative,Negative,IIIC
ANY,N3c,M0,p,ANY,ANY,ANY,G3,Negative,Negative,Negative,IIIC
ANY,ANY,M1,p,ANY,ANY,ANY,ANY,ANY,ANY,ANY,IV
